ISO-10303-21;
HEADER;
/* Generated by software containing ST-Developer
 * from STEP Tools, Inc. (www.steptools.com) 
 */
/* OPTION: using custom schema-name function */

FILE_DESCRIPTION(
/* description */ (''),
/* implementation_level */ '2;1');

FILE_NAME(
/* name */ '2157601002wbm000_02_214.stp',
/* time_stamp */ '2023-10-27T11:51:09+05:00',
/* author */ (''),
/* organization */ (''),
/* preprocessor_version */ 'ST-DEVELOPER v16.7',
/* originating_system */ 'SIEMENS PLM Software NX 1919',
/* authorisation */ '');

FILE_SCHEMA (('AUTOMOTIVE_DESIGN { 1 0 10303 214 3 1 1 1 }'));
ENDSEC;

DATA;
#10=SHAPE_REPRESENTATION_RELATIONSHIP('None',
'relationship between 2157601002wbm000_02-None and 2157601002wbm000_02
-None',#22,#11);
#11=ADVANCED_BREP_SHAPE_REPRESENTATION('2157601002wbm000_02-None',(#32),
#2585);
#12=SHAPE_DEFINITION_REPRESENTATION(#13,#22);
#13=PRODUCT_DEFINITION_SHAPE('','',#14);
#14=PRODUCT_DEFINITION(' ','',#16,#15);
#15=PRODUCT_DEFINITION_CONTEXT('part definition',#21,'design');
#16=PRODUCT_DEFINITION_FORMATION_WITH_SPECIFIED_SOURCE(' ',' ',#18,
 .NOT_KNOWN.);
#17=PRODUCT_RELATED_PRODUCT_CATEGORY('part','',(#18));
#18=PRODUCT('2157601002wbm000_02','2157601002wbm000_02',' ',(#19));
#19=PRODUCT_CONTEXT(' ',#21,'mechanical');
#20=APPLICATION_PROTOCOL_DEFINITION('international standard',
'automotive_design',2010,#21);
#21=APPLICATION_CONTEXT(
'core data for automotive mechanical design processes');
#22=SHAPE_REPRESENTATION('2157601002wbm000_02-None',(#1578),#2585);
#23=PRESENTATION_LAYER_ASSIGNMENT('1','Layer 1',(#32));
#24=STYLED_ITEM('',(#25),#32);
#25=PRESENTATION_STYLE_ASSIGNMENT((#26));
#26=SURFACE_STYLE_USAGE(.BOTH.,#27);
#27=SURFACE_SIDE_STYLE('',(#28));
#28=SURFACE_STYLE_FILL_AREA(#29);
#29=FILL_AREA_STYLE('',(#30));
#30=FILL_AREA_STYLE_COLOUR('',#31);
#31=COLOUR_RGB('Medium Steel',0.596063172350652,0.666666666666667,0.686259250782025);
#32=MANIFOLD_SOLID_BREP('',#33);
#33=CLOSED_SHELL('',(#144,#145,#146,#147,#148,#149,#150,#151,#152,#153,
#154,#155,#156,#157,#158,#159,#160,#161,#162,#163,#164,#165,#166,#167,#168,
#169,#170,#171,#172,#173,#174,#175,#176,#177,#178,#179,#180,#181,#182,#183,
#184,#185,#186,#187,#188,#189,#190,#191,#192,#193,#194,#195,#196,#197,#198,
#199,#200,#201,#202,#203,#204,#205,#206,#207,#208,#209,#210,#211,#212,#213,
#214,#215,#216,#217,#218,#219,#220,#221,#222,#223,#224,#225,#226,#227,#228,
#229,#230,#231));
#34=CYLINDRICAL_SURFACE('',#1584,0.582);
#35=CYLINDRICAL_SURFACE('',#1615,1.1);
#36=CYLINDRICAL_SURFACE('',#1620,1.1);
#37=CYLINDRICAL_SURFACE('',#1623,1.4);
#38=CYLINDRICAL_SURFACE('',#1627,1.4);
#39=CYLINDRICAL_SURFACE('',#1632,0.582);
#40=CONICAL_SURFACE('',#1582,0.653181267822857,33.);
#41=CONICAL_SURFACE('',#1629,0.653181267822857,33.);
#42=CIRCLE('',#1581,1.4);
#43=CIRCLE('',#1583,0.582);
#44=CIRCLE('',#1587,1.1);
#45=CIRCLE('',#1589,1.1);
#46=CIRCLE('',#1597,1.1);
#47=CIRCLE('',#1599,0.582);
#48=CIRCLE('',#1604,1.1);
#49=CIRCLE('',#1614,1.1);
#50=CIRCLE('',#1619,1.1);
#51=CIRCLE('',#1622,1.4);
#52=CIRCLE('',#1625,1.4);
#53=CIRCLE('',#1626,1.4);
#54=B_SPLINE_CURVE_WITH_KNOTS('',3,(#2111,#2112,#2113,#2114,#2115,#2116),
 .UNSPECIFIED.,.F.,.F.,(4,2,4),(0.,0.5,1.),.UNSPECIFIED.);
#55=B_SPLINE_CURVE_WITH_KNOTS('',3,(#2121,#2122,#2123,#2124,#2125,#2126),
 .UNSPECIFIED.,.F.,.F.,(4,2,4),(0.,0.5,1.),.UNSPECIFIED.);
#56=B_SPLINE_CURVE_WITH_KNOTS('',3,(#2128,#2129,#2130,#2131,#2132,#2133,
#2134,#2135,#2136,#2137,#2138,#2139,#2140,#2141,#2142,#2143,#2144,#2145,
#2146,#2147,#2148,#2149,#2150,#2151,#2152,#2153,#2154,#2155),
 .UNSPECIFIED.,.F.,.F.,(4,2,2,2,2,2,2,2,2,2,2,2,2,4),(0.,0.0625000000000003,
0.125000000000001,0.187500000000001,0.250000000000001,0.375000000000001,
0.437500000000001,0.500000000000001,0.625,0.75,0.8125,0.875,0.9375,1.),
 .UNSPECIFIED.);
#57=B_SPLINE_CURVE_WITH_KNOTS('',3,(#2162,#2163,#2164,#2165,#2166,#2167,
#2168,#2169,#2170,#2171,#2172,#2173,#2174,#2175,#2176,#2177,#2178,#2179,
#2180,#2181,#2182,#2183,#2184,#2185,#2186,#2187,#2188,#2189),
 .UNSPECIFIED.,.F.,.F.,(4,2,2,2,2,2,2,2,2,2,2,2,2,4),(0.,0.0624999999999998,
0.125,0.187499999999999,0.249999999999999,0.374999999999999,0.499999999999999,
0.562499999999999,0.624999999999999,0.749999999999999,0.8125,0.875,0.9375,
1.),.UNSPECIFIED.);
#58=B_SPLINE_CURVE_WITH_KNOTS('',3,(#2195,#2196,#2197,#2198,#2199,#2200),
 .UNSPECIFIED.,.F.,.F.,(4,2,4),(0.,0.5,1.),.UNSPECIFIED.);
#59=B_SPLINE_CURVE_WITH_KNOTS('',3,(#2208,#2209,#2210,#2211,#2212,#2213),
 .UNSPECIFIED.,.F.,.F.,(4,2,4),(0.,0.5,1.),.UNSPECIFIED.);
#60=FACE_OUTER_BOUND('',#326,.T.);
#61=FACE_OUTER_BOUND('',#327,.T.);
#62=FACE_OUTER_BOUND('',#328,.T.);
#63=FACE_OUTER_BOUND('',#329,.T.);
#64=FACE_OUTER_BOUND('',#330,.T.);
#65=FACE_OUTER_BOUND('',#331,.T.);
#66=FACE_OUTER_BOUND('',#332,.T.);
#67=FACE_OUTER_BOUND('',#340,.T.);
#68=FACE_OUTER_BOUND('',#341,.T.);
#69=FACE_OUTER_BOUND('',#342,.T.);
#70=FACE_OUTER_BOUND('',#343,.T.);
#71=FACE_OUTER_BOUND('',#344,.T.);
#72=FACE_OUTER_BOUND('',#345,.T.);
#73=FACE_OUTER_BOUND('',#346,.T.);
#74=FACE_OUTER_BOUND('',#347,.T.);
#75=FACE_OUTER_BOUND('',#348,.T.);
#76=FACE_OUTER_BOUND('',#349,.T.);
#77=FACE_OUTER_BOUND('',#350,.T.);
#78=FACE_OUTER_BOUND('',#351,.T.);
#79=FACE_OUTER_BOUND('',#352,.T.);
#80=FACE_OUTER_BOUND('',#353,.T.);
#81=FACE_OUTER_BOUND('',#354,.T.);
#82=FACE_OUTER_BOUND('',#355,.T.);
#83=FACE_OUTER_BOUND('',#356,.T.);
#84=FACE_OUTER_BOUND('',#357,.T.);
#85=FACE_OUTER_BOUND('',#358,.T.);
#86=FACE_OUTER_BOUND('',#359,.T.);
#87=FACE_OUTER_BOUND('',#360,.T.);
#88=FACE_OUTER_BOUND('',#361,.T.);
#89=FACE_OUTER_BOUND('',#362,.T.);
#90=FACE_OUTER_BOUND('',#363,.T.);
#91=FACE_OUTER_BOUND('',#364,.T.);
#92=FACE_OUTER_BOUND('',#365,.T.);
#93=FACE_OUTER_BOUND('',#366,.T.);
#94=FACE_OUTER_BOUND('',#367,.T.);
#95=FACE_OUTER_BOUND('',#368,.T.);
#96=FACE_OUTER_BOUND('',#369,.T.);
#97=FACE_OUTER_BOUND('',#370,.T.);
#98=FACE_OUTER_BOUND('',#371,.T.);
#99=FACE_OUTER_BOUND('',#372,.T.);
#100=FACE_OUTER_BOUND('',#373,.T.);
#101=FACE_OUTER_BOUND('',#374,.T.);
#102=FACE_OUTER_BOUND('',#375,.T.);
#103=FACE_OUTER_BOUND('',#376,.T.);
#104=FACE_OUTER_BOUND('',#377,.T.);
#105=FACE_OUTER_BOUND('',#378,.T.);
#106=FACE_OUTER_BOUND('',#379,.T.);
#107=FACE_OUTER_BOUND('',#383,.T.);
#108=FACE_OUTER_BOUND('',#384,.T.);
#109=FACE_OUTER_BOUND('',#385,.T.);
#110=FACE_OUTER_BOUND('',#386,.T.);
#111=FACE_OUTER_BOUND('',#387,.T.);
#112=FACE_OUTER_BOUND('',#388,.T.);
#113=FACE_OUTER_BOUND('',#389,.T.);
#114=FACE_OUTER_BOUND('',#390,.T.);
#115=FACE_OUTER_BOUND('',#391,.T.);
#116=FACE_OUTER_BOUND('',#392,.T.);
#117=FACE_OUTER_BOUND('',#393,.T.);
#118=FACE_OUTER_BOUND('',#394,.T.);
#119=FACE_OUTER_BOUND('',#395,.T.);
#120=FACE_OUTER_BOUND('',#396,.T.);
#121=FACE_OUTER_BOUND('',#397,.T.);
#122=FACE_OUTER_BOUND('',#398,.T.);
#123=FACE_OUTER_BOUND('',#399,.T.);
#124=FACE_OUTER_BOUND('',#400,.T.);
#125=FACE_OUTER_BOUND('',#401,.T.);
#126=FACE_OUTER_BOUND('',#402,.T.);
#127=FACE_OUTER_BOUND('',#403,.T.);
#128=FACE_OUTER_BOUND('',#404,.T.);
#129=FACE_OUTER_BOUND('',#405,.T.);
#130=FACE_OUTER_BOUND('',#406,.T.);
#131=FACE_OUTER_BOUND('',#407,.T.);
#132=FACE_OUTER_BOUND('',#408,.T.);
#133=FACE_OUTER_BOUND('',#409,.T.);
#134=FACE_OUTER_BOUND('',#410,.T.);
#135=FACE_OUTER_BOUND('',#411,.T.);
#136=FACE_OUTER_BOUND('',#412,.T.);
#137=FACE_OUTER_BOUND('',#413,.T.);
#138=FACE_OUTER_BOUND('',#414,.T.);
#139=FACE_OUTER_BOUND('',#415,.T.);
#140=FACE_OUTER_BOUND('',#416,.T.);
#141=FACE_OUTER_BOUND('',#417,.T.);
#142=FACE_OUTER_BOUND('',#418,.T.);
#143=FACE_OUTER_BOUND('',#419,.T.);
#144=ADVANCED_FACE('',(#312,#313),#232,.F.);
#145=ADVANCED_FACE('',(#60),#233,.T.);
#146=ADVANCED_FACE('',(#61),#40,.T.);
#147=ADVANCED_FACE('',(#62),#34,.T.);
#148=ADVANCED_FACE('',(#63),#234,.F.);
#149=ADVANCED_FACE('',(#64),#235,.F.);
#150=ADVANCED_FACE('',(#65),#236,.T.);
#151=ADVANCED_FACE('',(#66),#237,.T.);
#152=ADVANCED_FACE('',(#314,#315),#238,.T.);
#153=ADVANCED_FACE('',(#316,#317,#318,#319,#320),#239,.F.);
#154=ADVANCED_FACE('',(#67),#240,.F.);
#155=ADVANCED_FACE('',(#68),#241,.F.);
#156=ADVANCED_FACE('',(#69),#242,.F.);
#157=ADVANCED_FACE('',(#70),#243,.T.);
#158=ADVANCED_FACE('',(#71),#244,.T.);
#159=ADVANCED_FACE('',(#72),#245,.T.);
#160=ADVANCED_FACE('',(#73),#246,.F.);
#161=ADVANCED_FACE('',(#74),#247,.T.);
#162=ADVANCED_FACE('',(#75),#248,.T.);
#163=ADVANCED_FACE('',(#76),#249,.T.);
#164=ADVANCED_FACE('',(#77),#250,.T.);
#165=ADVANCED_FACE('',(#78),#251,.F.);
#166=ADVANCED_FACE('',(#79),#252,.T.);
#167=ADVANCED_FACE('',(#80),#253,.F.);
#168=ADVANCED_FACE('',(#81),#254,.F.);
#169=ADVANCED_FACE('',(#82),#255,.F.);
#170=ADVANCED_FACE('',(#83),#256,.F.);
#171=ADVANCED_FACE('',(#84),#257,.T.);
#172=ADVANCED_FACE('',(#85),#35,.T.);
#173=ADVANCED_FACE('',(#86),#258,.F.);
#174=ADVANCED_FACE('',(#87),#259,.F.);
#175=ADVANCED_FACE('',(#88),#260,.F.);
#176=ADVANCED_FACE('',(#89),#36,.T.);
#177=ADVANCED_FACE('',(#90),#261,.F.);
#178=ADVANCED_FACE('',(#91),#37,.T.);
#179=ADVANCED_FACE('',(#92),#262,.F.);
#180=ADVANCED_FACE('',(#93),#38,.T.);
#181=ADVANCED_FACE('',(#94),#263,.F.);
#182=ADVANCED_FACE('',(#95),#41,.T.);
#183=ADVANCED_FACE('',(#96),#264,.T.);
#184=ADVANCED_FACE('',(#97),#265,.T.);
#185=ADVANCED_FACE('',(#98),#39,.T.);
#186=ADVANCED_FACE('',(#99),#266,.T.);
#187=ADVANCED_FACE('',(#100),#267,.T.);
#188=ADVANCED_FACE('',(#101),#268,.T.);
#189=ADVANCED_FACE('',(#102),#269,.T.);
#190=ADVANCED_FACE('',(#103),#270,.T.);
#191=ADVANCED_FACE('',(#104),#271,.T.);
#192=ADVANCED_FACE('',(#105),#272,.T.);
#193=ADVANCED_FACE('',(#106),#273,.T.);
#194=ADVANCED_FACE('',(#321,#322,#323),#274,.T.);
#195=ADVANCED_FACE('',(#107),#275,.T.);
#196=ADVANCED_FACE('',(#108),#276,.F.);
#197=ADVANCED_FACE('',(#109),#277,.T.);
#198=ADVANCED_FACE('',(#110),#278,.F.);
#199=ADVANCED_FACE('',(#111),#279,.F.);
#200=ADVANCED_FACE('',(#112),#280,.F.);
#201=ADVANCED_FACE('',(#113),#281,.F.);
#202=ADVANCED_FACE('',(#114),#282,.F.);
#203=ADVANCED_FACE('',(#115),#283,.T.);
#204=ADVANCED_FACE('',(#116),#284,.F.);
#205=ADVANCED_FACE('',(#117),#285,.F.);
#206=ADVANCED_FACE('',(#118),#286,.F.);
#207=ADVANCED_FACE('',(#119),#287,.F.);
#208=ADVANCED_FACE('',(#120),#288,.F.);
#209=ADVANCED_FACE('',(#121),#289,.T.);
#210=ADVANCED_FACE('',(#122),#290,.F.);
#211=ADVANCED_FACE('',(#123),#291,.T.);
#212=ADVANCED_FACE('',(#124),#292,.F.);
#213=ADVANCED_FACE('',(#125),#293,.F.);
#214=ADVANCED_FACE('',(#126),#294,.F.);
#215=ADVANCED_FACE('',(#127),#295,.T.);
#216=ADVANCED_FACE('',(#128),#296,.F.);
#217=ADVANCED_FACE('',(#129),#297,.F.);
#218=ADVANCED_FACE('',(#130),#298,.F.);
#219=ADVANCED_FACE('',(#131),#299,.F.);
#220=ADVANCED_FACE('',(#132),#300,.F.);
#221=ADVANCED_FACE('',(#133),#301,.T.);
#222=ADVANCED_FACE('',(#134),#302,.F.);
#223=ADVANCED_FACE('',(#135),#303,.F.);
#224=ADVANCED_FACE('',(#136),#304,.F.);
#225=ADVANCED_FACE('',(#137),#305,.F.);
#226=ADVANCED_FACE('',(#138),#306,.F.);
#227=ADVANCED_FACE('',(#139),#307,.T.);
#228=ADVANCED_FACE('',(#140),#308,.F.);
#229=ADVANCED_FACE('',(#141),#309,.T.);
#230=ADVANCED_FACE('',(#142),#310,.F.);
#231=ADVANCED_FACE('',(#143),#311,.F.);
#232=PLANE('',#1579);
#233=PLANE('',#1580);
#234=PLANE('',#1585);
#235=PLANE('',#1586);
#236=PLANE('',#1588);
#237=PLANE('',#1590);
#238=PLANE('',#1591);
#239=PLANE('',#1592);
#240=PLANE('',#1593);
#241=PLANE('',#1594);
#242=PLANE('',#1595);
#243=PLANE('',#1596);
#244=PLANE('',#1598);
#245=PLANE('',#1600);
#246=PLANE('',#1601);
#247=PLANE('',#1602);
#248=PLANE('',#1603);
#249=PLANE('',#1605);
#250=PLANE('',#1606);
#251=PLANE('',#1607);
#252=PLANE('',#1608);
#253=PLANE('',#1609);
#254=PLANE('',#1610);
#255=PLANE('',#1611);
#256=PLANE('',#1612);
#257=PLANE('',#1613);
#258=PLANE('',#1616);
#259=PLANE('',#1617);
#260=PLANE('',#1618);
#261=PLANE('',#1621);
#262=PLANE('',#1624);
#263=PLANE('',#1628);
#264=PLANE('',#1630);
#265=PLANE('',#1631);
#266=PLANE('',#1633);
#267=PLANE('',#1634);
#268=PLANE('',#1635);
#269=PLANE('',#1636);
#270=PLANE('',#1637);
#271=PLANE('',#1638);
#272=PLANE('',#1639);
#273=PLANE('',#1640);
#274=PLANE('',#1641);
#275=PLANE('',#1642);
#276=PLANE('',#1643);
#277=PLANE('',#1644);
#278=PLANE('',#1645);
#279=PLANE('',#1646);
#280=PLANE('',#1647);
#281=PLANE('',#1648);
#282=PLANE('',#1649);
#283=PLANE('',#1650);
#284=PLANE('',#1651);
#285=PLANE('',#1652);
#286=PLANE('',#1653);
#287=PLANE('',#1654);
#288=PLANE('',#1655);
#289=PLANE('',#1656);
#290=PLANE('',#1657);
#291=PLANE('',#1658);
#292=PLANE('',#1659);
#293=PLANE('',#1660);
#294=PLANE('',#1661);
#295=PLANE('',#1662);
#296=PLANE('',#1663);
#297=PLANE('',#1664);
#298=PLANE('',#1665);
#299=PLANE('',#1666);
#300=PLANE('',#1667);
#301=PLANE('',#1668);
#302=PLANE('',#1669);
#303=PLANE('',#1670);
#304=PLANE('',#1671);
#305=PLANE('',#1672);
#306=PLANE('',#1673);
#307=PLANE('',#1674);
#308=PLANE('',#1675);
#309=PLANE('',#1676);
#310=PLANE('',#1677);
#311=PLANE('',#1678);
#312=FACE_BOUND('',#324,.T.);
#313=FACE_BOUND('',#325,.T.);
#314=FACE_BOUND('',#333,.T.);
#315=FACE_BOUND('',#334,.T.);
#316=FACE_BOUND('',#335,.T.);
#317=FACE_BOUND('',#336,.T.);
#318=FACE_BOUND('',#337,.T.);
#319=FACE_BOUND('',#338,.T.);
#320=FACE_BOUND('',#339,.T.);
#321=FACE_BOUND('',#380,.T.);
#322=FACE_BOUND('',#381,.T.);
#323=FACE_BOUND('',#382,.T.);
#324=EDGE_LOOP('',(#420,#421,#422,#423));
#325=EDGE_LOOP('',(#424,#425,#426,#427,#428,#429,#430,#431,#432,#433));
#326=EDGE_LOOP('',(#434,#435,#436,#437));
#327=EDGE_LOOP('',(#438,#439,#440,#441));
#328=EDGE_LOOP('',(#442,#443,#444,#445));
#329=EDGE_LOOP('',(#446,#447,#448,#449));
#330=EDGE_LOOP('',(#450,#451,#452,#453));
#331=EDGE_LOOP('',(#454,#455,#456,#457,#458));
#332=EDGE_LOOP('',(#459,#460,#461,#462,#463));
#333=EDGE_LOOP('',(#464,#465,#466,#467));
#334=EDGE_LOOP('',(#468,#469,#470,#471));
#335=EDGE_LOOP('',(#472,#473,#474,#475));
#336=EDGE_LOOP('',(#476,#477,#478,#479));
#337=EDGE_LOOP('',(#480,#481,#482,#483));
#338=EDGE_LOOP('',(#484,#485,#486,#487));
#339=EDGE_LOOP('',(#488,#489,#490,#491));
#340=EDGE_LOOP('',(#492,#493,#494,#495));
#341=EDGE_LOOP('',(#496,#497,#498,#499));
#342=EDGE_LOOP('',(#500,#501,#502,#503));
#343=EDGE_LOOP('',(#504,#505,#506,#507,#508));
#344=EDGE_LOOP('',(#509,#510,#511,#512,#513));
#345=EDGE_LOOP('',(#514,#515,#516,#517,#518,#519,#520,#521,#522,#523));
#346=EDGE_LOOP('',(#524,#525,#526,#527));
#347=EDGE_LOOP('',(#528,#529,#530,#531));
#348=EDGE_LOOP('',(#532,#533,#534,#535,#536,#537,#538,#539,#540,#541));
#349=EDGE_LOOP('',(#542,#543,#544,#545,#546));
#350=EDGE_LOOP('',(#547,#548,#549,#550,#551));
#351=EDGE_LOOP('',(#552,#553,#554,#555));
#352=EDGE_LOOP('',(#556,#557,#558,#559));
#353=EDGE_LOOP('',(#560,#561,#562,#563));
#354=EDGE_LOOP('',(#564,#565,#566,#567));
#355=EDGE_LOOP('',(#568,#569,#570,#571));
#356=EDGE_LOOP('',(#572,#573,#574,#575));
#357=EDGE_LOOP('',(#576,#577,#578,#579));
#358=EDGE_LOOP('',(#580,#581,#582,#583,#584));
#359=EDGE_LOOP('',(#585,#586,#587,#588,#589,#590));
#360=EDGE_LOOP('',(#591,#592,#593,#594,#595,#596));
#361=EDGE_LOOP('',(#597,#598,#599,#600,#601,#602));
#362=EDGE_LOOP('',(#603,#604,#605,#606,#607));
#363=EDGE_LOOP('',(#608,#609,#610,#611,#612,#613));
#364=EDGE_LOOP('',(#614,#615,#616,#617));
#365=EDGE_LOOP('',(#618,#619,#620,#621));
#366=EDGE_LOOP('',(#622,#623,#624,#625));
#367=EDGE_LOOP('',(#626,#627,#628,#629));
#368=EDGE_LOOP('',(#630,#631,#632,#633));
#369=EDGE_LOOP('',(#634,#635,#636,#637));
#370=EDGE_LOOP('',(#638,#639,#640,#641));
#371=EDGE_LOOP('',(#642,#643,#644,#645));
#372=EDGE_LOOP('',(#646,#647,#648,#649));
#373=EDGE_LOOP('',(#650,#651,#652,#653));
#374=EDGE_LOOP('',(#654,#655,#656,#657));
#375=EDGE_LOOP('',(#658,#659,#660,#661));
#376=EDGE_LOOP('',(#662,#663,#664,#665));
#377=EDGE_LOOP('',(#666,#667,#668,#669));
#378=EDGE_LOOP('',(#670,#671,#672,#673));
#379=EDGE_LOOP('',(#674,#675,#676,#677));
#380=EDGE_LOOP('',(#678,#679,#680,#681));
#381=EDGE_LOOP('',(#682,#683,#684,#685));
#382=EDGE_LOOP('',(#686,#687,#688,#689,#690,#691,#692,#693,#694,#695));
#383=EDGE_LOOP('',(#696,#697,#698,#699));
#384=EDGE_LOOP('',(#700,#701,#702,#703));
#385=EDGE_LOOP('',(#704,#705,#706,#707));
#386=EDGE_LOOP('',(#708,#709,#710,#711));
#387=EDGE_LOOP('',(#712,#713,#714,#715));
#388=EDGE_LOOP('',(#716,#717,#718,#719));
#389=EDGE_LOOP('',(#720,#721,#722,#723));
#390=EDGE_LOOP('',(#724,#725,#726,#727));
#391=EDGE_LOOP('',(#728,#729,#730,#731));
#392=EDGE_LOOP('',(#732,#733,#734,#735));
#393=EDGE_LOOP('',(#736,#737,#738,#739));
#394=EDGE_LOOP('',(#740,#741,#742,#743));
#395=EDGE_LOOP('',(#744,#745,#746,#747));
#396=EDGE_LOOP('',(#748,#749,#750,#751));
#397=EDGE_LOOP('',(#752,#753,#754,#755));
#398=EDGE_LOOP('',(#756,#757,#758,#759));
#399=EDGE_LOOP('',(#760,#761,#762,#763));
#400=EDGE_LOOP('',(#764,#765,#766,#767));
#401=EDGE_LOOP('',(#768,#769,#770,#771));
#402=EDGE_LOOP('',(#772,#773,#774,#775));
#403=EDGE_LOOP('',(#776,#777,#778,#779));
#404=EDGE_LOOP('',(#780,#781,#782,#783));
#405=EDGE_LOOP('',(#784,#785,#786,#787));
#406=EDGE_LOOP('',(#788,#789,#790,#791));
#407=EDGE_LOOP('',(#792,#793,#794,#795));
#408=EDGE_LOOP('',(#796,#797,#798,#799));
#409=EDGE_LOOP('',(#800,#801,#802,#803));
#410=EDGE_LOOP('',(#804,#805,#806,#807));
#411=EDGE_LOOP('',(#808,#809,#810,#811));
#412=EDGE_LOOP('',(#812,#813,#814,#815));
#413=EDGE_LOOP('',(#816,#817,#818,#819));
#414=EDGE_LOOP('',(#820,#821,#822,#823));
#415=EDGE_LOOP('',(#824,#825,#826,#827));
#416=EDGE_LOOP('',(#828,#829,#830,#831));
#417=EDGE_LOOP('',(#832,#833,#834,#835));
#418=EDGE_LOOP('',(#836,#837,#838,#839));
#419=EDGE_LOOP('',(#840,#841,#842,#843));
#420=ORIENTED_EDGE('',*,*,#978,.T.);
#421=ORIENTED_EDGE('',*,*,#979,.F.);
#422=ORIENTED_EDGE('',*,*,#980,.F.);
#423=ORIENTED_EDGE('',*,*,#981,.T.);
#424=ORIENTED_EDGE('',*,*,#982,.F.);
#425=ORIENTED_EDGE('',*,*,#983,.F.);
#426=ORIENTED_EDGE('',*,*,#984,.F.);
#427=ORIENTED_EDGE('',*,*,#985,.F.);
#428=ORIENTED_EDGE('',*,*,#986,.F.);
#429=ORIENTED_EDGE('',*,*,#987,.F.);
#430=ORIENTED_EDGE('',*,*,#988,.F.);
#431=ORIENTED_EDGE('',*,*,#989,.F.);
#432=ORIENTED_EDGE('',*,*,#990,.F.);
#433=ORIENTED_EDGE('',*,*,#991,.F.);
#434=ORIENTED_EDGE('',*,*,#983,.T.);
#435=ORIENTED_EDGE('',*,*,#992,.T.);
#436=ORIENTED_EDGE('',*,*,#993,.T.);
#437=ORIENTED_EDGE('',*,*,#994,.T.);
#438=ORIENTED_EDGE('',*,*,#995,.T.);
#439=ORIENTED_EDGE('',*,*,#996,.T.);
#440=ORIENTED_EDGE('',*,*,#997,.T.);
#441=ORIENTED_EDGE('',*,*,#998,.T.);
#442=ORIENTED_EDGE('',*,*,#999,.F.);
#443=ORIENTED_EDGE('',*,*,#1000,.F.);
#444=ORIENTED_EDGE('',*,*,#1001,.T.);
#445=ORIENTED_EDGE('',*,*,#1002,.T.);
#446=ORIENTED_EDGE('',*,*,#1003,.F.);
#447=ORIENTED_EDGE('',*,*,#1002,.F.);
#448=ORIENTED_EDGE('',*,*,#1004,.T.);
#449=ORIENTED_EDGE('',*,*,#1005,.T.);
#450=ORIENTED_EDGE('',*,*,#1006,.F.);
#451=ORIENTED_EDGE('',*,*,#1007,.T.);
#452=ORIENTED_EDGE('',*,*,#1008,.T.);
#453=ORIENTED_EDGE('',*,*,#1000,.T.);
#454=ORIENTED_EDGE('',*,*,#1009,.F.);
#455=ORIENTED_EDGE('',*,*,#1010,.F.);
#456=ORIENTED_EDGE('',*,*,#1011,.F.);
#457=ORIENTED_EDGE('',*,*,#1012,.T.);
#458=ORIENTED_EDGE('',*,*,#1013,.T.);
#459=ORIENTED_EDGE('',*,*,#1014,.F.);
#460=ORIENTED_EDGE('',*,*,#1015,.F.);
#461=ORIENTED_EDGE('',*,*,#1016,.T.);
#462=ORIENTED_EDGE('',*,*,#1017,.T.);
#463=ORIENTED_EDGE('',*,*,#1018,.F.);
#464=ORIENTED_EDGE('',*,*,#1019,.T.);
#465=ORIENTED_EDGE('',*,*,#980,.T.);
#466=ORIENTED_EDGE('',*,*,#1020,.T.);
#467=ORIENTED_EDGE('',*,*,#1021,.T.);
#468=ORIENTED_EDGE('',*,*,#1022,.T.);
#469=ORIENTED_EDGE('',*,*,#1023,.T.);
#470=ORIENTED_EDGE('',*,*,#1024,.F.);
#471=ORIENTED_EDGE('',*,*,#1025,.F.);
#472=ORIENTED_EDGE('',*,*,#1026,.F.);
#473=ORIENTED_EDGE('',*,*,#1027,.T.);
#474=ORIENTED_EDGE('',*,*,#1028,.F.);
#475=ORIENTED_EDGE('',*,*,#1029,.F.);
#476=ORIENTED_EDGE('',*,*,#1030,.F.);
#477=ORIENTED_EDGE('',*,*,#1031,.T.);
#478=ORIENTED_EDGE('',*,*,#1032,.F.);
#479=ORIENTED_EDGE('',*,*,#1033,.F.);
#480=ORIENTED_EDGE('',*,*,#1034,.F.);
#481=ORIENTED_EDGE('',*,*,#1035,.F.);
#482=ORIENTED_EDGE('',*,*,#1036,.F.);
#483=ORIENTED_EDGE('',*,*,#978,.F.);
#484=ORIENTED_EDGE('',*,*,#1037,.F.);
#485=ORIENTED_EDGE('',*,*,#1038,.T.);
#486=ORIENTED_EDGE('',*,*,#1039,.T.);
#487=ORIENTED_EDGE('',*,*,#1040,.F.);
#488=ORIENTED_EDGE('',*,*,#1041,.F.);
#489=ORIENTED_EDGE('',*,*,#1042,.F.);
#490=ORIENTED_EDGE('',*,*,#1043,.T.);
#491=ORIENTED_EDGE('',*,*,#1044,.T.);
#492=ORIENTED_EDGE('',*,*,#1034,.T.);
#493=ORIENTED_EDGE('',*,*,#981,.F.);
#494=ORIENTED_EDGE('',*,*,#1019,.F.);
#495=ORIENTED_EDGE('',*,*,#1045,.T.);
#496=ORIENTED_EDGE('',*,*,#1036,.T.);
#497=ORIENTED_EDGE('',*,*,#1046,.F.);
#498=ORIENTED_EDGE('',*,*,#1020,.F.);
#499=ORIENTED_EDGE('',*,*,#979,.T.);
#500=ORIENTED_EDGE('',*,*,#1035,.T.);
#501=ORIENTED_EDGE('',*,*,#1045,.F.);
#502=ORIENTED_EDGE('',*,*,#1021,.F.);
#503=ORIENTED_EDGE('',*,*,#1046,.T.);
#504=ORIENTED_EDGE('',*,*,#1047,.T.);
#505=ORIENTED_EDGE('',*,*,#1037,.T.);
#506=ORIENTED_EDGE('',*,*,#1048,.F.);
#507=ORIENTED_EDGE('',*,*,#1049,.F.);
#508=ORIENTED_EDGE('',*,*,#1017,.F.);
#509=ORIENTED_EDGE('',*,*,#1050,.F.);
#510=ORIENTED_EDGE('',*,*,#1049,.T.);
#511=ORIENTED_EDGE('',*,*,#1051,.F.);
#512=ORIENTED_EDGE('',*,*,#1052,.F.);
#513=ORIENTED_EDGE('',*,*,#1053,.F.);
#514=ORIENTED_EDGE('',*,*,#1054,.T.);
#515=ORIENTED_EDGE('',*,*,#1015,.T.);
#516=ORIENTED_EDGE('',*,*,#1055,.F.);
#517=ORIENTED_EDGE('',*,*,#1056,.T.);
#518=ORIENTED_EDGE('',*,*,#1057,.T.);
#519=ORIENTED_EDGE('',*,*,#1058,.T.);
#520=ORIENTED_EDGE('',*,*,#1059,.T.);
#521=ORIENTED_EDGE('',*,*,#1052,.T.);
#522=ORIENTED_EDGE('',*,*,#1060,.F.);
#523=ORIENTED_EDGE('',*,*,#1039,.F.);
#524=ORIENTED_EDGE('',*,*,#1048,.T.);
#525=ORIENTED_EDGE('',*,*,#1040,.T.);
#526=ORIENTED_EDGE('',*,*,#1060,.T.);
#527=ORIENTED_EDGE('',*,*,#1051,.T.);
#528=ORIENTED_EDGE('',*,*,#1047,.F.);
#529=ORIENTED_EDGE('',*,*,#1016,.F.);
#530=ORIENTED_EDGE('',*,*,#1054,.F.);
#531=ORIENTED_EDGE('',*,*,#1038,.F.);
#532=ORIENTED_EDGE('',*,*,#1061,.T.);
#533=ORIENTED_EDGE('',*,*,#1042,.T.);
#534=ORIENTED_EDGE('',*,*,#1062,.F.);
#535=ORIENTED_EDGE('',*,*,#1063,.F.);
#536=ORIENTED_EDGE('',*,*,#1064,.F.);
#537=ORIENTED_EDGE('',*,*,#1006,.T.);
#538=ORIENTED_EDGE('',*,*,#999,.T.);
#539=ORIENTED_EDGE('',*,*,#1003,.T.);
#540=ORIENTED_EDGE('',*,*,#1065,.T.);
#541=ORIENTED_EDGE('',*,*,#1013,.F.);
#542=ORIENTED_EDGE('',*,*,#1066,.F.);
#543=ORIENTED_EDGE('',*,*,#1067,.F.);
#544=ORIENTED_EDGE('',*,*,#1063,.T.);
#545=ORIENTED_EDGE('',*,*,#1068,.F.);
#546=ORIENTED_EDGE('',*,*,#1069,.F.);
#547=ORIENTED_EDGE('',*,*,#1070,.T.);
#548=ORIENTED_EDGE('',*,*,#1011,.T.);
#549=ORIENTED_EDGE('',*,*,#1069,.T.);
#550=ORIENTED_EDGE('',*,*,#1071,.F.);
#551=ORIENTED_EDGE('',*,*,#1044,.F.);
#552=ORIENTED_EDGE('',*,*,#1062,.T.);
#553=ORIENTED_EDGE('',*,*,#1041,.T.);
#554=ORIENTED_EDGE('',*,*,#1071,.T.);
#555=ORIENTED_EDGE('',*,*,#1068,.T.);
#556=ORIENTED_EDGE('',*,*,#1061,.F.);
#557=ORIENTED_EDGE('',*,*,#1012,.F.);
#558=ORIENTED_EDGE('',*,*,#1070,.F.);
#559=ORIENTED_EDGE('',*,*,#1043,.F.);
#560=ORIENTED_EDGE('',*,*,#1072,.T.);
#561=ORIENTED_EDGE('',*,*,#1022,.F.);
#562=ORIENTED_EDGE('',*,*,#1073,.F.);
#563=ORIENTED_EDGE('',*,*,#1074,.T.);
#564=ORIENTED_EDGE('',*,*,#1075,.T.);
#565=ORIENTED_EDGE('',*,*,#1076,.F.);
#566=ORIENTED_EDGE('',*,*,#1077,.F.);
#567=ORIENTED_EDGE('',*,*,#1024,.T.);
#568=ORIENTED_EDGE('',*,*,#1078,.T.);
#569=ORIENTED_EDGE('',*,*,#1074,.F.);
#570=ORIENTED_EDGE('',*,*,#1079,.F.);
#571=ORIENTED_EDGE('',*,*,#1076,.T.);
#572=ORIENTED_EDGE('',*,*,#1073,.T.);
#573=ORIENTED_EDGE('',*,*,#1025,.T.);
#574=ORIENTED_EDGE('',*,*,#1077,.T.);
#575=ORIENTED_EDGE('',*,*,#1079,.T.);
#576=ORIENTED_EDGE('',*,*,#1072,.F.);
#577=ORIENTED_EDGE('',*,*,#1078,.F.);
#578=ORIENTED_EDGE('',*,*,#1075,.F.);
#579=ORIENTED_EDGE('',*,*,#1023,.F.);
#580=ORIENTED_EDGE('',*,*,#1018,.T.);
#581=ORIENTED_EDGE('',*,*,#1050,.T.);
#582=ORIENTED_EDGE('',*,*,#1080,.F.);
#583=ORIENTED_EDGE('',*,*,#1081,.F.);
#584=ORIENTED_EDGE('',*,*,#1082,.T.);
#585=ORIENTED_EDGE('',*,*,#1053,.T.);
#586=ORIENTED_EDGE('',*,*,#1059,.F.);
#587=ORIENTED_EDGE('',*,*,#1083,.F.);
#588=ORIENTED_EDGE('',*,*,#1084,.T.);
#589=ORIENTED_EDGE('',*,*,#1085,.T.);
#590=ORIENTED_EDGE('',*,*,#1080,.T.);
#591=ORIENTED_EDGE('',*,*,#1014,.T.);
#592=ORIENTED_EDGE('',*,*,#1082,.F.);
#593=ORIENTED_EDGE('',*,*,#1086,.T.);
#594=ORIENTED_EDGE('',*,*,#1087,.F.);
#595=ORIENTED_EDGE('',*,*,#1088,.F.);
#596=ORIENTED_EDGE('',*,*,#1055,.T.);
#597=ORIENTED_EDGE('',*,*,#1067,.T.);
#598=ORIENTED_EDGE('',*,*,#1089,.F.);
#599=ORIENTED_EDGE('',*,*,#1090,.T.);
#600=ORIENTED_EDGE('',*,*,#1091,.F.);
#601=ORIENTED_EDGE('',*,*,#1007,.F.);
#602=ORIENTED_EDGE('',*,*,#1064,.T.);
#603=ORIENTED_EDGE('',*,*,#1066,.T.);
#604=ORIENTED_EDGE('',*,*,#1010,.T.);
#605=ORIENTED_EDGE('',*,*,#1092,.F.);
#606=ORIENTED_EDGE('',*,*,#1093,.F.);
#607=ORIENTED_EDGE('',*,*,#1089,.T.);
#608=ORIENTED_EDGE('',*,*,#1009,.T.);
#609=ORIENTED_EDGE('',*,*,#1065,.F.);
#610=ORIENTED_EDGE('',*,*,#1005,.F.);
#611=ORIENTED_EDGE('',*,*,#1094,.T.);
#612=ORIENTED_EDGE('',*,*,#1095,.T.);
#613=ORIENTED_EDGE('',*,*,#1092,.T.);
#614=ORIENTED_EDGE('',*,*,#1096,.T.);
#615=ORIENTED_EDGE('',*,*,#1084,.F.);
#616=ORIENTED_EDGE('',*,*,#996,.F.);
#617=ORIENTED_EDGE('',*,*,#1087,.T.);
#618=ORIENTED_EDGE('',*,*,#1086,.F.);
#619=ORIENTED_EDGE('',*,*,#1081,.T.);
#620=ORIENTED_EDGE('',*,*,#1085,.F.);
#621=ORIENTED_EDGE('',*,*,#1096,.F.);
#622=ORIENTED_EDGE('',*,*,#1097,.T.);
#623=ORIENTED_EDGE('',*,*,#1094,.F.);
#624=ORIENTED_EDGE('',*,*,#1098,.F.);
#625=ORIENTED_EDGE('',*,*,#1091,.T.);
#626=ORIENTED_EDGE('',*,*,#1090,.F.);
#627=ORIENTED_EDGE('',*,*,#1093,.T.);
#628=ORIENTED_EDGE('',*,*,#1095,.F.);
#629=ORIENTED_EDGE('',*,*,#1097,.F.);
#630=ORIENTED_EDGE('',*,*,#1004,.F.);
#631=ORIENTED_EDGE('',*,*,#1001,.F.);
#632=ORIENTED_EDGE('',*,*,#1008,.F.);
#633=ORIENTED_EDGE('',*,*,#1098,.T.);
#634=ORIENTED_EDGE('',*,*,#1056,.F.);
#635=ORIENTED_EDGE('',*,*,#1088,.T.);
#636=ORIENTED_EDGE('',*,*,#995,.F.);
#637=ORIENTED_EDGE('',*,*,#1099,.T.);
#638=ORIENTED_EDGE('',*,*,#1058,.F.);
#639=ORIENTED_EDGE('',*,*,#1100,.F.);
#640=ORIENTED_EDGE('',*,*,#997,.F.);
#641=ORIENTED_EDGE('',*,*,#1083,.T.);
#642=ORIENTED_EDGE('',*,*,#1057,.F.);
#643=ORIENTED_EDGE('',*,*,#1099,.F.);
#644=ORIENTED_EDGE('',*,*,#998,.F.);
#645=ORIENTED_EDGE('',*,*,#1100,.T.);
#646=ORIENTED_EDGE('',*,*,#1101,.F.);
#647=ORIENTED_EDGE('',*,*,#991,.T.);
#648=ORIENTED_EDGE('',*,*,#1102,.F.);
#649=ORIENTED_EDGE('',*,*,#1103,.T.);
#650=ORIENTED_EDGE('',*,*,#1104,.T.);
#651=ORIENTED_EDGE('',*,*,#1102,.T.);
#652=ORIENTED_EDGE('',*,*,#990,.T.);
#653=ORIENTED_EDGE('',*,*,#1105,.F.);
#654=ORIENTED_EDGE('',*,*,#1106,.T.);
#655=ORIENTED_EDGE('',*,*,#1105,.T.);
#656=ORIENTED_EDGE('',*,*,#989,.T.);
#657=ORIENTED_EDGE('',*,*,#1107,.F.);
#658=ORIENTED_EDGE('',*,*,#1108,.T.);
#659=ORIENTED_EDGE('',*,*,#1107,.T.);
#660=ORIENTED_EDGE('',*,*,#988,.T.);
#661=ORIENTED_EDGE('',*,*,#1109,.F.);
#662=ORIENTED_EDGE('',*,*,#1110,.T.);
#663=ORIENTED_EDGE('',*,*,#1111,.T.);
#664=ORIENTED_EDGE('',*,*,#986,.T.);
#665=ORIENTED_EDGE('',*,*,#1112,.F.);
#666=ORIENTED_EDGE('',*,*,#1113,.T.);
#667=ORIENTED_EDGE('',*,*,#1112,.T.);
#668=ORIENTED_EDGE('',*,*,#985,.T.);
#669=ORIENTED_EDGE('',*,*,#1114,.F.);
#670=ORIENTED_EDGE('',*,*,#1115,.T.);
#671=ORIENTED_EDGE('',*,*,#1114,.T.);
#672=ORIENTED_EDGE('',*,*,#984,.T.);
#673=ORIENTED_EDGE('',*,*,#994,.F.);
#674=ORIENTED_EDGE('',*,*,#1116,.T.);
#675=ORIENTED_EDGE('',*,*,#1109,.T.);
#676=ORIENTED_EDGE('',*,*,#987,.T.);
#677=ORIENTED_EDGE('',*,*,#1111,.F.);
#678=ORIENTED_EDGE('',*,*,#1117,.F.);
#679=ORIENTED_EDGE('',*,*,#1118,.T.);
#680=ORIENTED_EDGE('',*,*,#1119,.T.);
#681=ORIENTED_EDGE('',*,*,#1120,.T.);
#682=ORIENTED_EDGE('',*,*,#1121,.F.);
#683=ORIENTED_EDGE('',*,*,#1122,.T.);
#684=ORIENTED_EDGE('',*,*,#1123,.T.);
#685=ORIENTED_EDGE('',*,*,#1124,.T.);
#686=ORIENTED_EDGE('',*,*,#1110,.F.);
#687=ORIENTED_EDGE('',*,*,#1113,.F.);
#688=ORIENTED_EDGE('',*,*,#1115,.F.);
#689=ORIENTED_EDGE('',*,*,#993,.F.);
#690=ORIENTED_EDGE('',*,*,#1125,.T.);
#691=ORIENTED_EDGE('',*,*,#1103,.F.);
#692=ORIENTED_EDGE('',*,*,#1104,.F.);
#693=ORIENTED_EDGE('',*,*,#1106,.F.);
#694=ORIENTED_EDGE('',*,*,#1108,.F.);
#695=ORIENTED_EDGE('',*,*,#1116,.F.);
#696=ORIENTED_EDGE('',*,*,#1125,.F.);
#697=ORIENTED_EDGE('',*,*,#992,.F.);
#698=ORIENTED_EDGE('',*,*,#982,.T.);
#699=ORIENTED_EDGE('',*,*,#1101,.T.);
#700=ORIENTED_EDGE('',*,*,#1126,.T.);
#701=ORIENTED_EDGE('',*,*,#1127,.T.);
#702=ORIENTED_EDGE('',*,*,#1128,.T.);
#703=ORIENTED_EDGE('',*,*,#1129,.T.);
#704=ORIENTED_EDGE('',*,*,#1130,.T.);
#705=ORIENTED_EDGE('',*,*,#1131,.T.);
#706=ORIENTED_EDGE('',*,*,#1132,.T.);
#707=ORIENTED_EDGE('',*,*,#1121,.T.);
#708=ORIENTED_EDGE('',*,*,#1133,.F.);
#709=ORIENTED_EDGE('',*,*,#1134,.T.);
#710=ORIENTED_EDGE('',*,*,#1135,.F.);
#711=ORIENTED_EDGE('',*,*,#1123,.F.);
#712=ORIENTED_EDGE('',*,*,#1135,.T.);
#713=ORIENTED_EDGE('',*,*,#1136,.T.);
#714=ORIENTED_EDGE('',*,*,#1130,.F.);
#715=ORIENTED_EDGE('',*,*,#1124,.F.);
#716=ORIENTED_EDGE('',*,*,#1132,.F.);
#717=ORIENTED_EDGE('',*,*,#1137,.T.);
#718=ORIENTED_EDGE('',*,*,#1133,.T.);
#719=ORIENTED_EDGE('',*,*,#1122,.F.);
#720=ORIENTED_EDGE('',*,*,#1138,.T.);
#721=ORIENTED_EDGE('',*,*,#1139,.T.);
#722=ORIENTED_EDGE('',*,*,#1140,.F.);
#723=ORIENTED_EDGE('',*,*,#1030,.T.);
#724=ORIENTED_EDGE('',*,*,#1141,.F.);
#725=ORIENTED_EDGE('',*,*,#1142,.T.);
#726=ORIENTED_EDGE('',*,*,#1143,.T.);
#727=ORIENTED_EDGE('',*,*,#1032,.T.);
#728=ORIENTED_EDGE('',*,*,#1140,.T.);
#729=ORIENTED_EDGE('',*,*,#1144,.T.);
#730=ORIENTED_EDGE('',*,*,#1141,.T.);
#731=ORIENTED_EDGE('',*,*,#1031,.F.);
#732=ORIENTED_EDGE('',*,*,#1143,.F.);
#733=ORIENTED_EDGE('',*,*,#1145,.T.);
#734=ORIENTED_EDGE('',*,*,#1138,.F.);
#735=ORIENTED_EDGE('',*,*,#1033,.T.);
#736=ORIENTED_EDGE('',*,*,#1146,.T.);
#737=ORIENTED_EDGE('',*,*,#1147,.T.);
#738=ORIENTED_EDGE('',*,*,#1148,.T.);
#739=ORIENTED_EDGE('',*,*,#1149,.T.);
#740=ORIENTED_EDGE('',*,*,#1150,.F.);
#741=ORIENTED_EDGE('',*,*,#1149,.F.);
#742=ORIENTED_EDGE('',*,*,#1151,.F.);
#743=ORIENTED_EDGE('',*,*,#1145,.F.);
#744=ORIENTED_EDGE('',*,*,#1151,.T.);
#745=ORIENTED_EDGE('',*,*,#1148,.F.);
#746=ORIENTED_EDGE('',*,*,#1152,.F.);
#747=ORIENTED_EDGE('',*,*,#1139,.F.);
#748=ORIENTED_EDGE('',*,*,#1150,.T.);
#749=ORIENTED_EDGE('',*,*,#1142,.F.);
#750=ORIENTED_EDGE('',*,*,#1153,.F.);
#751=ORIENTED_EDGE('',*,*,#1146,.F.);
#752=ORIENTED_EDGE('',*,*,#1152,.T.);
#753=ORIENTED_EDGE('',*,*,#1147,.F.);
#754=ORIENTED_EDGE('',*,*,#1153,.T.);
#755=ORIENTED_EDGE('',*,*,#1144,.F.);
#756=ORIENTED_EDGE('',*,*,#1154,.F.);
#757=ORIENTED_EDGE('',*,*,#1137,.F.);
#758=ORIENTED_EDGE('',*,*,#1155,.F.);
#759=ORIENTED_EDGE('',*,*,#1129,.F.);
#760=ORIENTED_EDGE('',*,*,#1155,.T.);
#761=ORIENTED_EDGE('',*,*,#1131,.F.);
#762=ORIENTED_EDGE('',*,*,#1156,.F.);
#763=ORIENTED_EDGE('',*,*,#1126,.F.);
#764=ORIENTED_EDGE('',*,*,#1154,.T.);
#765=ORIENTED_EDGE('',*,*,#1128,.F.);
#766=ORIENTED_EDGE('',*,*,#1157,.F.);
#767=ORIENTED_EDGE('',*,*,#1134,.F.);
#768=ORIENTED_EDGE('',*,*,#1156,.T.);
#769=ORIENTED_EDGE('',*,*,#1136,.F.);
#770=ORIENTED_EDGE('',*,*,#1157,.T.);
#771=ORIENTED_EDGE('',*,*,#1127,.F.);
#772=ORIENTED_EDGE('',*,*,#1158,.T.);
#773=ORIENTED_EDGE('',*,*,#1159,.T.);
#774=ORIENTED_EDGE('',*,*,#1160,.T.);
#775=ORIENTED_EDGE('',*,*,#1161,.T.);
#776=ORIENTED_EDGE('',*,*,#1162,.T.);
#777=ORIENTED_EDGE('',*,*,#1163,.T.);
#778=ORIENTED_EDGE('',*,*,#1164,.T.);
#779=ORIENTED_EDGE('',*,*,#1117,.T.);
#780=ORIENTED_EDGE('',*,*,#1165,.F.);
#781=ORIENTED_EDGE('',*,*,#1166,.T.);
#782=ORIENTED_EDGE('',*,*,#1167,.F.);
#783=ORIENTED_EDGE('',*,*,#1119,.F.);
#784=ORIENTED_EDGE('',*,*,#1167,.T.);
#785=ORIENTED_EDGE('',*,*,#1168,.T.);
#786=ORIENTED_EDGE('',*,*,#1162,.F.);
#787=ORIENTED_EDGE('',*,*,#1120,.F.);
#788=ORIENTED_EDGE('',*,*,#1164,.F.);
#789=ORIENTED_EDGE('',*,*,#1169,.T.);
#790=ORIENTED_EDGE('',*,*,#1165,.T.);
#791=ORIENTED_EDGE('',*,*,#1118,.F.);
#792=ORIENTED_EDGE('',*,*,#1170,.T.);
#793=ORIENTED_EDGE('',*,*,#1171,.T.);
#794=ORIENTED_EDGE('',*,*,#1172,.F.);
#795=ORIENTED_EDGE('',*,*,#1026,.T.);
#796=ORIENTED_EDGE('',*,*,#1173,.F.);
#797=ORIENTED_EDGE('',*,*,#1174,.T.);
#798=ORIENTED_EDGE('',*,*,#1175,.T.);
#799=ORIENTED_EDGE('',*,*,#1028,.T.);
#800=ORIENTED_EDGE('',*,*,#1172,.T.);
#801=ORIENTED_EDGE('',*,*,#1176,.T.);
#802=ORIENTED_EDGE('',*,*,#1173,.T.);
#803=ORIENTED_EDGE('',*,*,#1027,.F.);
#804=ORIENTED_EDGE('',*,*,#1175,.F.);
#805=ORIENTED_EDGE('',*,*,#1177,.T.);
#806=ORIENTED_EDGE('',*,*,#1170,.F.);
#807=ORIENTED_EDGE('',*,*,#1029,.T.);
#808=ORIENTED_EDGE('',*,*,#1178,.T.);
#809=ORIENTED_EDGE('',*,*,#1179,.T.);
#810=ORIENTED_EDGE('',*,*,#1180,.T.);
#811=ORIENTED_EDGE('',*,*,#1181,.T.);
#812=ORIENTED_EDGE('',*,*,#1182,.F.);
#813=ORIENTED_EDGE('',*,*,#1181,.F.);
#814=ORIENTED_EDGE('',*,*,#1183,.F.);
#815=ORIENTED_EDGE('',*,*,#1177,.F.);
#816=ORIENTED_EDGE('',*,*,#1183,.T.);
#817=ORIENTED_EDGE('',*,*,#1180,.F.);
#818=ORIENTED_EDGE('',*,*,#1184,.F.);
#819=ORIENTED_EDGE('',*,*,#1171,.F.);
#820=ORIENTED_EDGE('',*,*,#1182,.T.);
#821=ORIENTED_EDGE('',*,*,#1174,.F.);
#822=ORIENTED_EDGE('',*,*,#1185,.F.);
#823=ORIENTED_EDGE('',*,*,#1178,.F.);
#824=ORIENTED_EDGE('',*,*,#1184,.T.);
#825=ORIENTED_EDGE('',*,*,#1179,.F.);
#826=ORIENTED_EDGE('',*,*,#1185,.T.);
#827=ORIENTED_EDGE('',*,*,#1176,.F.);
#828=ORIENTED_EDGE('',*,*,#1186,.F.);
#829=ORIENTED_EDGE('',*,*,#1169,.F.);
#830=ORIENTED_EDGE('',*,*,#1187,.F.);
#831=ORIENTED_EDGE('',*,*,#1161,.F.);
#832=ORIENTED_EDGE('',*,*,#1187,.T.);
#833=ORIENTED_EDGE('',*,*,#1163,.F.);
#834=ORIENTED_EDGE('',*,*,#1188,.F.);
#835=ORIENTED_EDGE('',*,*,#1158,.F.);
#836=ORIENTED_EDGE('',*,*,#1186,.T.);
#837=ORIENTED_EDGE('',*,*,#1160,.F.);
#838=ORIENTED_EDGE('',*,*,#1189,.F.);
#839=ORIENTED_EDGE('',*,*,#1166,.F.);
#840=ORIENTED_EDGE('',*,*,#1188,.T.);
#841=ORIENTED_EDGE('',*,*,#1168,.F.);
#842=ORIENTED_EDGE('',*,*,#1189,.T.);
#843=ORIENTED_EDGE('',*,*,#1159,.F.);
#844=VERTEX_POINT('',#2077);
#845=VERTEX_POINT('',#2078);
#846=VERTEX_POINT('',#2080);
#847=VERTEX_POINT('',#2082);
#848=VERTEX_POINT('',#2085);
#849=VERTEX_POINT('',#2086);
#850=VERTEX_POINT('',#2088);
#851=VERTEX_POINT('',#2090);
#852=VERTEX_POINT('',#2092);
#853=VERTEX_POINT('',#2094);
#854=VERTEX_POINT('',#2096);
#855=VERTEX_POINT('',#2098);
#856=VERTEX_POINT('',#2100);
#857=VERTEX_POINT('',#2102);
#858=VERTEX_POINT('',#2106);
#859=VERTEX_POINT('',#2108);
#860=VERTEX_POINT('',#2117);
#861=VERTEX_POINT('',#2118);
#862=VERTEX_POINT('',#2120);
#863=VERTEX_POINT('',#2127);
#864=VERTEX_POINT('',#2158);
#865=VERTEX_POINT('',#2159);
#866=VERTEX_POINT('',#2161);
#867=VERTEX_POINT('',#2190);
#868=VERTEX_POINT('',#2194);
#869=VERTEX_POINT('',#2201);
#870=VERTEX_POINT('',#2205);
#871=VERTEX_POINT('',#2207);
#872=VERTEX_POINT('',#2216);
#873=VERTEX_POINT('',#2217);
#874=VERTEX_POINT('',#2219);
#875=VERTEX_POINT('',#2221);
#876=VERTEX_POINT('',#2223);
#877=VERTEX_POINT('',#2227);
#878=VERTEX_POINT('',#2228);
#879=VERTEX_POINT('',#2230);
#880=VERTEX_POINT('',#2232);
#881=VERTEX_POINT('',#2234);
#882=VERTEX_POINT('',#2238);
#883=VERTEX_POINT('',#2240);
#884=VERTEX_POINT('',#2243);
#885=VERTEX_POINT('',#2244);
#886=VERTEX_POINT('',#2246);
#887=VERTEX_POINT('',#2248);
#888=VERTEX_POINT('',#2252);
#889=VERTEX_POINT('',#2253);
#890=VERTEX_POINT('',#2255);
#891=VERTEX_POINT('',#2257);
#892=VERTEX_POINT('',#2260);
#893=VERTEX_POINT('',#2261);
#894=VERTEX_POINT('',#2263);
#895=VERTEX_POINT('',#2265);
#896=VERTEX_POINT('',#2268);
#897=VERTEX_POINT('',#2270);
#898=VERTEX_POINT('',#2273);
#899=VERTEX_POINT('',#2274);
#900=VERTEX_POINT('',#2276);
#901=VERTEX_POINT('',#2278);
#902=VERTEX_POINT('',#2281);
#903=VERTEX_POINT('',#2282);
#904=VERTEX_POINT('',#2284);
#905=VERTEX_POINT('',#2286);
#906=VERTEX_POINT('',#2296);
#907=VERTEX_POINT('',#2300);
#908=VERTEX_POINT('',#2302);
#909=VERTEX_POINT('',#2304);
#910=VERTEX_POINT('',#2309);
#911=VERTEX_POINT('',#2311);
#912=VERTEX_POINT('',#2313);
#913=VERTEX_POINT('',#2315);
#914=VERTEX_POINT('',#2323);
#915=VERTEX_POINT('',#2325);
#916=VERTEX_POINT('',#2330);
#917=VERTEX_POINT('',#2333);
#918=VERTEX_POINT('',#2342);
#919=VERTEX_POINT('',#2344);
#920=VERTEX_POINT('',#2348);
#921=VERTEX_POINT('',#2350);
#922=VERTEX_POINT('',#2359);
#923=VERTEX_POINT('',#2361);
#924=VERTEX_POINT('',#2366);
#925=VERTEX_POINT('',#2370);
#926=VERTEX_POINT('',#2375);
#927=VERTEX_POINT('',#2377);
#928=VERTEX_POINT('',#2381);
#929=VERTEX_POINT('',#2385);
#930=VERTEX_POINT('',#2402);
#931=VERTEX_POINT('',#2404);
#932=VERTEX_POINT('',#2408);
#933=VERTEX_POINT('',#2412);
#934=VERTEX_POINT('',#2416);
#935=VERTEX_POINT('',#2420);
#936=VERTEX_POINT('',#2421);
#937=VERTEX_POINT('',#2426);
#938=VERTEX_POINT('',#2434);
#939=VERTEX_POINT('',#2435);
#940=VERTEX_POINT('',#2437);
#941=VERTEX_POINT('',#2439);
#942=VERTEX_POINT('',#2442);
#943=VERTEX_POINT('',#2443);
#944=VERTEX_POINT('',#2445);
#945=VERTEX_POINT('',#2447);
#946=VERTEX_POINT('',#2453);
#947=VERTEX_POINT('',#2454);
#948=VERTEX_POINT('',#2456);
#949=VERTEX_POINT('',#2458);
#950=VERTEX_POINT('',#2462);
#951=VERTEX_POINT('',#2464);
#952=VERTEX_POINT('',#2468);
#953=VERTEX_POINT('',#2470);
#954=VERTEX_POINT('',#2478);
#955=VERTEX_POINT('',#2480);
#956=VERTEX_POINT('',#2484);
#957=VERTEX_POINT('',#2486);
#958=VERTEX_POINT('',#2494);
#959=VERTEX_POINT('',#2495);
#960=VERTEX_POINT('',#2497);
#961=VERTEX_POINT('',#2499);
#962=VERTEX_POINT('',#2519);
#963=VERTEX_POINT('',#2520);
#964=VERTEX_POINT('',#2522);
#965=VERTEX_POINT('',#2524);
#966=VERTEX_POINT('',#2528);
#967=VERTEX_POINT('',#2530);
#968=VERTEX_POINT('',#2534);
#969=VERTEX_POINT('',#2536);
#970=VERTEX_POINT('',#2544);
#971=VERTEX_POINT('',#2546);
#972=VERTEX_POINT('',#2550);
#973=VERTEX_POINT('',#2552);
#974=VERTEX_POINT('',#2560);
#975=VERTEX_POINT('',#2561);
#976=VERTEX_POINT('',#2563);
#977=VERTEX_POINT('',#2565);
#978=EDGE_CURVE('',#844,#845,#1190,.T.);
#979=EDGE_CURVE('',#846,#845,#1191,.T.);
#980=EDGE_CURVE('',#847,#846,#1192,.T.);
#981=EDGE_CURVE('',#847,#844,#1193,.T.);
#982=EDGE_CURVE('',#848,#849,#1194,.T.);
#983=EDGE_CURVE('',#850,#848,#1195,.T.);
#984=EDGE_CURVE('',#851,#850,#1196,.T.);
#985=EDGE_CURVE('',#852,#851,#1197,.T.);
#986=EDGE_CURVE('',#853,#852,#1198,.T.);
#987=EDGE_CURVE('',#854,#853,#1199,.T.);
#988=EDGE_CURVE('',#855,#854,#1200,.T.);
#989=EDGE_CURVE('',#856,#855,#1201,.T.);
#990=EDGE_CURVE('',#857,#856,#1202,.T.);
#991=EDGE_CURVE('',#849,#857,#1203,.T.);
#992=EDGE_CURVE('',#848,#858,#1204,.T.);
#993=EDGE_CURVE('',#858,#859,#1205,.T.);
#994=EDGE_CURVE('',#859,#850,#1206,.T.);
#995=EDGE_CURVE('',#860,#861,#54,.T.);
#996=EDGE_CURVE('',#861,#862,#42,.T.);
#997=EDGE_CURVE('',#862,#863,#55,.T.);
#998=EDGE_CURVE('',#863,#860,#56,.T.);
#999=EDGE_CURVE('',#864,#865,#43,.T.);
#1000=EDGE_CURVE('',#866,#864,#1207,.T.);
#1001=EDGE_CURVE('',#866,#867,#57,.T.);
#1002=EDGE_CURVE('',#867,#865,#1208,.T.);
#1003=EDGE_CURVE('',#865,#868,#1209,.T.);
#1004=EDGE_CURVE('',#867,#869,#58,.T.);
#1005=EDGE_CURVE('',#869,#868,#1210,.T.);
#1006=EDGE_CURVE('',#870,#864,#1211,.T.);
#1007=EDGE_CURVE('',#870,#871,#1212,.T.);
#1008=EDGE_CURVE('',#871,#866,#59,.T.);
#1009=EDGE_CURVE('',#872,#873,#1213,.T.);
#1010=EDGE_CURVE('',#874,#872,#44,.T.);
#1011=EDGE_CURVE('',#875,#874,#1214,.T.);
#1012=EDGE_CURVE('',#875,#876,#1215,.T.);
#1013=EDGE_CURVE('',#876,#873,#1216,.T.);
#1014=EDGE_CURVE('',#877,#878,#1217,.T.);
#1015=EDGE_CURVE('',#879,#877,#1218,.T.);
#1016=EDGE_CURVE('',#879,#880,#1219,.T.);
#1017=EDGE_CURVE('',#880,#881,#1220,.T.);
#1018=EDGE_CURVE('',#878,#881,#45,.T.);
#1019=EDGE_CURVE('',#882,#847,#1221,.T.);
#1020=EDGE_CURVE('',#846,#883,#1222,.T.);
#1021=EDGE_CURVE('',#883,#882,#1223,.T.);
#1022=EDGE_CURVE('',#884,#885,#1224,.T.);
#1023=EDGE_CURVE('',#885,#886,#1225,.T.);
#1024=EDGE_CURVE('',#887,#886,#1226,.T.);
#1025=EDGE_CURVE('',#884,#887,#1227,.T.);
#1026=EDGE_CURVE('',#888,#889,#1228,.T.);
#1027=EDGE_CURVE('',#888,#890,#1229,.T.);
#1028=EDGE_CURVE('',#891,#890,#1230,.T.);
#1029=EDGE_CURVE('',#889,#891,#1231,.T.);
#1030=EDGE_CURVE('',#892,#893,#1232,.T.);
#1031=EDGE_CURVE('',#892,#894,#1233,.T.);
#1032=EDGE_CURVE('',#895,#894,#1234,.T.);
#1033=EDGE_CURVE('',#893,#895,#1235,.T.);
#1034=EDGE_CURVE('',#896,#844,#1236,.T.);
#1035=EDGE_CURVE('',#897,#896,#1237,.T.);
#1036=EDGE_CURVE('',#845,#897,#1238,.T.);
#1037=EDGE_CURVE('',#898,#899,#1239,.T.);
#1038=EDGE_CURVE('',#898,#900,#1240,.T.);
#1039=EDGE_CURVE('',#900,#901,#1241,.T.);
#1040=EDGE_CURVE('',#899,#901,#1242,.T.);
#1041=EDGE_CURVE('',#902,#903,#1243,.T.);
#1042=EDGE_CURVE('',#904,#902,#1244,.T.);
#1043=EDGE_CURVE('',#904,#905,#1245,.T.);
#1044=EDGE_CURVE('',#905,#903,#1246,.T.);
#1045=EDGE_CURVE('',#882,#896,#1247,.T.);
#1046=EDGE_CURVE('',#883,#897,#1248,.T.);
#1047=EDGE_CURVE('',#880,#898,#1249,.T.);
#1048=EDGE_CURVE('',#906,#899,#1250,.T.);
#1049=EDGE_CURVE('',#881,#906,#1251,.T.);
#1050=EDGE_CURVE('',#881,#907,#46,.T.);
#1051=EDGE_CURVE('',#908,#906,#1252,.T.);
#1052=EDGE_CURVE('',#909,#908,#1253,.T.);
#1053=EDGE_CURVE('',#907,#909,#1254,.T.);
#1054=EDGE_CURVE('',#900,#879,#1255,.T.);
#1055=EDGE_CURVE('',#910,#877,#1256,.T.);
#1056=EDGE_CURVE('',#910,#911,#1257,.T.);
#1057=EDGE_CURVE('',#911,#912,#47,.T.);
#1058=EDGE_CURVE('',#912,#913,#1258,.T.);
#1059=EDGE_CURVE('',#913,#909,#1259,.T.);
#1060=EDGE_CURVE('',#901,#908,#1260,.T.);
#1061=EDGE_CURVE('',#876,#904,#1261,.T.);
#1062=EDGE_CURVE('',#914,#902,#1262,.T.);
#1063=EDGE_CURVE('',#915,#914,#1263,.T.);
#1064=EDGE_CURVE('',#870,#915,#1264,.T.);
#1065=EDGE_CURVE('',#868,#873,#1265,.T.);
#1066=EDGE_CURVE('',#916,#874,#48,.T.);
#1067=EDGE_CURVE('',#915,#916,#1266,.T.);
#1068=EDGE_CURVE('',#917,#914,#1267,.T.);
#1069=EDGE_CURVE('',#874,#917,#1268,.T.);
#1070=EDGE_CURVE('',#905,#875,#1269,.T.);
#1071=EDGE_CURVE('',#903,#917,#1270,.T.);
#1072=EDGE_CURVE('',#918,#885,#1271,.T.);
#1073=EDGE_CURVE('',#919,#884,#1272,.T.);
#1074=EDGE_CURVE('',#919,#918,#1273,.T.);
#1075=EDGE_CURVE('',#886,#920,#1274,.T.);
#1076=EDGE_CURVE('',#921,#920,#1275,.T.);
#1077=EDGE_CURVE('',#887,#921,#1276,.T.);
#1078=EDGE_CURVE('',#920,#918,#1277,.T.);
#1079=EDGE_CURVE('',#921,#919,#1278,.T.);
#1080=EDGE_CURVE('',#922,#907,#1279,.T.);
#1081=EDGE_CURVE('',#923,#922,#49,.T.);
#1082=EDGE_CURVE('',#923,#878,#1280,.T.);
#1083=EDGE_CURVE('',#862,#913,#1281,.T.);
#1084=EDGE_CURVE('',#862,#924,#1282,.T.);
#1085=EDGE_CURVE('',#924,#922,#1283,.T.);
#1086=EDGE_CURVE('',#923,#925,#1284,.T.);
#1087=EDGE_CURVE('',#861,#925,#1285,.T.);
#1088=EDGE_CURVE('',#910,#861,#1286,.T.);
#1089=EDGE_CURVE('',#926,#916,#1287,.T.);
#1090=EDGE_CURVE('',#926,#927,#1288,.T.);
#1091=EDGE_CURVE('',#871,#927,#1289,.T.);
#1092=EDGE_CURVE('',#928,#872,#1290,.T.);
#1093=EDGE_CURVE('',#926,#928,#50,.T.);
#1094=EDGE_CURVE('',#869,#929,#1291,.T.);
#1095=EDGE_CURVE('',#929,#928,#1292,.T.);
#1096=EDGE_CURVE('',#925,#924,#51,.T.);
#1097=EDGE_CURVE('',#927,#929,#52,.T.);
#1098=EDGE_CURVE('',#871,#869,#53,.T.);
#1099=EDGE_CURVE('',#860,#911,#1293,.T.);
#1100=EDGE_CURVE('',#863,#912,#1294,.T.);
#1101=EDGE_CURVE('',#849,#930,#1295,.T.);
#1102=EDGE_CURVE('',#931,#857,#1296,.T.);
#1103=EDGE_CURVE('',#931,#930,#1297,.T.);
#1104=EDGE_CURVE('',#932,#931,#1298,.T.);
#1105=EDGE_CURVE('',#932,#856,#1299,.T.);
#1106=EDGE_CURVE('',#933,#932,#1300,.T.);
#1107=EDGE_CURVE('',#933,#855,#1301,.T.);
#1108=EDGE_CURVE('',#934,#933,#1302,.T.);
#1109=EDGE_CURVE('',#934,#854,#1303,.T.);
#1110=EDGE_CURVE('',#935,#936,#1304,.T.);
#1111=EDGE_CURVE('',#936,#853,#1305,.T.);
#1112=EDGE_CURVE('',#935,#852,#1306,.T.);
#1113=EDGE_CURVE('',#937,#935,#1307,.T.);
#1114=EDGE_CURVE('',#937,#851,#1308,.T.);
#1115=EDGE_CURVE('',#859,#937,#1309,.T.);
#1116=EDGE_CURVE('',#936,#934,#1310,.T.);
#1117=EDGE_CURVE('',#938,#939,#1311,.T.);
#1118=EDGE_CURVE('',#938,#940,#1312,.T.);
#1119=EDGE_CURVE('',#940,#941,#1313,.T.);
#1120=EDGE_CURVE('',#941,#939,#1314,.T.);
#1121=EDGE_CURVE('',#942,#943,#1315,.T.);
#1122=EDGE_CURVE('',#942,#944,#1316,.T.);
#1123=EDGE_CURVE('',#944,#945,#1317,.T.);
#1124=EDGE_CURVE('',#945,#943,#1318,.T.);
#1125=EDGE_CURVE('',#858,#930,#1319,.T.);
#1126=EDGE_CURVE('',#946,#947,#1320,.T.);
#1127=EDGE_CURVE('',#947,#948,#1321,.T.);
#1128=EDGE_CURVE('',#948,#949,#1322,.T.);
#1129=EDGE_CURVE('',#949,#946,#1323,.T.);
#1130=EDGE_CURVE('',#943,#950,#1324,.T.);
#1131=EDGE_CURVE('',#950,#951,#1325,.T.);
#1132=EDGE_CURVE('',#951,#942,#1326,.T.);
#1133=EDGE_CURVE('',#952,#944,#1327,.T.);
#1134=EDGE_CURVE('',#952,#953,#1328,.T.);
#1135=EDGE_CURVE('',#945,#953,#1329,.T.);
#1136=EDGE_CURVE('',#953,#950,#1330,.T.);
#1137=EDGE_CURVE('',#951,#952,#1331,.T.);
#1138=EDGE_CURVE('',#893,#954,#1332,.T.);
#1139=EDGE_CURVE('',#954,#955,#1333,.T.);
#1140=EDGE_CURVE('',#892,#955,#1334,.T.);
#1141=EDGE_CURVE('',#956,#894,#1335,.T.);
#1142=EDGE_CURVE('',#956,#957,#1336,.T.);
#1143=EDGE_CURVE('',#957,#895,#1337,.T.);
#1144=EDGE_CURVE('',#955,#956,#1338,.T.);
#1145=EDGE_CURVE('',#957,#954,#1339,.T.);
#1146=EDGE_CURVE('',#958,#959,#1340,.T.);
#1147=EDGE_CURVE('',#959,#960,#1341,.T.);
#1148=EDGE_CURVE('',#960,#961,#1342,.T.);
#1149=EDGE_CURVE('',#961,#958,#1343,.T.);
#1150=EDGE_CURVE('',#958,#957,#1344,.T.);
#1151=EDGE_CURVE('',#954,#961,#1345,.T.);
#1152=EDGE_CURVE('',#955,#960,#1346,.T.);
#1153=EDGE_CURVE('',#959,#956,#1347,.T.);
#1154=EDGE_CURVE('',#952,#949,#1348,.T.);
#1155=EDGE_CURVE('',#946,#951,#1349,.T.);
#1156=EDGE_CURVE('',#947,#950,#1350,.T.);
#1157=EDGE_CURVE('',#953,#948,#1351,.T.);
#1158=EDGE_CURVE('',#962,#963,#1352,.T.);
#1159=EDGE_CURVE('',#963,#964,#1353,.T.);
#1160=EDGE_CURVE('',#964,#965,#1354,.T.);
#1161=EDGE_CURVE('',#965,#962,#1355,.T.);
#1162=EDGE_CURVE('',#939,#966,#1356,.T.);
#1163=EDGE_CURVE('',#966,#967,#1357,.T.);
#1164=EDGE_CURVE('',#967,#938,#1358,.T.);
#1165=EDGE_CURVE('',#968,#940,#1359,.T.);
#1166=EDGE_CURVE('',#968,#969,#1360,.T.);
#1167=EDGE_CURVE('',#941,#969,#1361,.T.);
#1168=EDGE_CURVE('',#969,#966,#1362,.T.);
#1169=EDGE_CURVE('',#967,#968,#1363,.T.);
#1170=EDGE_CURVE('',#889,#970,#1364,.T.);
#1171=EDGE_CURVE('',#970,#971,#1365,.T.);
#1172=EDGE_CURVE('',#888,#971,#1366,.T.);
#1173=EDGE_CURVE('',#972,#890,#1367,.T.);
#1174=EDGE_CURVE('',#972,#973,#1368,.T.);
#1175=EDGE_CURVE('',#973,#891,#1369,.T.);
#1176=EDGE_CURVE('',#971,#972,#1370,.T.);
#1177=EDGE_CURVE('',#973,#970,#1371,.T.);
#1178=EDGE_CURVE('',#974,#975,#1372,.T.);
#1179=EDGE_CURVE('',#975,#976,#1373,.T.);
#1180=EDGE_CURVE('',#976,#977,#1374,.T.);
#1181=EDGE_CURVE('',#977,#974,#1375,.T.);
#1182=EDGE_CURVE('',#974,#973,#1376,.T.);
#1183=EDGE_CURVE('',#970,#977,#1377,.T.);
#1184=EDGE_CURVE('',#971,#976,#1378,.T.);
#1185=EDGE_CURVE('',#975,#972,#1379,.T.);
#1186=EDGE_CURVE('',#968,#965,#1380,.T.);
#1187=EDGE_CURVE('',#962,#967,#1381,.T.);
#1188=EDGE_CURVE('',#963,#966,#1382,.T.);
#1189=EDGE_CURVE('',#969,#964,#1383,.T.);
#1190=LINE('',#2076,#1384);
#1191=LINE('',#2079,#1385);
#1192=LINE('',#2081,#1386);
#1193=LINE('',#2083,#1387);
#1194=LINE('',#2084,#1388);
#1195=LINE('',#2087,#1389);
#1196=LINE('',#2089,#1390);
#1197=LINE('',#2091,#1391);
#1198=LINE('',#2093,#1392);
#1199=LINE('',#2095,#1393);
#1200=LINE('',#2097,#1394);
#1201=LINE('',#2099,#1395);
#1202=LINE('',#2101,#1396);
#1203=LINE('',#2103,#1397);
#1204=LINE('',#2105,#1398);
#1205=LINE('',#2107,#1399);
#1206=LINE('',#2109,#1400);
#1207=LINE('',#2160,#1401);
#1208=LINE('',#2191,#1402);
#1209=LINE('',#2193,#1403);
#1210=LINE('',#2202,#1404);
#1211=LINE('',#2204,#1405);
#1212=LINE('',#2206,#1406);
#1213=LINE('',#2215,#1407);
#1214=LINE('',#2220,#1408);
#1215=LINE('',#2222,#1409);
#1216=LINE('',#2224,#1410);
#1217=LINE('',#2226,#1411);
#1218=LINE('',#2229,#1412);
#1219=LINE('',#2231,#1413);
#1220=LINE('',#2233,#1414);
#1221=LINE('',#2237,#1415);
#1222=LINE('',#2239,#1416);
#1223=LINE('',#2241,#1417);
#1224=LINE('',#2242,#1418);
#1225=LINE('',#2245,#1419);
#1226=LINE('',#2247,#1420);
#1227=LINE('',#2249,#1421);
#1228=LINE('',#2251,#1422);
#1229=LINE('',#2254,#1423);
#1230=LINE('',#2256,#1424);
#1231=LINE('',#2258,#1425);
#1232=LINE('',#2259,#1426);
#1233=LINE('',#2262,#1427);
#1234=LINE('',#2264,#1428);
#1235=LINE('',#2266,#1429);
#1236=LINE('',#2267,#1430);
#1237=LINE('',#2269,#1431);
#1238=LINE('',#2271,#1432);
#1239=LINE('',#2272,#1433);
#1240=LINE('',#2275,#1434);
#1241=LINE('',#2277,#1435);
#1242=LINE('',#2279,#1436);
#1243=LINE('',#2280,#1437);
#1244=LINE('',#2283,#1438);
#1245=LINE('',#2285,#1439);
#1246=LINE('',#2287,#1440);
#1247=LINE('',#2289,#1441);
#1248=LINE('',#2291,#1442);
#1249=LINE('',#2294,#1443);
#1250=LINE('',#2295,#1444);
#1251=LINE('',#2297,#1445);
#1252=LINE('',#2301,#1446);
#1253=LINE('',#2303,#1447);
#1254=LINE('',#2305,#1448);
#1255=LINE('',#2307,#1449);
#1256=LINE('',#2308,#1450);
#1257=LINE('',#2310,#1451);
#1258=LINE('',#2314,#1452);
#1259=LINE('',#2316,#1453);
#1260=LINE('',#2317,#1454);
#1261=LINE('',#2321,#1455);
#1262=LINE('',#2322,#1456);
#1263=LINE('',#2324,#1457);
#1264=LINE('',#2326,#1458);
#1265=LINE('',#2327,#1459);
#1266=LINE('',#2331,#1460);
#1267=LINE('',#2332,#1461);
#1268=LINE('',#2334,#1462);
#1269=LINE('',#2336,#1463);
#1270=LINE('',#2337,#1464);
#1271=LINE('',#2341,#1465);
#1272=LINE('',#2343,#1466);
#1273=LINE('',#2345,#1467);
#1274=LINE('',#2347,#1468);
#1275=LINE('',#2349,#1469);
#1276=LINE('',#2351,#1470);
#1277=LINE('',#2353,#1471);
#1278=LINE('',#2354,#1472);
#1279=LINE('',#2358,#1473);
#1280=LINE('',#2362,#1474);
#1281=LINE('',#2364,#1475);
#1282=LINE('',#2365,#1476);
#1283=LINE('',#2367,#1477);
#1284=LINE('',#2369,#1478);
#1285=LINE('',#2371,#1479);
#1286=LINE('',#2372,#1480);
#1287=LINE('',#2374,#1481);
#1288=LINE('',#2376,#1482);
#1289=LINE('',#2378,#1483);
#1290=LINE('',#2380,#1484);
#1291=LINE('',#2384,#1485);
#1292=LINE('',#2386,#1486);
#1293=LINE('',#2396,#1487);
#1294=LINE('',#2398,#1488);
#1295=LINE('',#2401,#1489);
#1296=LINE('',#2403,#1490);
#1297=LINE('',#2405,#1491);
#1298=LINE('',#2407,#1492);
#1299=LINE('',#2409,#1493);
#1300=LINE('',#2411,#1494);
#1301=LINE('',#2413,#1495);
#1302=LINE('',#2415,#1496);
#1303=LINE('',#2417,#1497);
#1304=LINE('',#2419,#1498);
#1305=LINE('',#2422,#1499);
#1306=LINE('',#2423,#1500);
#1307=LINE('',#2425,#1501);
#1308=LINE('',#2427,#1502);
#1309=LINE('',#2429,#1503);
#1310=LINE('',#2431,#1504);
#1311=LINE('',#2433,#1505);
#1312=LINE('',#2436,#1506);
#1313=LINE('',#2438,#1507);
#1314=LINE('',#2440,#1508);
#1315=LINE('',#2441,#1509);
#1316=LINE('',#2444,#1510);
#1317=LINE('',#2446,#1511);
#1318=LINE('',#2448,#1512);
#1319=LINE('',#2449,#1513);
#1320=LINE('',#2452,#1514);
#1321=LINE('',#2455,#1515);
#1322=LINE('',#2457,#1516);
#1323=LINE('',#2459,#1517);
#1324=LINE('',#2461,#1518);
#1325=LINE('',#2463,#1519);
#1326=LINE('',#2465,#1520);
#1327=LINE('',#2467,#1521);
#1328=LINE('',#2469,#1522);
#1329=LINE('',#2471,#1523);
#1330=LINE('',#2473,#1524);
#1331=LINE('',#2475,#1525);
#1332=LINE('',#2477,#1526);
#1333=LINE('',#2479,#1527);
#1334=LINE('',#2481,#1528);
#1335=LINE('',#2483,#1529);
#1336=LINE('',#2485,#1530);
#1337=LINE('',#2487,#1531);
#1338=LINE('',#2489,#1532);
#1339=LINE('',#2491,#1533);
#1340=LINE('',#2493,#1534);
#1341=LINE('',#2496,#1535);
#1342=LINE('',#2498,#1536);
#1343=LINE('',#2500,#1537);
#1344=LINE('',#2502,#1538);
#1345=LINE('',#2503,#1539);
#1346=LINE('',#2505,#1540);
#1347=LINE('',#2507,#1541);
#1348=LINE('',#2510,#1542);
#1349=LINE('',#2511,#1543);
#1350=LINE('',#2513,#1544);
#1351=LINE('',#2515,#1545);
#1352=LINE('',#2518,#1546);
#1353=LINE('',#2521,#1547);
#1354=LINE('',#2523,#1548);
#1355=LINE('',#2525,#1549);
#1356=LINE('',#2527,#1550);
#1357=LINE('',#2529,#1551);
#1358=LINE('',#2531,#1552);
#1359=LINE('',#2533,#1553);
#1360=LINE('',#2535,#1554);
#1361=LINE('',#2537,#1555);
#1362=LINE('',#2539,#1556);
#1363=LINE('',#2541,#1557);
#1364=LINE('',#2543,#1558);
#1365=LINE('',#2545,#1559);
#1366=LINE('',#2547,#1560);
#1367=LINE('',#2549,#1561);
#1368=LINE('',#2551,#1562);
#1369=LINE('',#2553,#1563);
#1370=LINE('',#2555,#1564);
#1371=LINE('',#2557,#1565);
#1372=LINE('',#2559,#1566);
#1373=LINE('',#2562,#1567);
#1374=LINE('',#2564,#1568);
#1375=LINE('',#2566,#1569);
#1376=LINE('',#2568,#1570);
#1377=LINE('',#2569,#1571);
#1378=LINE('',#2571,#1572);
#1379=LINE('',#2573,#1573);
#1380=LINE('',#2576,#1574);
#1381=LINE('',#2577,#1575);
#1382=LINE('',#2579,#1576);
#1383=LINE('',#2581,#1577);
#1384=VECTOR('',#1681,1.);
#1385=VECTOR('',#1682,1.);
#1386=VECTOR('',#1683,1.);
#1387=VECTOR('',#1684,1.);
#1388=VECTOR('',#1685,1.);
#1389=VECTOR('',#1686,1.);
#1390=VECTOR('',#1687,1.);
#1391=VECTOR('',#1688,1.);
#1392=VECTOR('',#1689,1.);
#1393=VECTOR('',#1690,1.);
#1394=VECTOR('',#1691,1.);
#1395=VECTOR('',#1692,1.);
#1396=VECTOR('',#1693,1.);
#1397=VECTOR('',#1694,1.);
#1398=VECTOR('',#1697,1.);
#1399=VECTOR('',#1698,1.);
#1400=VECTOR('',#1699,1.);
#1401=VECTOR('',#1708,1.);
#1402=VECTOR('',#1709,1.);
#1403=VECTOR('',#1712,1.);
#1404=VECTOR('',#1713,1.);
#1405=VECTOR('',#1716,1.);
#1406=VECTOR('',#1717,1.);
#1407=VECTOR('',#1720,1.);
#1408=VECTOR('',#1723,1.);
#1409=VECTOR('',#1724,1.);
#1410=VECTOR('',#1725,1.);
#1411=VECTOR('',#1728,1.);
#1412=VECTOR('',#1729,1.);
#1413=VECTOR('',#1730,1.);
#1414=VECTOR('',#1731,1.);
#1415=VECTOR('',#1736,1.);
#1416=VECTOR('',#1737,1.);
#1417=VECTOR('',#1738,1.);
#1418=VECTOR('',#1739,1.);
#1419=VECTOR('',#1740,1.);
#1420=VECTOR('',#1741,1.);
#1421=VECTOR('',#1742,1.);
#1422=VECTOR('',#1745,1.);
#1423=VECTOR('',#1746,1.);
#1424=VECTOR('',#1747,1.);
#1425=VECTOR('',#1748,1.);
#1426=VECTOR('',#1749,1.);
#1427=VECTOR('',#1750,1.);
#1428=VECTOR('',#1751,1.);
#1429=VECTOR('',#1752,1.);
#1430=VECTOR('',#1753,1.);
#1431=VECTOR('',#1754,1.);
#1432=VECTOR('',#1755,1.);
#1433=VECTOR('',#1756,1.);
#1434=VECTOR('',#1757,1.);
#1435=VECTOR('',#1758,1.);
#1436=VECTOR('',#1759,1.);
#1437=VECTOR('',#1760,1.);
#1438=VECTOR('',#1761,1.);
#1439=VECTOR('',#1762,1.);
#1440=VECTOR('',#1763,1.);
#1441=VECTOR('',#1766,1.);
#1442=VECTOR('',#1769,1.);
#1443=VECTOR('',#1774,1.);
#1444=VECTOR('',#1775,1.);
#1445=VECTOR('',#1776,1.);
#1446=VECTOR('',#1781,1.);
#1447=VECTOR('',#1782,1.);
#1448=VECTOR('',#1783,1.);
#1449=VECTOR('',#1786,1.);
#1450=VECTOR('',#1787,1.);
#1451=VECTOR('',#1788,1.);
#1452=VECTOR('',#1791,1.);
#1453=VECTOR('',#1792,1.);
#1454=VECTOR('',#1793,1.);
#1455=VECTOR('',#1800,1.);
#1456=VECTOR('',#1801,1.);
#1457=VECTOR('',#1802,1.);
#1458=VECTOR('',#1803,1.);
#1459=VECTOR('',#1804,1.);
#1460=VECTOR('',#1809,1.);
#1461=VECTOR('',#1810,1.);
#1462=VECTOR('',#1811,1.);
#1463=VECTOR('',#1814,1.);
#1464=VECTOR('',#1815,1.);
#1465=VECTOR('',#1822,1.);
#1466=VECTOR('',#1823,1.);
#1467=VECTOR('',#1824,1.);
#1468=VECTOR('',#1827,1.);
#1469=VECTOR('',#1828,1.);
#1470=VECTOR('',#1829,1.);
#1471=VECTOR('',#1832,1.);
#1472=VECTOR('',#1833,1.);
#1473=VECTOR('',#1840,1.);
#1474=VECTOR('',#1843,1.);
#1475=VECTOR('',#1846,1.);
#1476=VECTOR('',#1847,1.);
#1477=VECTOR('',#1848,1.);
#1478=VECTOR('',#1851,1.);
#1479=VECTOR('',#1852,1.);
#1480=VECTOR('',#1853,1.);
#1481=VECTOR('',#1856,1.);
#1482=VECTOR('',#1857,1.);
#1483=VECTOR('',#1858,1.);
#1484=VECTOR('',#1861,1.);
#1485=VECTOR('',#1866,1.);
#1486=VECTOR('',#1867,1.);
#1487=VECTOR('',#1886,1.);
#1488=VECTOR('',#1889,1.);
#1489=VECTOR('',#1894,1.);
#1490=VECTOR('',#1895,1.);
#1491=VECTOR('',#1896,1.);
#1492=VECTOR('',#1899,1.);
#1493=VECTOR('',#1900,1.);
#1494=VECTOR('',#1903,1.);
#1495=VECTOR('',#1904,1.);
#1496=VECTOR('',#1907,1.);
#1497=VECTOR('',#1908,1.);
#1498=VECTOR('',#1911,1.);
#1499=VECTOR('',#1912,1.);
#1500=VECTOR('',#1913,1.);
#1501=VECTOR('',#1916,1.);
#1502=VECTOR('',#1917,1.);
#1503=VECTOR('',#1920,1.);
#1504=VECTOR('',#1923,1.);
#1505=VECTOR('',#1926,1.);
#1506=VECTOR('',#1927,1.);
#1507=VECTOR('',#1928,1.);
#1508=VECTOR('',#1929,1.);
#1509=VECTOR('',#1930,1.);
#1510=VECTOR('',#1931,1.);
#1511=VECTOR('',#1932,1.);
#1512=VECTOR('',#1933,1.);
#1513=VECTOR('',#1934,1.);
#1514=VECTOR('',#1939,1.);
#1515=VECTOR('',#1940,1.);
#1516=VECTOR('',#1941,1.);
#1517=VECTOR('',#1942,1.);
#1518=VECTOR('',#1945,1.);
#1519=VECTOR('',#1946,1.);
#1520=VECTOR('',#1947,1.);
#1521=VECTOR('',#1950,1.);
#1522=VECTOR('',#1951,1.);
#1523=VECTOR('',#1952,1.);
#1524=VECTOR('',#1955,1.);
#1525=VECTOR('',#1958,1.);
#1526=VECTOR('',#1961,1.);
#1527=VECTOR('',#1962,1.);
#1528=VECTOR('',#1963,1.);
#1529=VECTOR('',#1966,1.);
#1530=VECTOR('',#1967,1.);
#1531=VECTOR('',#1968,1.);
#1532=VECTOR('',#1971,1.);
#1533=VECTOR('',#1974,1.);
#1534=VECTOR('',#1977,1.);
#1535=VECTOR('',#1978,1.);
#1536=VECTOR('',#1979,1.);
#1537=VECTOR('',#1980,1.);
#1538=VECTOR('',#1983,1.);
#1539=VECTOR('',#1984,1.);
#1540=VECTOR('',#1987,1.);
#1541=VECTOR('',#1990,1.);
#1542=VECTOR('',#1995,1.);
#1543=VECTOR('',#1996,1.);
#1544=VECTOR('',#1999,1.);
#1545=VECTOR('',#2002,1.);
#1546=VECTOR('',#2007,1.);
#1547=VECTOR('',#2008,1.);
#1548=VECTOR('',#2009,1.);
#1549=VECTOR('',#2010,1.);
#1550=VECTOR('',#2013,1.);
#1551=VECTOR('',#2014,1.);
#1552=VECTOR('',#2015,1.);
#1553=VECTOR('',#2018,1.);
#1554=VECTOR('',#2019,1.);
#1555=VECTOR('',#2020,1.);
#1556=VECTOR('',#2023,1.);
#1557=VECTOR('',#2026,1.);
#1558=VECTOR('',#2029,1.);
#1559=VECTOR('',#2030,1.);
#1560=VECTOR('',#2031,1.);
#1561=VECTOR('',#2034,1.);
#1562=VECTOR('',#2035,1.);
#1563=VECTOR('',#2036,1.);
#1564=VECTOR('',#2039,1.);
#1565=VECTOR('',#2042,1.);
#1566=VECTOR('',#2045,1.);
#1567=VECTOR('',#2046,1.);
#1568=VECTOR('',#2047,1.);
#1569=VECTOR('',#2048,1.);
#1570=VECTOR('',#2051,1.);
#1571=VECTOR('',#2052,1.);
#1572=VECTOR('',#2055,1.);
#1573=VECTOR('',#2058,1.);
#1574=VECTOR('',#2063,1.);
#1575=VECTOR('',#2064,1.);
#1576=VECTOR('',#2067,1.);
#1577=VECTOR('',#2070,1.);
#1578=AXIS2_PLACEMENT_3D('',#2075,#1679,#1680);
#1579=AXIS2_PLACEMENT_3D('',#2104,#1695,#1696);
#1580=AXIS2_PLACEMENT_3D('',#2110,#1700,#1701);
#1581=AXIS2_PLACEMENT_3D('',#2119,#1702,#1703);
#1582=AXIS2_PLACEMENT_3D('',#2156,#1704,#1705);
#1583=AXIS2_PLACEMENT_3D('',#2157,#1706,#1707);
#1584=AXIS2_PLACEMENT_3D('',#2192,#1710,#1711);
#1585=AXIS2_PLACEMENT_3D('',#2203,#1714,#1715);
#1586=AXIS2_PLACEMENT_3D('',#2214,#1718,#1719);
#1587=AXIS2_PLACEMENT_3D('',#2218,#1721,#1722);
#1588=AXIS2_PLACEMENT_3D('',#2225,#1726,#1727);
#1589=AXIS2_PLACEMENT_3D('',#2235,#1732,#1733);
#1590=AXIS2_PLACEMENT_3D('',#2236,#1734,#1735);
#1591=AXIS2_PLACEMENT_3D('',#2250,#1743,#1744);
#1592=AXIS2_PLACEMENT_3D('',#2288,#1764,#1765);
#1593=AXIS2_PLACEMENT_3D('',#2290,#1767,#1768);
#1594=AXIS2_PLACEMENT_3D('',#2292,#1770,#1771);
#1595=AXIS2_PLACEMENT_3D('',#2293,#1772,#1773);
#1596=AXIS2_PLACEMENT_3D('',#2298,#1777,#1778);
#1597=AXIS2_PLACEMENT_3D('',#2299,#1779,#1780);
#1598=AXIS2_PLACEMENT_3D('',#2306,#1784,#1785);
#1599=AXIS2_PLACEMENT_3D('',#2312,#1789,#1790);
#1600=AXIS2_PLACEMENT_3D('',#2318,#1794,#1795);
#1601=AXIS2_PLACEMENT_3D('',#2319,#1796,#1797);
#1602=AXIS2_PLACEMENT_3D('',#2320,#1798,#1799);
#1603=AXIS2_PLACEMENT_3D('',#2328,#1805,#1806);
#1604=AXIS2_PLACEMENT_3D('',#2329,#1807,#1808);
#1605=AXIS2_PLACEMENT_3D('',#2335,#1812,#1813);
#1606=AXIS2_PLACEMENT_3D('',#2338,#1816,#1817);
#1607=AXIS2_PLACEMENT_3D('',#2339,#1818,#1819);
#1608=AXIS2_PLACEMENT_3D('',#2340,#1820,#1821);
#1609=AXIS2_PLACEMENT_3D('',#2346,#1825,#1826);
#1610=AXIS2_PLACEMENT_3D('',#2352,#1830,#1831);
#1611=AXIS2_PLACEMENT_3D('',#2355,#1834,#1835);
#1612=AXIS2_PLACEMENT_3D('',#2356,#1836,#1837);
#1613=AXIS2_PLACEMENT_3D('',#2357,#1838,#1839);
#1614=AXIS2_PLACEMENT_3D('',#2360,#1841,#1842);
#1615=AXIS2_PLACEMENT_3D('',#2363,#1844,#1845);
#1616=AXIS2_PLACEMENT_3D('',#2368,#1849,#1850);
#1617=AXIS2_PLACEMENT_3D('',#2373,#1854,#1855);
#1618=AXIS2_PLACEMENT_3D('',#2379,#1859,#1860);
#1619=AXIS2_PLACEMENT_3D('',#2382,#1862,#1863);
#1620=AXIS2_PLACEMENT_3D('',#2383,#1864,#1865);
#1621=AXIS2_PLACEMENT_3D('',#2387,#1868,#1869);
#1622=AXIS2_PLACEMENT_3D('',#2388,#1870,#1871);
#1623=AXIS2_PLACEMENT_3D('',#2389,#1872,#1873);
#1624=AXIS2_PLACEMENT_3D('',#2390,#1874,#1875);
#1625=AXIS2_PLACEMENT_3D('',#2391,#1876,#1877);
#1626=AXIS2_PLACEMENT_3D('',#2392,#1878,#1879);
#1627=AXIS2_PLACEMENT_3D('',#2393,#1880,#1881);
#1628=AXIS2_PLACEMENT_3D('',#2394,#1882,#1883);
#1629=AXIS2_PLACEMENT_3D('',#2395,#1884,#1885);
#1630=AXIS2_PLACEMENT_3D('',#2397,#1887,#1888);
#1631=AXIS2_PLACEMENT_3D('',#2399,#1890,#1891);
#1632=AXIS2_PLACEMENT_3D('',#2400,#1892,#1893);
#1633=AXIS2_PLACEMENT_3D('',#2406,#1897,#1898);
#1634=AXIS2_PLACEMENT_3D('',#2410,#1901,#1902);
#1635=AXIS2_PLACEMENT_3D('',#2414,#1905,#1906);
#1636=AXIS2_PLACEMENT_3D('',#2418,#1909,#1910);
#1637=AXIS2_PLACEMENT_3D('',#2424,#1914,#1915);
#1638=AXIS2_PLACEMENT_3D('',#2428,#1918,#1919);
#1639=AXIS2_PLACEMENT_3D('',#2430,#1921,#1922);
#1640=AXIS2_PLACEMENT_3D('',#2432,#1924,#1925);
#1641=AXIS2_PLACEMENT_3D('',#2450,#1935,#1936);
#1642=AXIS2_PLACEMENT_3D('',#2451,#1937,#1938);
#1643=AXIS2_PLACEMENT_3D('',#2460,#1943,#1944);
#1644=AXIS2_PLACEMENT_3D('',#2466,#1948,#1949);
#1645=AXIS2_PLACEMENT_3D('',#2472,#1953,#1954);
#1646=AXIS2_PLACEMENT_3D('',#2474,#1956,#1957);
#1647=AXIS2_PLACEMENT_3D('',#2476,#1959,#1960);
#1648=AXIS2_PLACEMENT_3D('',#2482,#1964,#1965);
#1649=AXIS2_PLACEMENT_3D('',#2488,#1969,#1970);
#1650=AXIS2_PLACEMENT_3D('',#2490,#1972,#1973);
#1651=AXIS2_PLACEMENT_3D('',#2492,#1975,#1976);
#1652=AXIS2_PLACEMENT_3D('',#2501,#1981,#1982);
#1653=AXIS2_PLACEMENT_3D('',#2504,#1985,#1986);
#1654=AXIS2_PLACEMENT_3D('',#2506,#1988,#1989);
#1655=AXIS2_PLACEMENT_3D('',#2508,#1991,#1992);
#1656=AXIS2_PLACEMENT_3D('',#2509,#1993,#1994);
#1657=AXIS2_PLACEMENT_3D('',#2512,#1997,#1998);
#1658=AXIS2_PLACEMENT_3D('',#2514,#2000,#2001);
#1659=AXIS2_PLACEMENT_3D('',#2516,#2003,#2004);
#1660=AXIS2_PLACEMENT_3D('',#2517,#2005,#2006);
#1661=AXIS2_PLACEMENT_3D('',#2526,#2011,#2012);
#1662=AXIS2_PLACEMENT_3D('',#2532,#2016,#2017);
#1663=AXIS2_PLACEMENT_3D('',#2538,#2021,#2022);
#1664=AXIS2_PLACEMENT_3D('',#2540,#2024,#2025);
#1665=AXIS2_PLACEMENT_3D('',#2542,#2027,#2028);
#1666=AXIS2_PLACEMENT_3D('',#2548,#2032,#2033);
#1667=AXIS2_PLACEMENT_3D('',#2554,#2037,#2038);
#1668=AXIS2_PLACEMENT_3D('',#2556,#2040,#2041);
#1669=AXIS2_PLACEMENT_3D('',#2558,#2043,#2044);
#1670=AXIS2_PLACEMENT_3D('',#2567,#2049,#2050);
#1671=AXIS2_PLACEMENT_3D('',#2570,#2053,#2054);
#1672=AXIS2_PLACEMENT_3D('',#2572,#2056,#2057);
#1673=AXIS2_PLACEMENT_3D('',#2574,#2059,#2060);
#1674=AXIS2_PLACEMENT_3D('',#2575,#2061,#2062);
#1675=AXIS2_PLACEMENT_3D('',#2578,#2065,#2066);
#1676=AXIS2_PLACEMENT_3D('',#2580,#2068,#2069);
#1677=AXIS2_PLACEMENT_3D('',#2582,#2071,#2072);
#1678=AXIS2_PLACEMENT_3D('',#2583,#2073,#2074);
#1679=DIRECTION('',(0.,0.,1.));
#1680=DIRECTION('',(1.,0.,0.));
#1681=DIRECTION('',(1.,1.26622151531154E-16,0.));
#1682=DIRECTION('',(0.,0.,-1.));
#1683=DIRECTION('',(1.,1.26622151531154E-16,0.));
#1684=DIRECTION('',(0.,0.,-1.));
#1685=DIRECTION('',(1.,0.,0.));
#1686=DIRECTION('',(-2.03287907341032E-16,0.,1.));
#1687=DIRECTION('',(0.707106781186547,0.,0.707106781186548));
#1688=DIRECTION('',(1.,0.,4.33680868994202E-16));
#1689=DIRECTION('',(1.6365315811102E-16,0.,-1.));
#1690=DIRECTION('',(-1.,0.,1.6365315811102E-16));
#1691=DIRECTION('',(1.6365315811102E-16,0.,1.));
#1692=DIRECTION('',(1.,0.,-4.33680868994202E-16));
#1693=DIRECTION('',(0.707106781186547,0.,-0.707106781186548));
#1694=DIRECTION('',(-2.03287907341032E-16,0.,-1.));
#1695=DIRECTION('',(-1.26622151531154E-16,1.,0.));
#1696=DIRECTION('',(-1.,-1.26634813746307E-16,0.));
#1697=DIRECTION('',(0.,1.,0.));
#1698=DIRECTION('',(2.03287907341032E-16,0.,-1.));
#1699=DIRECTION('',(0.,-1.,0.));
#1700=DIRECTION('',(-1.,0.,-2.03287907341032E-16));
#1701=DIRECTION('',(-2.03287907341032E-16,0.,1.));
#1702=DIRECTION('',(0.,0.,-1.));
#1703=DIRECTION('',(-7.74430123203932E-17,1.,0.));
#1704=DIRECTION('',(0.,0.,1.));
#1705=DIRECTION('',(1.,0.,6.0709645357285E-17));
#1706=DIRECTION('',(-1.,0.,0.));
#1707=DIRECTION('',(0.,0.,1.));
#1708=DIRECTION('',(-1.,0.,0.));
#1709=DIRECTION('',(-1.,0.,0.));
#1710=DIRECTION('',(-1.,0.,0.));
#1711=DIRECTION('',(0.,0.,1.));
#1712=DIRECTION('',(0.,-0.500022179595561,0.866012598010274));
#1713=DIRECTION('',(-1.,0.,0.));
#1714=DIRECTION('',(0.,0.866012598010274,0.500022179595561));
#1715=DIRECTION('',(0.,-0.500022179595561,0.866012598010274));
#1716=DIRECTION('',(0.,-0.500022179595562,-0.866012598010274));
#1717=DIRECTION('',(1.,0.,0.));
#1718=DIRECTION('',(0.,-0.866012598010274,0.500022179595562));
#1719=DIRECTION('',(0.,-0.500022179595562,-0.866012598010274));
#1720=DIRECTION('',(-1.,1.81579220896076E-15,0.));
#1721=DIRECTION('',(0.,0.,-1.));
#1722=DIRECTION('',(1.,9.85638338623185E-17,0.));
#1723=DIRECTION('',(0.,1.,0.));
#1724=DIRECTION('',(-1.,0.,-4.33680868994202E-16));
#1725=DIRECTION('',(0.,1.,0.));
#1726=DIRECTION('',(4.33680868994202E-16,0.,-1.));
#1727=DIRECTION('',(-1.,0.,-4.33680868994202E-16));
#1728=DIRECTION('',(-1.,1.21052813930718E-15,0.));
#1729=DIRECTION('',(0.,1.,0.));
#1730=DIRECTION('',(-1.,0.,-4.33680868994202E-16));
#1731=DIRECTION('',(0.,1.,0.));
#1732=DIRECTION('',(3.25260651745652E-16,0.,-1.));
#1733=DIRECTION('',(-1.,0.,-2.95691501586956E-16));
#1734=DIRECTION('',(4.33680868994202E-16,0.,-1.));
#1735=DIRECTION('',(-1.,0.,-4.33680868994202E-16));
#1736=DIRECTION('',(1.75047777596045E-16,-1.,0.));
#1737=DIRECTION('',(-2.18809721995057E-16,1.,0.));
#1738=DIRECTION('',(-1.,-1.26622151531154E-16,0.));
#1739=DIRECTION('',(-1.,0.,0.));
#1740=DIRECTION('',(0.,1.,-1.83763080082289E-16));
#1741=DIRECTION('',(-1.,0.,0.));
#1742=DIRECTION('',(0.,1.,-1.83763080082289E-16));
#1743=DIRECTION('',(0.,0.,1.));
#1744=DIRECTION('',(1.,0.,0.));
#1745=DIRECTION('',(-1.,0.,0.));
#1746=DIRECTION('',(0.,1.,0.));
#1747=DIRECTION('',(1.,0.,0.));
#1748=DIRECTION('',(0.,1.,0.));
#1749=DIRECTION('',(-1.,0.,0.));
#1750=DIRECTION('',(0.,1.,0.));
#1751=DIRECTION('',(1.,0.,0.));
#1752=DIRECTION('',(0.,1.,0.));
#1753=DIRECTION('',(1.75047777596045E-16,-1.,0.));
#1754=DIRECTION('',(-1.,-1.26622151531154E-16,0.));
#1755=DIRECTION('',(-2.18809721995057E-16,1.,0.));
#1756=DIRECTION('',(0.,1.,0.));
#1757=DIRECTION('',(1.,0.,0.));
#1758=DIRECTION('',(0.,1.,0.));
#1759=DIRECTION('',(1.,0.,0.));
#1760=DIRECTION('',(1.,0.,1.06760768676539E-15));
#1761=DIRECTION('',(0.,1.,0.));
#1762=DIRECTION('',(1.,0.,1.06760768676539E-15));
#1763=DIRECTION('',(0.,1.,0.));
#1764=DIRECTION('',(0.,0.,1.));
#1765=DIRECTION('',(1.,0.,0.));
#1766=DIRECTION('',(0.,0.,-1.));
#1767=DIRECTION('',(1.,1.75047777596045E-16,0.));
#1768=DIRECTION('',(-1.75207071073658E-16,1.,0.));
#1769=DIRECTION('',(0.,0.,-1.));
#1770=DIRECTION('',(-1.,-2.18809721995057E-16,0.));
#1771=DIRECTION('',(2.19008838842072E-16,-1.,0.));
#1772=DIRECTION('',(1.26622151531154E-16,-1.,0.));
#1773=DIRECTION('',(1.,1.26634813746307E-16,0.));
#1774=DIRECTION('',(0.,0.,1.));
#1775=DIRECTION('',(0.,0.,1.));
#1776=DIRECTION('',(0.,1.,0.));
#1777=DIRECTION('',(-1.,0.,0.));
#1778=DIRECTION('',(0.,0.,1.));
#1779=DIRECTION('',(3.25260651745652E-16,0.,-1.));
#1780=DIRECTION('',(-1.,0.,-2.95691501586956E-16));
#1781=DIRECTION('',(-1.,0.,-4.33680868994202E-16));
#1782=DIRECTION('',(0.,1.,0.));
#1783=DIRECTION('',(1.,0.,0.));
#1784=DIRECTION('',(4.33680868994202E-16,0.,-1.));
#1785=DIRECTION('',(-1.,0.,-4.33680868994202E-16));
#1786=DIRECTION('',(0.,0.,-1.));
#1787=DIRECTION('',(0.,0.,1.));
#1788=DIRECTION('',(0.,0.500022179595561,-0.866012598010274));
#1789=DIRECTION('',(1.,0.,0.));
#1790=DIRECTION('',(0.,0.,1.));
#1791=DIRECTION('',(0.,0.500022179595562,0.866012598010274));
#1792=DIRECTION('',(0.,0.,1.));
#1793=DIRECTION('',(0.,0.,-1.));
#1794=DIRECTION('',(1.,0.,0.));
#1795=DIRECTION('',(0.,0.,-1.));
#1796=DIRECTION('',(0.,-1.,0.));
#1797=DIRECTION('',(0.,0.,-1.));
#1798=DIRECTION('',(0.,-1.,0.));
#1799=DIRECTION('',(0.,0.,-1.));
#1800=DIRECTION('',(0.,0.,1.));
#1801=DIRECTION('',(0.,0.,1.));
#1802=DIRECTION('',(0.,1.,0.));
#1803=DIRECTION('',(0.,0.,1.));
#1804=DIRECTION('',(0.,0.,1.));
#1805=DIRECTION('',(-1.,0.,0.));
#1806=DIRECTION('',(0.,0.,1.));
#1807=DIRECTION('',(0.,0.,-1.));
#1808=DIRECTION('',(1.,9.85638338623185E-17,0.));
#1809=DIRECTION('',(1.,1.51316017413397E-15,0.));
#1810=DIRECTION('',(-1.,0.,-4.33680868994202E-16));
#1811=DIRECTION('',(0.,1.,0.));
#1812=DIRECTION('',(4.33680868994202E-16,0.,-1.));
#1813=DIRECTION('',(-1.,0.,-4.33680868994202E-16));
#1814=DIRECTION('',(0.,0.,-1.));
#1815=DIRECTION('',(0.,0.,-1.));
#1816=DIRECTION('',(1.,0.,0.));
#1817=DIRECTION('',(0.,0.,-1.));
#1818=DIRECTION('',(0.,-1.,0.));
#1819=DIRECTION('',(0.,0.,-1.));
#1820=DIRECTION('',(0.,-1.,0.));
#1821=DIRECTION('',(0.,0.,-1.));
#1822=DIRECTION('',(0.,-0.734272068275459,-0.678855308405613));
#1823=DIRECTION('',(0.,-0.734272068275459,-0.678855308405613));
#1824=DIRECTION('',(-1.,0.,0.));
#1825=DIRECTION('',(0.,0.678855308405613,-0.734272068275459));
#1826=DIRECTION('',(0.,0.734272068275459,0.678855308405613));
#1827=DIRECTION('',(0.,0.,1.));
#1828=DIRECTION('',(-1.,0.,0.));
#1829=DIRECTION('',(0.,0.,1.));
#1830=DIRECTION('',(0.,-1.,0.));
#1831=DIRECTION('',(0.,0.,-1.));
#1832=DIRECTION('',(0.,-1.,0.));
#1833=DIRECTION('',(0.,-1.,0.));
#1834=DIRECTION('',(0.,0.,-1.));
#1835=DIRECTION('',(-1.,0.,0.));
#1836=DIRECTION('',(-1.,0.,0.));
#1837=DIRECTION('',(0.,0.,1.));
#1838=DIRECTION('',(-1.,0.,0.));
#1839=DIRECTION('',(0.,0.,1.));
#1840=DIRECTION('',(0.,0.,1.));
#1841=DIRECTION('',(3.25260651745652E-16,0.,-1.));
#1842=DIRECTION('',(-1.,0.,-3.94255335449274E-16));
#1843=DIRECTION('',(0.,0.,1.));
#1844=DIRECTION('',(0.,0.,1.));
#1845=DIRECTION('',(1.,0.,0.));
#1846=DIRECTION('',(1.,0.,0.));
#1847=DIRECTION('',(0.,0.,1.));
#1848=DIRECTION('',(1.,0.,0.));
#1849=DIRECTION('',(0.,-1.,0.));
#1850=DIRECTION('',(0.,0.,-1.));
#1851=DIRECTION('',(-1.,0.,0.));
#1852=DIRECTION('',(0.,0.,1.));
#1853=DIRECTION('',(-1.,0.,0.));
#1854=DIRECTION('',(1.21052813930718E-15,1.,0.));
#1855=DIRECTION('',(-1.,1.21062014579731E-15,0.));
#1856=DIRECTION('',(0.,0.,1.));
#1857=DIRECTION('',(1.,0.,0.));
#1858=DIRECTION('',(0.,0.,1.));
#1859=DIRECTION('',(1.51316017413397E-15,-1.,0.));
#1860=DIRECTION('',(1.,1.51311255192077E-15,0.));
#1861=DIRECTION('',(0.,0.,1.));
#1862=DIRECTION('',(0.,0.,-1.));
#1863=DIRECTION('',(1.,9.85638338623185E-17,0.));
#1864=DIRECTION('',(0.,0.,1.));
#1865=DIRECTION('',(1.,0.,0.));
#1866=DIRECTION('',(0.,0.,1.));
#1867=DIRECTION('',(-1.,0.,0.));
#1868=DIRECTION('',(1.81579220896076E-15,1.,0.));
#1869=DIRECTION('',(-1.,1.81582179847872E-15,0.));
#1870=DIRECTION('',(0.,0.,-1.));
#1871=DIRECTION('',(-7.74430123203932E-17,1.,0.));
#1872=DIRECTION('',(0.,0.,1.));
#1873=DIRECTION('',(1.,0.,0.));
#1874=DIRECTION('',(0.,0.,-1.));
#1875=DIRECTION('',(-1.,0.,0.));
#1876=DIRECTION('',(0.,0.,-1.));
#1877=DIRECTION('',(-7.74430123203932E-17,1.,0.));
#1878=DIRECTION('',(0.,0.,-1.));
#1879=DIRECTION('',(-7.74430123203932E-17,1.,0.));
#1880=DIRECTION('',(0.,0.,1.));
#1881=DIRECTION('',(1.,0.,0.));
#1882=DIRECTION('',(0.,0.,-1.));
#1883=DIRECTION('',(-1.,0.,0.));
#1884=DIRECTION('',(0.,0.,1.));
#1885=DIRECTION('',(1.,0.,6.0709645357285E-17));
#1886=DIRECTION('',(1.,0.,0.));
#1887=DIRECTION('',(0.,-0.866012598010274,-0.500022179595561));
#1888=DIRECTION('',(0.,0.500022179595561,-0.866012598010274));
#1889=DIRECTION('',(1.,0.,0.));
#1890=DIRECTION('',(0.,0.866012598010274,-0.500022179595562));
#1891=DIRECTION('',(0.,0.500022179595562,0.866012598010274));
#1892=DIRECTION('',(1.,0.,0.));
#1893=DIRECTION('',(0.,0.,-1.));
#1894=DIRECTION('',(0.,1.,0.));
#1895=DIRECTION('',(0.,-1.,0.));
#1896=DIRECTION('',(2.03287907341032E-16,0.,1.));
#1897=DIRECTION('',(1.,0.,-2.03287907341032E-16));
#1898=DIRECTION('',(-2.03287907341032E-16,0.,-1.));
#1899=DIRECTION('',(-0.707106781186547,0.,0.707106781186548));
#1900=DIRECTION('',(0.,-1.,0.));
#1901=DIRECTION('',(0.707106781186548,0.,0.707106781186547));
#1902=DIRECTION('',(0.707106781186547,0.,-0.707106781186548));
#1903=DIRECTION('',(-1.,0.,4.33680868994202E-16));
#1904=DIRECTION('',(0.,-1.,0.));
#1905=DIRECTION('',(4.33680868994202E-16,0.,1.));
#1906=DIRECTION('',(1.,0.,-4.33680868994202E-16));
#1907=DIRECTION('',(-1.6365315811102E-16,0.,-1.));
#1908=DIRECTION('',(0.,-1.,0.));
#1909=DIRECTION('',(-1.,0.,1.6365315811102E-16));
#1910=DIRECTION('',(1.63497687610814E-16,0.,1.));
#1911=DIRECTION('',(-1.6365315811102E-16,0.,1.));
#1912=DIRECTION('',(0.,-1.,0.));
#1913=DIRECTION('',(0.,-1.,0.));
#1914=DIRECTION('',(1.,0.,1.6365315811102E-16));
#1915=DIRECTION('',(1.63497687610814E-16,0.,-1.));
#1916=DIRECTION('',(-1.,0.,-4.33680868994202E-16));
#1917=DIRECTION('',(0.,-1.,0.));
#1918=DIRECTION('',(-4.33680868994202E-16,0.,1.));
#1919=DIRECTION('',(1.,0.,4.33680868994202E-16));
#1920=DIRECTION('',(-0.707106781186547,0.,-0.707106781186548));
#1921=DIRECTION('',(-0.707106781186548,0.,0.707106781186547));
#1922=DIRECTION('',(0.707106781186547,0.,0.707106781186548));
#1923=DIRECTION('',(1.,0.,-1.6365315811102E-16));
#1924=DIRECTION('',(-1.6365315811102E-16,0.,-1.));
#1925=DIRECTION('',(-1.,0.,1.63497687610814E-16));
#1926=DIRECTION('',(0.,0.,1.));
#1927=DIRECTION('',(-1.,0.,0.));
#1928=DIRECTION('',(0.,0.,1.));
#1929=DIRECTION('',(1.,0.,0.));
#1930=DIRECTION('',(0.,0.,1.));
#1931=DIRECTION('',(-1.,0.,0.));
#1932=DIRECTION('',(0.,0.,1.));
#1933=DIRECTION('',(1.,0.,0.));
#1934=DIRECTION('',(1.,0.,0.));
#1935=DIRECTION('',(0.,-1.,0.));
#1936=DIRECTION('',(0.,0.,-1.));
#1937=DIRECTION('',(0.,0.,1.));
#1938=DIRECTION('',(1.,0.,0.));
#1939=DIRECTION('',(0.,0.,1.));
#1940=DIRECTION('',(-1.,0.,0.));
#1941=DIRECTION('',(0.,0.,-1.));
#1942=DIRECTION('',(1.,0.,0.));
#1943=DIRECTION('',(0.,1.,0.));
#1944=DIRECTION('',(0.,0.,1.));
#1945=DIRECTION('',(0.,-1.,-3.1794785116877E-16));
#1946=DIRECTION('',(0.,0.,-1.));
#1947=DIRECTION('',(0.,1.,0.));
#1948=DIRECTION('',(1.,0.,0.));
#1949=DIRECTION('',(0.,0.,-1.));
#1950=DIRECTION('',(0.,1.,0.));
#1951=DIRECTION('',(0.,0.,1.));
#1952=DIRECTION('',(0.,-1.,-3.1794785116877E-16));
#1953=DIRECTION('',(1.,0.,0.));
#1954=DIRECTION('',(0.,0.,-1.));
#1955=DIRECTION('',(1.,0.,0.));
#1956=DIRECTION('',(0.,3.1794785116877E-16,-1.));
#1957=DIRECTION('',(0.,1.,3.1788807697275E-16));
#1958=DIRECTION('',(-1.,0.,0.));
#1959=DIRECTION('',(0.,0.,1.));
#1960=DIRECTION('',(1.,0.,0.));
#1961=DIRECTION('',(0.,1.63037920674512E-16,-1.));
#1962=DIRECTION('',(1.,0.,0.));
#1963=DIRECTION('',(0.,1.63037920674512E-16,-1.));
#1964=DIRECTION('',(0.,1.,1.63037920674512E-16));
#1965=DIRECTION('',(0.,-1.6306400674182E-16,1.));
#1966=DIRECTION('',(0.,-1.45530492951074E-16,1.));
#1967=DIRECTION('',(-1.,0.,0.));
#1968=DIRECTION('',(0.,-1.45530492951074E-16,1.));
#1969=DIRECTION('',(0.,-1.,-1.45530492951074E-16));
#1970=DIRECTION('',(0.,1.45716771982052E-16,-1.));
#1971=DIRECTION('',(0.,1.,0.));
#1972=DIRECTION('',(1.,0.,0.));
#1973=DIRECTION('',(0.,0.,-1.));
#1974=DIRECTION('',(0.,-1.,0.));
#1975=DIRECTION('',(1.,0.,0.));
#1976=DIRECTION('',(0.,0.,-1.));
#1977=DIRECTION('',(1.,0.,0.));
#1978=DIRECTION('',(0.,-1.,0.));
#1979=DIRECTION('',(-1.,0.,0.));
#1980=DIRECTION('',(0.,1.,0.));
#1981=DIRECTION('',(0.,0.,1.));
#1982=DIRECTION('',(1.,0.,0.));
#1983=DIRECTION('',(-0.245599354379008,0.245599354379008,0.937742989447124));
#1984=DIRECTION('',(0.245599354379008,0.245599354379008,-0.937742989447124));
#1985=DIRECTION('',(0.967372223380245,0.,0.253359391837683));
#1986=DIRECTION('',(0.,1.,0.));
#1987=DIRECTION('',(-0.245599354379008,0.245599354379008,-0.937742989447124));
#1988=DIRECTION('',(0.,0.967372223380245,0.253359391837683));
#1989=DIRECTION('',(-1.,0.,0.));
#1990=DIRECTION('',(0.245599354379008,0.245599354379008,0.937742989447124));
#1991=DIRECTION('',(0.,-0.967372223380245,0.253359391837683));
#1992=DIRECTION('',(-1.,0.,0.));
#1993=DIRECTION('',(0.967372223380245,0.,-0.253359391837683));
#1994=DIRECTION('',(0.,-1.,0.));
#1995=DIRECTION('',(0.245599354379008,-0.937742989447124,0.245599354379009));
#1996=DIRECTION('',(0.245599354379009,0.937742989447124,-0.245599354379009));
#1997=DIRECTION('',(0.,0.253359391837683,0.967372223380245));
#1998=DIRECTION('',(-1.,0.,0.));
#1999=DIRECTION('',(0.245599354379009,0.937742989447124,0.245599354379009));
#2000=DIRECTION('',(0.967372223380245,-0.253359391837683,0.));
#2001=DIRECTION('',(0.,0.,1.));
#2002=DIRECTION('',(0.245599354379008,-0.937742989447124,-0.245599354379009));
#2003=DIRECTION('',(0.967372223380245,0.253359391837683,0.));
#2004=DIRECTION('',(0.,0.,-1.));
#2005=DIRECTION('',(0.,0.253359391837684,-0.967372223380245));
#2006=DIRECTION('',(-1.,0.,0.));
#2007=DIRECTION('',(0.,0.,1.));
#2008=DIRECTION('',(-1.,0.,0.));
#2009=DIRECTION('',(0.,0.,-1.));
#2010=DIRECTION('',(1.,0.,0.));
#2011=DIRECTION('',(0.,1.,0.));
#2012=DIRECTION('',(0.,0.,1.));
#2013=DIRECTION('',(0.,-1.,-3.1794785116877E-16));
#2014=DIRECTION('',(0.,0.,-1.));
#2015=DIRECTION('',(0.,1.,0.));
#2016=DIRECTION('',(1.,0.,0.));
#2017=DIRECTION('',(0.,0.,-1.));
#2018=DIRECTION('',(0.,1.,0.));
#2019=DIRECTION('',(0.,0.,1.));
#2020=DIRECTION('',(0.,-1.,-3.1794785116877E-16));
#2021=DIRECTION('',(1.,0.,0.));
#2022=DIRECTION('',(0.,0.,-1.));
#2023=DIRECTION('',(1.,0.,0.));
#2024=DIRECTION('',(0.,3.1794785116877E-16,-1.));
#2025=DIRECTION('',(0.,1.,3.1788807697275E-16));
#2026=DIRECTION('',(-1.,0.,0.));
#2027=DIRECTION('',(0.,0.,1.));
#2028=DIRECTION('',(1.,0.,0.));
#2029=DIRECTION('',(0.,1.63037920674512E-16,-1.));
#2030=DIRECTION('',(1.,0.,0.));
#2031=DIRECTION('',(0.,1.63037920674512E-16,-1.));
#2032=DIRECTION('',(0.,1.,1.63037920674512E-16));
#2033=DIRECTION('',(0.,-1.6306400674182E-16,1.));
#2034=DIRECTION('',(0.,-1.45530492951074E-16,1.));
#2035=DIRECTION('',(-1.,0.,0.));
#2036=DIRECTION('',(0.,-1.45530492951074E-16,1.));
#2037=DIRECTION('',(0.,-1.,-1.45530492951074E-16));
#2038=DIRECTION('',(0.,1.45716771982052E-16,-1.));
#2039=DIRECTION('',(0.,1.,0.));
#2040=DIRECTION('',(1.,0.,0.));
#2041=DIRECTION('',(0.,0.,-1.));
#2042=DIRECTION('',(0.,-1.,0.));
#2043=DIRECTION('',(1.,0.,0.));
#2044=DIRECTION('',(0.,0.,-1.));
#2045=DIRECTION('',(1.,0.,0.));
#2046=DIRECTION('',(0.,-1.,0.));
#2047=DIRECTION('',(-1.,0.,0.));
#2048=DIRECTION('',(0.,1.,0.));
#2049=DIRECTION('',(0.,0.,1.));
#2050=DIRECTION('',(1.,0.,0.));
#2051=DIRECTION('',(-0.245599354379008,0.245599354379008,0.937742989447124));
#2052=DIRECTION('',(0.245599354379008,0.245599354379008,-0.937742989447124));
#2053=DIRECTION('',(0.967372223380245,0.,0.253359391837683));
#2054=DIRECTION('',(0.,1.,0.));
#2055=DIRECTION('',(-0.245599354379008,0.245599354379008,-0.937742989447124));
#2056=DIRECTION('',(0.,0.967372223380245,0.253359391837683));
#2057=DIRECTION('',(-1.,0.,0.));
#2058=DIRECTION('',(0.245599354379008,0.245599354379008,0.937742989447124));
#2059=DIRECTION('',(0.,-0.967372223380245,0.253359391837683));
#2060=DIRECTION('',(-1.,0.,0.));
#2061=DIRECTION('',(0.967372223380245,0.,-0.253359391837683));
#2062=DIRECTION('',(0.,-1.,0.));
#2063=DIRECTION('',(0.245599354379008,-0.937742989447124,0.245599354379009));
#2064=DIRECTION('',(0.245599354379009,0.937742989447124,-0.245599354379009));
#2065=DIRECTION('',(0.,0.253359391837683,0.967372223380245));
#2066=DIRECTION('',(-1.,0.,0.));
#2067=DIRECTION('',(0.245599354379009,0.937742989447124,0.245599354379009));
#2068=DIRECTION('',(0.967372223380245,-0.253359391837683,0.));
#2069=DIRECTION('',(0.,0.,1.));
#2070=DIRECTION('',(0.245599354379008,-0.937742989447124,-0.245599354379009));
#2071=DIRECTION('',(0.967372223380245,0.253359391837683,0.));
#2072=DIRECTION('',(0.,0.,-1.));
#2073=DIRECTION('',(0.,0.253359391837684,-0.967372223380245));
#2074=DIRECTION('',(-1.,0.,0.));
#2075=CARTESIAN_POINT('',(0.,0.,0.));
#2076=CARTESIAN_POINT('',(-3.425,-4.955,0.));
#2077=CARTESIAN_POINT('',(-3.425,-4.955,0.));
#2078=CARTESIAN_POINT('',(3.425,-4.955,0.));
#2079=CARTESIAN_POINT('',(3.425,-4.955,3.86));
#2080=CARTESIAN_POINT('',(3.425,-4.955,3.86));
#2081=CARTESIAN_POINT('',(-3.425,-4.955,3.86));
#2082=CARTESIAN_POINT('',(-3.425,-4.955,3.86));
#2083=CARTESIAN_POINT('',(-3.425,-4.955,3.86));
#2084=CARTESIAN_POINT('',(-0.174999999999999,-4.955,2.585));
#2085=CARTESIAN_POINT('',(-0.174999999999999,-4.955,2.585));
#2086=CARTESIAN_POINT('',(0.174999999999999,-4.955,2.585));
#2087=CARTESIAN_POINT('',(-0.174999999999999,-4.955,1.255));
#2088=CARTESIAN_POINT('',(-0.174999999999999,-4.955,1.255));
#2089=CARTESIAN_POINT('',(-0.824999999999999,-4.955,0.605000000000001));
#2090=CARTESIAN_POINT('',(-0.824999999999999,-4.955,0.605000000000001));
#2091=CARTESIAN_POINT('',(-2.825,-4.955,0.605));
#2092=CARTESIAN_POINT('',(-2.825,-4.955,0.605));
#2093=CARTESIAN_POINT('',(-2.825,-4.955,3.255));
#2094=CARTESIAN_POINT('',(-2.825,-4.955,3.255));
#2095=CARTESIAN_POINT('',(-0.175,-4.955,3.255));
#2096=CARTESIAN_POINT('',(2.825,-4.955,3.255));
#2097=CARTESIAN_POINT('',(2.825,-4.955,0.605));
#2098=CARTESIAN_POINT('',(2.825,-4.955,0.605));
#2099=CARTESIAN_POINT('',(0.824999999999999,-4.955,0.605000000000001));
#2100=CARTESIAN_POINT('',(0.825,-4.955,0.605));
#2101=CARTESIAN_POINT('',(0.174999999999999,-4.955,1.255));
#2102=CARTESIAN_POINT('',(0.174999999999999,-4.955,1.255));
#2103=CARTESIAN_POINT('',(0.175,-4.955,3.255));
#2104=CARTESIAN_POINT('',(-3.425,-4.955,3.86));
#2105=CARTESIAN_POINT('',(-0.174999999999999,-4.955,2.585));
#2106=CARTESIAN_POINT('',(-0.175,1.645,2.585));
#2107=CARTESIAN_POINT('',(-0.174999999999999,1.645,1.255));
#2108=CARTESIAN_POINT('',(-0.174999999999999,1.645,1.255));
#2109=CARTESIAN_POINT('',(-0.174999999999999,-4.955,1.255));
#2110=CARTESIAN_POINT('',(-0.174999999999999,-4.955,1.255));
#2111=CARTESIAN_POINT('',(-1.04967174862874,-0.859019332041979,-3.49901290852462));
#2112=CARTESIAN_POINT('',(-1.10365582676592,-0.941201334397429,-3.35667792365036));
#2113=CARTESIAN_POINT('',(-1.15545250903107,-1.02371978625637,-3.21376022560755));
#2114=CARTESIAN_POINT('',(-1.25670217537847,-1.18911718077521,-2.92730047806744));
#2115=CARTESIAN_POINT('',(-1.30611858388023,-1.2720017492279,-2.78374868498752));
#2116=CARTESIAN_POINT('',(-1.35479589711321,-1.35500000000001,-2.64));
#2117=CARTESIAN_POINT('',(-1.04967174862874,-0.859019332041979,-3.49901290852462));
#2118=CARTESIAN_POINT('',(-1.35479589711321,-1.35500000000001,-2.64));
#2119=CARTESIAN_POINT('',(-0.374999999999999,-0.354999999999952,-2.63999999999999));
#2120=CARTESIAN_POINT('',(-1.3547958971133,0.645000000000006,-2.64));
#2121=CARTESIAN_POINT('',(-1.3547958971133,0.645000000000007,-2.64));
#2122=CARTESIAN_POINT('',(-1.30611858388032,0.562001749227904,-2.78374868498752));
#2123=CARTESIAN_POINT('',(-1.25670217537856,0.479117180775215,-2.92730047806744));
#2124=CARTESIAN_POINT('',(-1.15545250903115,0.313719786256368,-3.21376022560755));
#2125=CARTESIAN_POINT('',(-1.103655826766,0.23120133439743,-3.35667792365035));
#2126=CARTESIAN_POINT('',(-1.04967174862881,0.149019332041981,-3.49901290852461));
#2127=CARTESIAN_POINT('',(-1.04967174862881,0.149019332041981,-3.49901290852461));
#2128=CARTESIAN_POINT('',(-1.04967174862895,0.149019332042029,-3.49901290852469));
#2129=CARTESIAN_POINT('',(-1.04162889092222,0.13677538579329,-3.52021879125042));
#2130=CARTESIAN_POINT('',(-1.03501598893217,0.122898702517798,-3.54111013889786));
#2131=CARTESIAN_POINT('',(-1.02482848162866,0.092559679342341,-3.58088050087357));
#2132=CARTESIAN_POINT('',(-1.02118999982311,0.076025063075154,-3.59990566506098));
#2133=CARTESIAN_POINT('',(-1.01631843525925,0.0401428422243308,-3.63605932946813));
#2134=CARTESIAN_POINT('',(-1.01509809126724,0.0206876266566757,-3.65323413259215));
#2135=CARTESIAN_POINT('',(-1.01439308825764,-0.0197046690919518,-3.68439444446726));
#2136=CARTESIAN_POINT('',(-1.01487524867337,-0.0407869861219248,-3.69854985099936));
#2137=CARTESIAN_POINT('',(-1.01761765223374,-0.106673827192613,-3.73680810273874));
#2138=CARTESIAN_POINT('',(-1.0211354046363,-0.154671366899726,-3.75679186003537));
#2139=CARTESIAN_POINT('',(-1.02508483403792,-0.228243974359077,-3.77659645328119));
#2140=CARTESIAN_POINT('',(-1.02621118053641,-0.25315658187179,-3.7815887057702));
#2141=CARTESIAN_POINT('',(-1.0277627514627,-0.303785044476082,-3.78830432837767));
#2142=CARTESIAN_POINT('',(-1.02818322184712,-0.329650636049985,-3.79000808731115));
#2143=CARTESIAN_POINT('',(-1.02817733846105,-0.406253736126436,-3.78998373716632));
#2144=CARTESIAN_POINT('',(-1.0264343931605,-0.456612234489185,-3.7833632723442));
#2145=CARTESIAN_POINT('',(-1.02110401628742,-0.555916658039822,-3.75663506803942));
#2146=CARTESIAN_POINT('',(-1.01762961290462,-0.602988752851329,-3.73701400100262));
#2147=CARTESIAN_POINT('',(-1.01486398384495,-0.669508756702232,-3.69837312391382));
#2148=CARTESIAN_POINT('',(-1.01438706910258,-0.690933259978512,-3.68394461632337));
#2149=CARTESIAN_POINT('',(-1.0151260785891,-0.731277994348842,-3.65273509411311));
#2150=CARTESIAN_POINT('',(-1.01633502472912,-0.750347364360692,-3.63587235466246));
#2151=CARTESIAN_POINT('',(-1.0212326079028,-0.786255566099876,-3.59965409113044));
#2152=CARTESIAN_POINT('',(-1.02496629645848,-0.803085189002382,-3.58024539712092));
#2153=CARTESIAN_POINT('',(-1.03519372780521,-0.833309314629247,-3.54051642338374));
#2154=CARTESIAN_POINT('',(-1.04170025634335,-0.846884028071223,-3.52003062843425));
#2155=CARTESIAN_POINT('',(-1.04967174862875,-0.859019332041964,-3.49901290852461));
#2156=CARTESIAN_POINT('',(-0.375000000000001,-0.354999999999952,-3.79));
#2157=CARTESIAN_POINT('',(0.475,-0.354999999999982,-3.208));
#2158=CARTESIAN_POINT('',(0.475,0.149019332041979,-3.49901290852462));
#2159=CARTESIAN_POINT('',(0.475,-0.859019332041966,-3.49901290852461));
#2160=CARTESIAN_POINT('',(1.875,0.149019332041998,-3.49901290852462));
#2161=CARTESIAN_POINT('',(1.04967174862879,0.149019332041998,-3.49901290852462));
#2162=CARTESIAN_POINT('',(1.04967174862879,0.149019332041998,-3.49901290852462));
#2163=CARTESIAN_POINT('',(1.0417002563434,0.136884028071256,-3.52003062843425));
#2164=CARTESIAN_POINT('',(1.03519372780525,0.12330931462928,-3.54051642338374));
#2165=CARTESIAN_POINT('',(1.02496629645852,0.0930851890024146,-3.58024539712093));
#2166=CARTESIAN_POINT('',(1.02123260790284,0.0762555660999088,-3.59965409113045));
#2167=CARTESIAN_POINT('',(1.01633502472916,0.0403473643607238,-3.63587235466246));
#2168=CARTESIAN_POINT('',(1.01512607858913,0.0212779943488746,-3.65273509411312));
#2169=CARTESIAN_POINT('',(1.01438706910261,-0.0190667400214559,-3.68394461632337));
#2170=CARTESIAN_POINT('',(1.01486398384498,-0.0404912432977361,-3.69837312391382));
#2171=CARTESIAN_POINT('',(1.01762961290464,-0.10701124714864,-3.73701400100262));
#2172=CARTESIAN_POINT('',(1.02110401628744,-0.154083341960147,-3.75663506803942));
#2173=CARTESIAN_POINT('',(1.02643439316051,-0.253387765510784,-3.78336327234421));
#2174=CARTESIAN_POINT('',(1.02817733846105,-0.303746263873534,-3.78998373716633));
#2175=CARTESIAN_POINT('',(1.02818322184712,-0.380349363949985,-3.79000808731115));
#2176=CARTESIAN_POINT('',(1.0277627514627,-0.406214955523887,-3.78830432837767));
#2177=CARTESIAN_POINT('',(1.0262111805364,-0.456843418128179,-3.7815887057702));
#2178=CARTESIAN_POINT('',(1.0250848340379,-0.481756025640892,-3.77659645328119));
#2179=CARTESIAN_POINT('',(1.02113540463628,-0.555328633100242,-3.75679186003537));
#2180=CARTESIAN_POINT('',(1.01761765223371,-0.603326172807354,-3.73680810273874));
#2181=CARTESIAN_POINT('',(1.01487524867334,-0.669213013878042,-3.69854985099936));
#2182=CARTESIAN_POINT('',(1.01439308825761,-0.690295330908015,-3.68439444446726));
#2183=CARTESIAN_POINT('',(1.01509809126721,-0.730687626656642,-3.65323413259215));
#2184=CARTESIAN_POINT('',(1.01631843525921,-0.750142842224297,-3.63605932946813));
#2185=CARTESIAN_POINT('',(1.02118999982307,-0.786025063075121,-3.59990566506098));
#2186=CARTESIAN_POINT('',(1.02482848162862,-0.802559679342307,-3.58088050087357));
#2187=CARTESIAN_POINT('',(1.03501598893213,-0.832898702517764,-3.54111013889786));
#2188=CARTESIAN_POINT('',(1.04162889092218,-0.846775385793256,-3.52021879125042));
#2189=CARTESIAN_POINT('',(1.04967174862891,-0.859019332041995,-3.49901290852469));
#2190=CARTESIAN_POINT('',(1.04967174862874,-0.859019332041979,-3.49901290852462));
#2191=CARTESIAN_POINT('',(1.875,-0.859019332041979,-3.49901290852462));
#2192=CARTESIAN_POINT('',(1.875,-0.354999999999982,-3.208));
#2193=CARTESIAN_POINT('',(0.475,-1.35500000000001,-2.64));
#2194=CARTESIAN_POINT('',(0.475,-1.355,-2.64));
#2195=CARTESIAN_POINT('',(1.04967174862874,-0.859019332041979,-3.49901290852462));
#2196=CARTESIAN_POINT('',(1.10365582676592,-0.941201334397428,-3.35667792365036));
#2197=CARTESIAN_POINT('',(1.15545250903107,-1.02371978625637,-3.21376022560755));
#2198=CARTESIAN_POINT('',(1.25670217537847,-1.18911718077521,-2.92730047806744));
#2199=CARTESIAN_POINT('',(1.30611858388023,-1.2720017492279,-2.78374868498752));
#2200=CARTESIAN_POINT('',(1.35479589711321,-1.35500000000001,-2.64));
#2201=CARTESIAN_POINT('',(1.35479589711321,-1.35500000000001,-2.64));
#2202=CARTESIAN_POINT('',(1.35479589711326,-1.35499999999997,-2.64));
#2203=CARTESIAN_POINT('',(1.87499999999999,-1.35500000000001,-2.64));
#2204=CARTESIAN_POINT('',(0.475,0.149019332041979,-3.49901290852462));
#2205=CARTESIAN_POINT('',(0.475000000000002,0.645000000000006,-2.64));
#2206=CARTESIAN_POINT('',(0.475,0.645000000000031,-2.64));
#2207=CARTESIAN_POINT('',(1.35479589711326,0.645000000000031,-2.64));
#2208=CARTESIAN_POINT('',(1.3547958971133,0.645000000000006,-2.64));
#2209=CARTESIAN_POINT('',(1.30611858388032,0.562001749227903,-2.78374868498752));
#2210=CARTESIAN_POINT('',(1.25670217537856,0.479117180775215,-2.92730047806744));
#2211=CARTESIAN_POINT('',(1.15545250903115,0.313719786256368,-3.21376022560755));
#2212=CARTESIAN_POINT('',(1.103655826766,0.23120133439743,-3.35667792365035));
#2213=CARTESIAN_POINT('',(1.04967174862881,0.149019332041981,-3.49901290852461));
#2214=CARTESIAN_POINT('',(1.875,0.149019332041979,-3.49901290852462));
#2215=CARTESIAN_POINT('',(0.833257569495585,-1.35499999999995,-0.539999999999999));
#2216=CARTESIAN_POINT('',(0.833257569495585,-1.35499999999995,-0.539999999999997));
#2217=CARTESIAN_POINT('',(0.475000000000002,-1.35499999999995,-0.539999999999996));
#2218=CARTESIAN_POINT('',(0.375,-0.354999999999952,-0.539999999999997));
#2219=CARTESIAN_POINT('',(1.475,-0.354999999999952,-0.539999999999997));
#2220=CARTESIAN_POINT('',(1.475,3.105,-0.539999999999996));
#2221=CARTESIAN_POINT('',(1.475,-3.355,-0.539999999999996));
#2222=CARTESIAN_POINT('',(0.475000000000002,-3.355,-0.539999999999996));
#2223=CARTESIAN_POINT('',(0.475000000000002,-3.355,-0.539999999999996));
#2224=CARTESIAN_POINT('',(0.475000000000002,3.105,-0.539999999999996));
#2225=CARTESIAN_POINT('',(0.475000000000002,3.105,-0.539999999999996));
#2226=CARTESIAN_POINT('',(-0.474999999999999,-1.35499999999995,-0.539999999999999));
#2227=CARTESIAN_POINT('',(-0.475,-1.35499999999995,-0.539999999999997));
#2228=CARTESIAN_POINT('',(-0.833257569495584,-1.35499999999995,-0.540000000000007));
#2229=CARTESIAN_POINT('',(-0.475,3.105,-0.539999999999997));
#2230=CARTESIAN_POINT('',(-0.475,-3.355,-0.539999999999997));
#2231=CARTESIAN_POINT('',(-1.475,-3.355,-0.539999999999997));
#2232=CARTESIAN_POINT('',(-1.475,-3.355,-0.539999999999997));
#2233=CARTESIAN_POINT('',(-1.475,3.105,-0.539999999999997));
#2234=CARTESIAN_POINT('',(-1.475,-0.354999999999952,-0.540000000000007));
#2235=CARTESIAN_POINT('',(-0.375,-0.354999999999952,-0.540000000000006));
#2236=CARTESIAN_POINT('',(-1.475,3.105,-0.539999999999997));
#2237=CARTESIAN_POINT('',(-3.425,4.955,3.86));
#2238=CARTESIAN_POINT('',(-3.425,4.955,3.86));
#2239=CARTESIAN_POINT('',(3.425,-4.955,3.86));
#2240=CARTESIAN_POINT('',(3.425,4.955,3.86));
#2241=CARTESIAN_POINT('',(3.425,4.955,3.86));
#2242=CARTESIAN_POINT('',(0.7,-4.395,3.86));
#2243=CARTESIAN_POINT('',(0.7,-4.395,3.86));
#2244=CARTESIAN_POINT('',(-0.7,-4.395,3.86));
#2245=CARTESIAN_POINT('',(-0.7,-4.395,3.86));
#2246=CARTESIAN_POINT('',(-0.7,-2.035,3.86));
#2247=CARTESIAN_POINT('',(0.7,-2.035,3.86));
#2248=CARTESIAN_POINT('',(0.7,-2.035,3.86));
#2249=CARTESIAN_POINT('',(0.7,-4.395,3.86));
#2250=CARTESIAN_POINT('',(0.,0.,3.86));
#2251=CARTESIAN_POINT('',(0.,3.62499999999999,0.));
#2252=CARTESIAN_POINT('',(-1.18,3.62499999999999,0.));
#2253=CARTESIAN_POINT('',(-1.82,3.62499999999999,0.));
#2254=CARTESIAN_POINT('',(-1.18,0.,0.));
#2255=CARTESIAN_POINT('',(-1.18,4.26499999999999,0.));
#2256=CARTESIAN_POINT('',(0.,4.26499999999999,0.));
#2257=CARTESIAN_POINT('',(-1.82,4.26499999999999,0.));
#2258=CARTESIAN_POINT('',(-1.82,0.,0.));
#2259=CARTESIAN_POINT('',(0.,3.62499999999999,0.));
#2260=CARTESIAN_POINT('',(1.82,3.62499999999999,0.));
#2261=CARTESIAN_POINT('',(1.18,3.62499999999999,0.));
#2262=CARTESIAN_POINT('',(1.82,0.,0.));
#2263=CARTESIAN_POINT('',(1.82,4.26499999999999,0.));
#2264=CARTESIAN_POINT('',(0.,4.26499999999999,0.));
#2265=CARTESIAN_POINT('',(1.18,4.26499999999999,0.));
#2266=CARTESIAN_POINT('',(1.18,0.,0.));
#2267=CARTESIAN_POINT('',(-3.425,4.955,0.));
#2268=CARTESIAN_POINT('',(-3.425,4.955,0.));
#2269=CARTESIAN_POINT('',(3.425,4.955,0.));
#2270=CARTESIAN_POINT('',(3.425,4.955,0.));
#2271=CARTESIAN_POINT('',(3.425,-4.955,0.));
#2272=CARTESIAN_POINT('',(-1.475,3.105,0.));
#2273=CARTESIAN_POINT('',(-1.475,-3.355,0.));
#2274=CARTESIAN_POINT('',(-1.475,3.105,0.));
#2275=CARTESIAN_POINT('',(-0.474999999999999,-3.355,0.));
#2276=CARTESIAN_POINT('',(-0.474999999999999,-3.355,0.));
#2277=CARTESIAN_POINT('',(-0.474999999999999,3.105,0.));
#2278=CARTESIAN_POINT('',(-0.474999999999999,3.105,0.));
#2279=CARTESIAN_POINT('',(-0.474999999999999,3.105,0.));
#2280=CARTESIAN_POINT('',(1.475,3.105,7.21644966006352E-16));
#2281=CARTESIAN_POINT('',(0.475000000000002,3.105,-3.33066907387547E-16));
#2282=CARTESIAN_POINT('',(1.475,3.105,6.50521303491303E-16));
#2283=CARTESIAN_POINT('',(0.475000000000002,3.105,-3.33066907387547E-16));
#2284=CARTESIAN_POINT('',(0.475000000000002,-3.355,-3.33066907387547E-16));
#2285=CARTESIAN_POINT('',(1.475,-3.355,7.21644966006352E-16));
#2286=CARTESIAN_POINT('',(1.475,-3.355,0.));
#2287=CARTESIAN_POINT('',(1.475,3.105,6.50521303491303E-16));
#2288=CARTESIAN_POINT('',(0.,0.,0.));
#2289=CARTESIAN_POINT('',(-3.425,4.955,3.86));
#2290=CARTESIAN_POINT('',(-3.425,4.955,3.86));
#2291=CARTESIAN_POINT('',(3.425,4.955,3.86));
#2292=CARTESIAN_POINT('',(3.425,-4.955,3.86));
#2293=CARTESIAN_POINT('',(3.425,4.955,3.86));
#2294=CARTESIAN_POINT('',(-1.475,-3.355,0.));
#2295=CARTESIAN_POINT('',(-1.475,3.105,0.));
#2296=CARTESIAN_POINT('',(-1.475,3.105,-0.539999999999997));
#2297=CARTESIAN_POINT('',(-1.475,3.105,-0.539999999999997));
#2298=CARTESIAN_POINT('',(-1.475,3.105,0.));
#2299=CARTESIAN_POINT('',(-0.375,-0.354999999999952,-0.540000000000006));
#2300=CARTESIAN_POINT('',(-0.833257569495584,0.645000000000048,-0.540000000000007));
#2301=CARTESIAN_POINT('',(-1.475,3.105,-0.539999999999997));
#2302=CARTESIAN_POINT('',(-0.475,3.105,-0.539999999999997));
#2303=CARTESIAN_POINT('',(-0.475,3.105,-0.539999999999997));
#2304=CARTESIAN_POINT('',(-0.474999999999999,0.645000000000048,-0.539999999999999));
#2305=CARTESIAN_POINT('',(-0.833257569495584,0.645000000000048,-0.539999999999999));
#2306=CARTESIAN_POINT('',(-1.475,3.105,-0.539999999999997));
#2307=CARTESIAN_POINT('',(-0.474999999999999,-3.355,-0.539999999999997));
#2308=CARTESIAN_POINT('',(-0.474999999999999,-1.35499999999995,-2.29));
#2309=CARTESIAN_POINT('',(-0.475,-1.355,-2.64));
#2310=CARTESIAN_POINT('',(-0.475,-1.35500000000001,-2.64));
#2311=CARTESIAN_POINT('',(-0.475,-0.859019332041979,-3.49901290852462));
#2312=CARTESIAN_POINT('',(-0.475,-0.354999999999982,-3.208));
#2313=CARTESIAN_POINT('',(-0.475,0.149019332041998,-3.49901290852462));
#2314=CARTESIAN_POINT('',(-0.475,0.149019332041979,-3.49901290852462));
#2315=CARTESIAN_POINT('',(-0.475,0.644999999999995,-2.64));
#2316=CARTESIAN_POINT('',(-0.474999999999999,0.645000000000048,-2.29));
#2317=CARTESIAN_POINT('',(-0.474999999999999,3.105,-0.539999999999997));
#2318=CARTESIAN_POINT('',(-0.474999999999999,3.105,-0.539999999999997));
#2319=CARTESIAN_POINT('',(0.,3.105,0.));
#2320=CARTESIAN_POINT('',(0.,-3.355,0.));
#2321=CARTESIAN_POINT('',(0.475000000000002,-3.355,-3.33066907387547E-16));
#2322=CARTESIAN_POINT('',(0.475000000000002,3.105,-3.33066907387547E-16));
#2323=CARTESIAN_POINT('',(0.475000000000002,3.105,-0.539999999999996));
#2324=CARTESIAN_POINT('',(0.475000000000002,3.105,-0.539999999999996));
#2325=CARTESIAN_POINT('',(0.475000000000002,0.645000000000049,-0.539999999999996));
#2326=CARTESIAN_POINT('',(0.475,0.645000000000048,-2.29));
#2327=CARTESIAN_POINT('',(0.475,-1.35499999999995,-2.29));
#2328=CARTESIAN_POINT('',(0.475000000000002,3.105,-3.33066907387547E-16));
#2329=CARTESIAN_POINT('',(0.375,-0.354999999999952,-0.539999999999997));
#2330=CARTESIAN_POINT('',(0.833257569495585,0.645000000000048,-0.539999999999999));
#2331=CARTESIAN_POINT('',(0.475,0.645000000000048,-0.539999999999999));
#2332=CARTESIAN_POINT('',(0.475000000000002,3.105,-0.539999999999996));
#2333=CARTESIAN_POINT('',(1.475,3.105,-0.539999999999996));
#2334=CARTESIAN_POINT('',(1.475,3.105,-0.539999999999996));
#2335=CARTESIAN_POINT('',(0.475000000000002,3.105,-0.539999999999996));
#2336=CARTESIAN_POINT('',(1.475,-3.355,-0.539999999999996));
#2337=CARTESIAN_POINT('',(1.475,3.105,-0.539999999999996));
#2338=CARTESIAN_POINT('',(1.475,3.105,-0.539999999999996));
#2339=CARTESIAN_POINT('',(0.,3.105,0.));
#2340=CARTESIAN_POINT('',(0.,-3.355,0.));
#2341=CARTESIAN_POINT('',(-0.7,-2.805,5.33));
#2342=CARTESIAN_POINT('',(-0.7,-2.805,5.33));
#2343=CARTESIAN_POINT('',(0.7,-2.805,5.33));
#2344=CARTESIAN_POINT('',(0.7,-2.805,5.33));
#2345=CARTESIAN_POINT('',(0.7,-2.805,5.33));
#2346=CARTESIAN_POINT('',(0.7,-2.805,5.33));
#2347=CARTESIAN_POINT('',(-0.7,-2.035,3.86));
#2348=CARTESIAN_POINT('',(-0.7,-2.035,5.33));
#2349=CARTESIAN_POINT('',(0.7,-2.035,5.33));
#2350=CARTESIAN_POINT('',(0.7,-2.035,5.33));
#2351=CARTESIAN_POINT('',(0.7,-2.035,3.86));
#2352=CARTESIAN_POINT('',(0.7,-2.035,3.86));
#2353=CARTESIAN_POINT('',(-0.7,-2.035,5.33));
#2354=CARTESIAN_POINT('',(0.7,-2.035,5.33));
#2355=CARTESIAN_POINT('',(0.7,-2.035,5.33));
#2356=CARTESIAN_POINT('',(0.7,0.,0.));
#2357=CARTESIAN_POINT('',(-0.7,0.,0.));
#2358=CARTESIAN_POINT('',(-0.833257569495584,0.645000000000048,-2.29000000000001));
#2359=CARTESIAN_POINT('',(-0.83325756949562,0.645000000000031,-2.29000000000001));
#2360=CARTESIAN_POINT('',(-0.375,-0.354999999999952,-2.29000000000001));
#2361=CARTESIAN_POINT('',(-0.833257569495584,-1.35499999999995,-2.29000000000001));
#2362=CARTESIAN_POINT('',(-0.833257569495584,-1.35499999999995,-2.29000000000001));
#2363=CARTESIAN_POINT('',(-0.375,-0.354999999999952,-2.29000000000001));
#2364=CARTESIAN_POINT('',(-1.35479589711326,0.645000000000031,-2.64));
#2365=CARTESIAN_POINT('',(-1.35479589711327,0.645000000000047,-2.63999999999999));
#2366=CARTESIAN_POINT('',(-1.35479589711327,0.645000000000047,-2.28999999999999));
#2367=CARTESIAN_POINT('',(-1.35479589711326,0.645000000000031,-2.29));
#2368=CARTESIAN_POINT('',(-0.833257569495584,0.645000000000048,-2.29));
#2369=CARTESIAN_POINT('',(-0.474999999999999,-1.35499999999997,-2.29));
#2370=CARTESIAN_POINT('',(-1.35479589711326,-1.35499999999997,-2.28999999999999));
#2371=CARTESIAN_POINT('',(-1.35479589711326,-1.35499999999997,-2.63999999999999));
#2372=CARTESIAN_POINT('',(-0.474999999999999,-1.35499999999997,-2.64));
#2373=CARTESIAN_POINT('',(-0.474999999999999,-1.35499999999995,-2.29));
#2374=CARTESIAN_POINT('',(0.833257569495585,0.645000000000048,-2.29));
#2375=CARTESIAN_POINT('',(0.833257569495585,0.645000000000048,-2.29));
#2376=CARTESIAN_POINT('',(0.475,0.645000000000031,-2.29));
#2377=CARTESIAN_POINT('',(1.35479589711326,0.645000000000031,-2.29));
#2378=CARTESIAN_POINT('',(1.35479589711326,0.645000000000031,-2.64));
#2379=CARTESIAN_POINT('',(0.475,0.645000000000048,-2.29));
#2380=CARTESIAN_POINT('',(0.833257569495585,-1.35499999999995,-2.29));
#2381=CARTESIAN_POINT('',(0.833257569495556,-1.35499999999997,-2.29));
#2382=CARTESIAN_POINT('',(0.375,-0.354999999999952,-2.29));
#2383=CARTESIAN_POINT('',(0.375,-0.354999999999952,-2.29));
#2384=CARTESIAN_POINT('',(1.35479589711326,-1.35499999999997,-2.64));
#2385=CARTESIAN_POINT('',(1.35479589711326,-1.35499999999997,-2.29));
#2386=CARTESIAN_POINT('',(1.35479589711326,-1.35499999999997,-2.29));
#2387=CARTESIAN_POINT('',(0.833257569495585,-1.35499999999995,-2.29));
#2388=CARTESIAN_POINT('',(-0.374999999999999,-0.354999999999952,-2.28999999999999));
#2389=CARTESIAN_POINT('',(-0.374999999999999,-0.354999999999952,-2.63999999999999));
#2390=CARTESIAN_POINT('',(-0.374999999999999,-0.354999999999952,-2.28999999999999));
#2391=CARTESIAN_POINT('',(0.375000000000001,-0.354999999999952,-2.29));
#2392=CARTESIAN_POINT('',(0.375000000000001,-0.354999999999952,-2.64));
#2393=CARTESIAN_POINT('',(0.375000000000001,-0.354999999999952,-2.64));
#2394=CARTESIAN_POINT('',(0.375000000000001,-0.354999999999952,-2.29));
#2395=CARTESIAN_POINT('',(0.375000000000001,-0.354999999999952,-3.79));
#2396=CARTESIAN_POINT('',(-1.87500000000001,-0.859019332041979,-3.49901290852462));
#2397=CARTESIAN_POINT('',(-1.87500000000001,-1.35500000000001,-2.64));
#2398=CARTESIAN_POINT('',(-1.875,0.149019332041998,-3.49901290852462));
#2399=CARTESIAN_POINT('',(-1.875,0.149019332041979,-3.49901290852462));
#2400=CARTESIAN_POINT('',(-1.875,-0.354999999999982,-3.208));
#2401=CARTESIAN_POINT('',(0.174999999999999,-4.955,2.585));
#2402=CARTESIAN_POINT('',(0.174999999999999,1.645,2.585));
#2403=CARTESIAN_POINT('',(0.174999999999999,-4.955,1.255));
#2404=CARTESIAN_POINT('',(0.174999999999999,1.645,1.255));
#2405=CARTESIAN_POINT('',(0.175,1.645,3.255));
#2406=CARTESIAN_POINT('',(0.175,-4.955,3.255));
#2407=CARTESIAN_POINT('',(0.174999999999999,1.645,1.255));
#2408=CARTESIAN_POINT('',(0.825,1.645,0.605));
#2409=CARTESIAN_POINT('',(0.825,-4.955,0.605));
#2410=CARTESIAN_POINT('',(0.174999999999999,-4.955,1.255));
#2411=CARTESIAN_POINT('',(0.824999999999999,1.645,0.605000000000001));
#2412=CARTESIAN_POINT('',(2.825,1.645,0.605));
#2413=CARTESIAN_POINT('',(2.825,-4.955,0.605));
#2414=CARTESIAN_POINT('',(0.824999999999999,-4.955,0.605000000000001));
#2415=CARTESIAN_POINT('',(2.825,1.645,0.605));
#2416=CARTESIAN_POINT('',(2.825,1.645,3.255));
#2417=CARTESIAN_POINT('',(2.825,-4.955,3.255));
#2418=CARTESIAN_POINT('',(2.825,-4.955,0.605));
#2419=CARTESIAN_POINT('',(-2.825,1.645,3.255));
#2420=CARTESIAN_POINT('',(-2.825,1.645,0.605));
#2421=CARTESIAN_POINT('',(-2.825,1.645,3.255));
#2422=CARTESIAN_POINT('',(-2.825,-4.955,3.255));
#2423=CARTESIAN_POINT('',(-2.825,-4.955,0.605));
#2424=CARTESIAN_POINT('',(-2.825,-4.955,3.255));
#2425=CARTESIAN_POINT('',(-2.825,1.645,0.605));
#2426=CARTESIAN_POINT('',(-0.824999999999999,1.645,0.605000000000001));
#2427=CARTESIAN_POINT('',(-0.824999999999999,-4.955,0.605000000000001));
#2428=CARTESIAN_POINT('',(-2.825,-4.955,0.605));
#2429=CARTESIAN_POINT('',(-0.824999999999999,1.645,0.605000000000001));
#2430=CARTESIAN_POINT('',(-0.824999999999999,-4.955,0.605000000000001));
#2431=CARTESIAN_POINT('',(-0.175,1.645,3.255));
#2432=CARTESIAN_POINT('',(-0.175,-4.955,3.255));
#2433=CARTESIAN_POINT('',(-1.18,1.645,0.));
#2434=CARTESIAN_POINT('',(-1.18,1.645,1.61));
#2435=CARTESIAN_POINT('',(-1.18,1.645,2.25));
#2436=CARTESIAN_POINT('',(0.,1.645,1.61));
#2437=CARTESIAN_POINT('',(-1.82,1.645,1.61));
#2438=CARTESIAN_POINT('',(-1.82,1.645,0.));
#2439=CARTESIAN_POINT('',(-1.82,1.645,2.25));
#2440=CARTESIAN_POINT('',(0.,1.645,2.25));
#2441=CARTESIAN_POINT('',(1.82,1.645,0.));
#2442=CARTESIAN_POINT('',(1.82,1.645,1.61));
#2443=CARTESIAN_POINT('',(1.82,1.645,2.25));
#2444=CARTESIAN_POINT('',(0.,1.645,1.61));
#2445=CARTESIAN_POINT('',(1.18,1.645,1.61));
#2446=CARTESIAN_POINT('',(1.18,1.645,0.));
#2447=CARTESIAN_POINT('',(1.18,1.645,2.25));
#2448=CARTESIAN_POINT('',(0.,1.645,2.25));
#2449=CARTESIAN_POINT('',(-0.174999999999999,1.645,2.585));
#2450=CARTESIAN_POINT('',(0.,1.645,0.));
#2451=CARTESIAN_POINT('',(-0.174999999999999,-4.955,2.585));
#2452=CARTESIAN_POINT('',(1.6,-2.555,2.25));
#2453=CARTESIAN_POINT('',(1.6,-2.555,1.83));
#2454=CARTESIAN_POINT('',(1.6,-2.555,2.03));
#2455=CARTESIAN_POINT('',(1.82,-2.555,2.03));
#2456=CARTESIAN_POINT('',(1.4,-2.555,2.03));
#2457=CARTESIAN_POINT('',(1.4,-2.555,2.25));
#2458=CARTESIAN_POINT('',(1.4,-2.555,1.83));
#2459=CARTESIAN_POINT('',(1.82,-2.555,1.83));
#2460=CARTESIAN_POINT('',(1.82,-2.555,2.25));
#2461=CARTESIAN_POINT('',(1.82,4.26499999999999,2.25));
#2462=CARTESIAN_POINT('',(1.82,-1.715,2.25));
#2463=CARTESIAN_POINT('',(1.82,-1.715,1.61));
#2464=CARTESIAN_POINT('',(1.82,-1.715,1.61));
#2465=CARTESIAN_POINT('',(1.82,-2.555,1.61));
#2466=CARTESIAN_POINT('',(1.82,0.,0.));
#2467=CARTESIAN_POINT('',(1.18,-2.555,1.61));
#2468=CARTESIAN_POINT('',(1.18,-1.715,1.61));
#2469=CARTESIAN_POINT('',(1.18,-1.715,0.));
#2470=CARTESIAN_POINT('',(1.18,-1.715,2.25));
#2471=CARTESIAN_POINT('',(1.18,4.26499999999999,2.25));
#2472=CARTESIAN_POINT('',(1.18,0.,0.));
#2473=CARTESIAN_POINT('',(1.82,-1.715,2.25));
#2474=CARTESIAN_POINT('',(1.82,4.26499999999999,2.25));
#2475=CARTESIAN_POINT('',(1.82,-1.715,1.61));
#2476=CARTESIAN_POINT('',(1.82,-2.555,1.61));
#2477=CARTESIAN_POINT('',(1.18,3.62499999999999,1.61));
#2478=CARTESIAN_POINT('',(1.18,3.62499999999999,-2.87));
#2479=CARTESIAN_POINT('',(1.82,3.62499999999999,-2.87));
#2480=CARTESIAN_POINT('',(1.82,3.62499999999999,-2.87));
#2481=CARTESIAN_POINT('',(1.82,3.62499999999999,1.61));
#2482=CARTESIAN_POINT('',(1.82,3.62499999999999,1.61));
#2483=CARTESIAN_POINT('',(1.82,4.26499999999999,-3.71));
#2484=CARTESIAN_POINT('',(1.82,4.26499999999999,-2.87));
#2485=CARTESIAN_POINT('',(1.82,4.26499999999999,-2.87));
#2486=CARTESIAN_POINT('',(1.18,4.26499999999999,-2.87));
#2487=CARTESIAN_POINT('',(1.18,4.26499999999999,-3.71));
#2488=CARTESIAN_POINT('',(1.82,4.26499999999999,-3.71));
#2489=CARTESIAN_POINT('',(1.82,4.26499999999999,-2.87));
#2490=CARTESIAN_POINT('',(1.82,0.,0.));
#2491=CARTESIAN_POINT('',(1.18,0.,-2.87));
#2492=CARTESIAN_POINT('',(1.18,0.,0.));
#2493=CARTESIAN_POINT('',(1.82,4.04499999999999,-3.71));
#2494=CARTESIAN_POINT('',(1.4,4.04499999999999,-3.71));
#2495=CARTESIAN_POINT('',(1.6,4.04499999999999,-3.71));
#2496=CARTESIAN_POINT('',(1.6,3.62499999999999,-3.71));
#2497=CARTESIAN_POINT('',(1.6,3.84499999999999,-3.71));
#2498=CARTESIAN_POINT('',(1.82,3.84499999999999,-3.71));
#2499=CARTESIAN_POINT('',(1.4,3.84499999999999,-3.71));
#2500=CARTESIAN_POINT('',(1.4,3.62499999999999,-3.71));
#2501=CARTESIAN_POINT('',(1.82,3.62499999999999,-3.71));
#2502=CARTESIAN_POINT('',(1.21860418743769,4.22639581256231,-3.01739780658026));
#2503=CARTESIAN_POINT('',(1.3867298105683,3.83172981056829,-3.65933200398803));
#2504=CARTESIAN_POINT('',(1.4,3.62499999999999,-3.71));
#2505=CARTESIAN_POINT('',(1.6132701894317,3.83172981056829,-3.65933200398803));
#2506=CARTESIAN_POINT('',(1.82,3.84499999999999,-3.71));
#2507=CARTESIAN_POINT('',(1.82,4.26499999999999,-2.87));
#2508=CARTESIAN_POINT('',(1.82,4.26499999999999,-2.87));
#2509=CARTESIAN_POINT('',(1.82,0.,-2.87));
#2510=CARTESIAN_POINT('',(1.42533399800598,-2.65172981056829,1.85533399800598));
#2511=CARTESIAN_POINT('',(1.82,-1.715,1.61));
#2512=CARTESIAN_POINT('',(1.82,-1.715,1.61));
#2513=CARTESIAN_POINT('',(1.68428215353938,-2.23319541375872,2.11428215353938));
#2514=CARTESIAN_POINT('',(1.82,-1.715,0.));
#2515=CARTESIAN_POINT('',(1.3867298105683,-2.50433200398803,2.04327018943171));
#2516=CARTESIAN_POINT('',(1.4,-2.555,2.25));
#2517=CARTESIAN_POINT('',(1.82,-2.555,2.03));
#2518=CARTESIAN_POINT('',(-1.4,-2.555,2.25));
#2519=CARTESIAN_POINT('',(-1.4,-2.555,1.83));
#2520=CARTESIAN_POINT('',(-1.4,-2.555,2.03));
#2521=CARTESIAN_POINT('',(-1.18,-2.555,2.03));
#2522=CARTESIAN_POINT('',(-1.6,-2.555,2.03));
#2523=CARTESIAN_POINT('',(-1.6,-2.555,2.25));
#2524=CARTESIAN_POINT('',(-1.6,-2.555,1.83));
#2525=CARTESIAN_POINT('',(-1.18,-2.555,1.83));
#2526=CARTESIAN_POINT('',(-1.18,-2.555,2.25));
#2527=CARTESIAN_POINT('',(-1.18,4.26499999999999,2.25));
#2528=CARTESIAN_POINT('',(-1.18,-1.715,2.25));
#2529=CARTESIAN_POINT('',(-1.18,-1.715,1.61));
#2530=CARTESIAN_POINT('',(-1.18,-1.715,1.61));
#2531=CARTESIAN_POINT('',(-1.18,-2.555,1.61));
#2532=CARTESIAN_POINT('',(-1.18,0.,0.));
#2533=CARTESIAN_POINT('',(-1.82,-2.555,1.61));
#2534=CARTESIAN_POINT('',(-1.82,-1.715,1.61));
#2535=CARTESIAN_POINT('',(-1.82,-1.715,0.));
#2536=CARTESIAN_POINT('',(-1.82,-1.715,2.25));
#2537=CARTESIAN_POINT('',(-1.82,4.26499999999999,2.25));
#2538=CARTESIAN_POINT('',(-1.82,0.,0.));
#2539=CARTESIAN_POINT('',(-1.18,-1.715,2.25));
#2540=CARTESIAN_POINT('',(-1.18,4.26499999999999,2.25));
#2541=CARTESIAN_POINT('',(-1.18,-1.715,1.61));
#2542=CARTESIAN_POINT('',(-1.18,-2.555,1.61));
#2543=CARTESIAN_POINT('',(-1.82,3.62499999999999,1.61));
#2544=CARTESIAN_POINT('',(-1.82,3.62499999999999,-2.87));
#2545=CARTESIAN_POINT('',(-1.18,3.62499999999999,-2.87));
#2546=CARTESIAN_POINT('',(-1.18,3.62499999999999,-2.87));
#2547=CARTESIAN_POINT('',(-1.18,3.62499999999999,1.61));
#2548=CARTESIAN_POINT('',(-1.18,3.62499999999999,1.61));
#2549=CARTESIAN_POINT('',(-1.18,4.26499999999999,-3.71));
#2550=CARTESIAN_POINT('',(-1.18,4.26499999999999,-2.87));
#2551=CARTESIAN_POINT('',(-1.18,4.26499999999999,-2.87));
#2552=CARTESIAN_POINT('',(-1.82,4.26499999999999,-2.87));
#2553=CARTESIAN_POINT('',(-1.82,4.26499999999999,-3.71));
#2554=CARTESIAN_POINT('',(-1.18,4.26499999999999,-3.71));
#2555=CARTESIAN_POINT('',(-1.18,4.26499999999999,-2.87));
#2556=CARTESIAN_POINT('',(-1.18,0.,0.));
#2557=CARTESIAN_POINT('',(-1.82,0.,-2.87));
#2558=CARTESIAN_POINT('',(-1.82,0.,0.));
#2559=CARTESIAN_POINT('',(-1.18,4.04499999999999,-3.71));
#2560=CARTESIAN_POINT('',(-1.6,4.04499999999999,-3.71));
#2561=CARTESIAN_POINT('',(-1.4,4.04499999999999,-3.71));
#2562=CARTESIAN_POINT('',(-1.4,3.62499999999999,-3.71));
#2563=CARTESIAN_POINT('',(-1.4,3.84499999999999,-3.71));
#2564=CARTESIAN_POINT('',(-1.18,3.84499999999999,-3.71));
#2565=CARTESIAN_POINT('',(-1.6,3.84499999999999,-3.71));
#2566=CARTESIAN_POINT('',(-1.6,3.62499999999999,-3.71));
#2567=CARTESIAN_POINT('',(-1.18,3.62499999999999,-3.71));
#2568=CARTESIAN_POINT('',(-1.78139581256231,4.22639581256231,-3.01739780658026));
#2569=CARTESIAN_POINT('',(-1.6132701894317,3.83172981056829,-3.65933200398803));
#2570=CARTESIAN_POINT('',(-1.6,3.62499999999999,-3.71));
#2571=CARTESIAN_POINT('',(-1.3867298105683,3.83172981056829,-3.65933200398803));
#2572=CARTESIAN_POINT('',(-1.18,3.84499999999999,-3.71));
#2573=CARTESIAN_POINT('',(-1.18,4.26499999999999,-2.87));
#2574=CARTESIAN_POINT('',(-1.18,4.26499999999999,-2.87));
#2575=CARTESIAN_POINT('',(-1.18,0.,-2.87));
#2576=CARTESIAN_POINT('',(-1.57466600199402,-2.65172981056829,1.85533399800598));
#2577=CARTESIAN_POINT('',(-1.18,-1.715,1.61));
#2578=CARTESIAN_POINT('',(-1.18,-1.715,1.61));
#2579=CARTESIAN_POINT('',(-1.31571784646062,-2.23319541375872,2.11428215353938));
#2580=CARTESIAN_POINT('',(-1.18,-1.715,0.));
#2581=CARTESIAN_POINT('',(-1.61327018943171,-2.50433200398803,2.04327018943171));
#2582=CARTESIAN_POINT('',(-1.6,-2.555,2.25));
#2583=CARTESIAN_POINT('',(-1.18,-2.555,2.03));
#2584=MECHANICAL_DESIGN_GEOMETRIC_PRESENTATION_REPRESENTATION('',(#24),
#2585);
#2585=(
GEOMETRIC_REPRESENTATION_CONTEXT(3)
GLOBAL_UNCERTAINTY_ASSIGNED_CONTEXT((#2586))
GLOBAL_UNIT_ASSIGNED_CONTEXT((#2592,#2588,#2587))
REPRESENTATION_CONTEXT('2157601002wbm000_02_214',
'TOP_LEVEL_ASSEMBLY_PART')
);
#2586=UNCERTAINTY_MEASURE_WITH_UNIT(LENGTH_MEASURE(0.0002),#2592,
'DISTANCE_ACCURACY_VALUE','Maximum Tolerance applied to model');
#2587=(
NAMED_UNIT(*)
SI_UNIT($,.STERADIAN.)
SOLID_ANGLE_UNIT()
);
#2588=(
CONVERSION_BASED_UNIT('DEGREE',#2590)
NAMED_UNIT(#2589)
PLANE_ANGLE_UNIT()
);
#2589=DIMENSIONAL_EXPONENTS(0.,0.,0.,0.,0.,0.,0.);
#2590=PLANE_ANGLE_MEASURE_WITH_UNIT(PLANE_ANGLE_MEASURE(0.0174532925),#2591);
#2591=(
NAMED_UNIT(*)
PLANE_ANGLE_UNIT()
SI_UNIT($,.RADIAN.)
);
#2592=(
LENGTH_UNIT()
NAMED_UNIT(*)
SI_UNIT(.MILLI.,.METRE.)
);
ENDSEC;
END-ISO-10303-21;
