ISO-10303-21;
HEADER;
FILE_DESCRIPTION (( 'STEP AP214' ),
    '1' );
FILE_NAME ('CDRH5D18NP-100NC.STEP',
    '2022-01-18T07:56:31',
    ( '' ),
    ( '' ),
    'SwSTEP 2.0',
    'SolidWorks 2017',
    '' );
FILE_SCHEMA (( 'AUTOMOTIVE_DESIGN' ));
ENDSEC;

DATA;
#1 = DIRECTION ( 'NONE',  ( -0.0000000000000000000, -0.0000000000000000000, 1.000000000000000000 ) ) ;
#2 = ORIENTED_EDGE ( 'NONE', *, *, #1710, .F. ) ;
#3 = DIRECTION ( 'NONE',  ( -0.8660254037844363800, 0.0000000000000000000, -0.5000000000000040000 ) ) ;
#4 = FACE_OUTER_BOUND ( 'NONE', #535, .T. ) ;
#5 = EDGE_LOOP ( 'NONE', ( #268 ) ) ;
#6 = ORIENTED_EDGE ( 'NONE', *, *, #3635, .T. ) ;
#7 = CARTESIAN_POINT ( 'NONE',  ( 1.632667453115285800, 0.0000000000000000000, -1.439615242270661400 ) ) ;
#8 = VERTEX_POINT ( 'NONE', #912 ) ;
#9 = ORIENTED_EDGE ( 'NONE', *, *, #3032, .T. ) ;
#10 = ORIENTED_EDGE ( 'NONE', *, *, #3341, .T. ) ;
#11 = ORIENTED_EDGE ( 'NONE', *, *, #1467, .F. ) ;
#12 = DIRECTION ( 'NONE',  ( -0.8660254037844367100, 0.0000000000000000000, 0.5000000000000033300 ) ) ;
#13 = UNCERTAINTY_MEASURE_WITH_UNIT (LENGTH_MEASURE( 1.000000000000000100E-005 ), #2682, 'distance_accuracy_value', 'NONE');
#14 = DIRECTION ( 'NONE',  ( 0.7071067811865472400, 0.0000000000000000000, -0.7071067811865479100 ) ) ;
#15 = LINE ( 'NONE', #2906, #2473 ) ;
#16 = AXIS2_PLACEMENT_3D ( 'NONE', #4341, #4017, #953 ) ;
#17 = EDGE_LOOP ( 'NONE', ( #3103, #3233, #356, #857 ) ) ;
#18 = ADVANCED_FACE ( 'NONE', ( #704 ), #332, .T. ) ;
#19 = DIRECTION ( 'NONE',  ( 2.784401775768830400E-016, -0.0000000000000000000, 1.000000000000000000 ) ) ;
#20 = EDGE_CURVE ( 'NONE', #2868, #195, #1430, .T. ) ;
#21 = ORIENTED_EDGE ( 'NONE', *, *, #4260, .T. ) ;
#22 = CARTESIAN_POINT ( 'NONE',  ( 2.121320343559642400, 1.490000000000000000, 2.474873734152917200 ) ) ;
#23 = LINE ( 'NONE', #3570, #3690 ) ;
#24 = DIRECTION ( 'NONE',  ( -0.7071067811865474600, -0.0000000000000000000, 0.7071067811865474600 ) ) ;
#25 = ADVANCED_FACE ( 'NONE', ( #2480 ), #3937, .F. ) ;
#26 = ORIENTED_EDGE ( 'NONE', *, *, #2679, .T. ) ;
#27 = VECTOR ( 'NONE', #2676, 1000.000000000000000 ) ;
#28 = ORIENTED_EDGE ( 'NONE', *, *, #1710, .T. ) ;
#29 = EDGE_CURVE ( 'NONE', #1317, #4020, #1629, .T. ) ;
#30 = AXIS2_PLACEMENT_3D ( 'NONE', #3197, #191, #2842 ) ;
#31 = CARTESIAN_POINT ( 'NONE',  ( 1.932667453115288300, 5.946455813684773200, -0.9199999999999996000 ) ) ;
#32 = CARTESIAN_POINT ( 'NONE',  ( 2.071231517720797800, 5.946455813684773200, 1.000000000000000000 ) ) ;
#33 = ORIENTED_EDGE ( 'NONE', *, *, #2879, .T. ) ;
#34 = LINE ( 'NONE', #3429, #3507 ) ;
#35 = APPLICATION_CONTEXT ( 'automotive_design' ) ;
#36 = DIRECTION ( 'NONE',  ( 0.0000000000000000000, 0.0000000000000000000, -1.000000000000000000 ) ) ;
#37 = PLANE ( 'NONE',  #2734 ) ;
#38 = LINE ( 'NONE', #2285, #1804 ) ;
#39 = CARTESIAN_POINT ( 'NONE',  ( -1.741465986122621400, 5.946455813684773200, 1.502430104589882500 ) ) ;
#40 = VECTOR ( 'NONE', #3671, 1000.000000000000000 ) ;
#41 = CARTESIAN_POINT ( 'NONE',  ( 2.850000000000000100, 1.279999999999998300, 1.350000000000000100 ) ) ;
#42 = CARTESIAN_POINT ( 'NONE',  ( -1.849999999999999600, 0.0000000000000000000, 2.750000000000000400 ) ) ;
#43 = EDGE_CURVE ( 'NONE', #3853, #3537, #651, .T. ) ;
#44 = CARTESIAN_POINT ( 'NONE',  ( 2.849999999999999600, 1.655000000000000000, -0.8500000000000000900 ) ) ;
#45 = FACE_OUTER_BOUND ( 'NONE', #947, .T. ) ;
#46 = CARTESIAN_POINT ( 'NONE',  ( 1.741465986122621400, 5.946455813684773200, -1.502430104589882500 ) ) ;
#47 = EDGE_LOOP ( 'NONE', ( #3315, #944, #692, #3071 ) ) ;
#48 = CARTESIAN_POINT ( 'NONE',  ( -3.133842712474620700, 1.280000000000000000, -2.568157287525382900 ) ) ;
#49 = EDGE_CURVE ( 'NONE', #3591, #3322, #2911, .T. ) ;
#50 = CYLINDRICAL_SURFACE ( 'NONE', #1960, 0.07499999999999998300 ) ;
#51 = ORIENTED_EDGE ( 'NONE', *, *, #3460, .F. ) ;
#52 = DIRECTION ( 'NONE',  ( 0.0000000000000000000, 1.000000000000000000, 0.0000000000000000000 ) ) ;
#53 = DIRECTION ( 'NONE',  ( 0.9205746178983229600, -0.3905667329424725700, 0.0000000000000000000 ) ) ;
#54 = LINE ( 'NONE', #58, #3947 ) ;
#55 = VERTEX_POINT ( 'NONE', #4349 ) ;
#56 = CARTESIAN_POINT ( 'NONE',  ( -2.474873734152917200, 0.2999999999999999300, -1.909188309203676800 ) ) ;
#57 = VERTEX_POINT ( 'NONE', #992 ) ;
#58 = CARTESIAN_POINT ( 'NONE',  ( -2.749999999999999600, 0.1499999999999999700, -1.000000000000000200 ) ) ;
#59 = EDGE_CURVE ( 'NONE', #3556, #429, #3175, .T. ) ;
#60 = CARTESIAN_POINT ( 'NONE',  ( 2.850000000000000500, 0.1499999999999999900, 1.000000000000000000 ) ) ;
#61 = ORIENTED_EDGE ( 'NONE', *, *, #1908, .T. ) ;
#62 = VERTEX_POINT ( 'NONE', #642 ) ;
#63 = CARTESIAN_POINT ( 'NONE',  ( 2.720666380280794900, 1.641679751581522500, -0.8488076620824018800 ) ) ;
#64 = CARTESIAN_POINT ( 'NONE',  ( 1.932667453115288100, 0.0000000000000000000, 0.9199999999999993700 ) ) ;
#65 = ORIENTED_EDGE ( 'NONE', *, *, #902, .T. ) ;
#66 = CARTESIAN_POINT ( 'NONE',  ( -0.7815409207752024300, 1.579999999997292500, 2.740755368341276600 ) ) ;
#67 = ORIENTED_EDGE ( 'NONE', *, *, #4092, .T. ) ;
#68 = VECTOR ( 'NONE', #1492, 1000.000000000000100 ) ;
#69 = ORIENTED_EDGE ( 'NONE', *, *, #2393, .T. ) ;
#70 = ORIENTED_EDGE ( 'NONE', *, *, #878, .F. ) ;
#71 = EDGE_CURVE ( 'NONE', #3651, #215, #494, .T. ) ;
#72 = CARTESIAN_POINT ( 'NONE',  ( -2.580939751330899100, 1.580000000000000100, -2.015254326381659100 ) ) ;
#73 = ORIENTED_EDGE ( 'NONE', *, *, #1533, .F. ) ;
#74 = DIRECTION ( 'NONE',  ( 0.7071067811865475700, -0.0000000000000000000, 0.7071067811865475700 ) ) ;
#75 = LINE ( 'NONE', #435, #2635 ) ;
#76 = FILL_AREA_STYLE ('',( #646 ) ) ;
#77 = DIRECTION ( 'NONE',  ( -0.5000000000000036600, 0.0000000000000000000, 0.8660254037844366000 ) ) ;
#78 = EDGE_LOOP ( 'NONE', ( #2931, #4184, #3574, #3949 ) ) ;
#79 = DIRECTION ( 'NONE',  ( -0.0000000000000000000, -1.000000000000000000, -0.0000000000000000000 ) ) ;
#80 = VECTOR ( 'NONE', #3055, 999.9999999999998900 ) ;
#81 = AXIS2_PLACEMENT_3D ( 'NONE', #1514, #870, #2859 ) ;
#82 = ORIENTED_EDGE ( 'NONE', *, *, #577, .T. ) ;
#83 = EDGE_CURVE ( 'NONE', #1133, #2934, #1124, .T. ) ;
#84 = CARTESIAN_POINT ( 'NONE',  ( -1.932667453115288100, 0.1499999999999999900, -0.9199999999999993700 ) ) ;
#85 = DIRECTION ( 'NONE',  ( 0.0000000000000000000, 0.0000000000000000000, 1.000000000000000000 ) ) ;
#86 = CARTESIAN_POINT ( 'NONE',  ( -1.909188309203679400, 0.1499999999999999400, -2.474873734152915000 ) ) ;
#87 = VERTEX_POINT ( 'NONE', #3678 ) ;
#88 = DIRECTION ( 'NONE',  ( -0.8660254037844376000, -0.0000000000000000000, 0.5000000000000020000 ) ) ;
#89 = LINE ( 'NONE', #4179, #3335 ) ;
#90 = DIRECTION ( 'NONE',  ( 0.0000000000000000000, 0.0000000000000000000, -1.000000000000000000 ) ) ;
#91 = CARTESIAN_POINT ( 'NONE',  ( -2.674223304703364300, 1.370000000000000100, -3.027776695296639200 ) ) ;
#92 = VECTOR ( 'NONE', #2591, 1000.000000000000000 ) ;
#93 = CARTESIAN_POINT ( 'NONE',  ( -1.932667453115288100, 0.1499999999999999900, -0.9199999999999993700 ) ) ;
#94 = CARTESIAN_POINT ( 'NONE',  ( -2.474873734152916300, 1.370000000000000300, -2.121320343559641100 ) ) ;
#95 = LINE ( 'NONE', #1806, #1809 ) ;
#96 = PLANE ( 'NONE',  #391 ) ;
#97 = LINE ( 'NONE', #3752, #459 ) ;
#98 = DIRECTION ( 'NONE',  ( 0.0000000000000000000, -1.000000000000000000, -0.0000000000000000000 ) ) ;
#99 = AXIS2_PLACEMENT_3D ( 'NONE', #252, #2925, #571 ) ;
#100 = DIRECTION ( 'NONE',  ( 0.0000000000000000000, 0.0000000000000000000, 1.000000000000000000 ) ) ;
#101 = EDGE_CURVE ( 'NONE', #4020, #4105, #1279, .T. ) ;
#102 = LINE ( 'NONE', #882, #258 ) ;
#103 = ORIENTED_EDGE ( 'NONE', *, *, #2065, .F. ) ;
#104 = ORIENTED_EDGE ( 'NONE', *, *, #1947, .F. ) ;
#105 = CARTESIAN_POINT ( 'NONE',  ( -2.071231517720798700, 0.0000000000000000000, 1.000000000000000400 ) ) ;
#106 = CIRCLE ( 'NONE', #2801, 2.849999999999999200 ) ;
#107 = AXIS2_PLACEMENT_3D ( 'NONE', #3862, #2507, #2840 ) ;
#108 = EDGE_LOOP ( 'NONE', ( #2792, #4306, #1521, #4064 ) ) ;
#109 = VECTOR ( 'NONE', #4089, 1000.000000000000000 ) ;
#110 = DIRECTION ( 'NONE',  ( 0.0000000000000000000, 1.000000000000000000, 0.0000000000000000000 ) ) ;
#111 = ORIENTED_EDGE ( 'NONE', *, *, #150, .T. ) ;
#112 = ORIENTED_EDGE ( 'NONE', *, *, #2393, .F. ) ;
#113 = CARTESIAN_POINT ( 'NONE',  ( 2.071231517720798700, 0.0000000000000000000, -1.000000000000000400 ) ) ;
#114 = EDGE_CURVE ( 'NONE', #673, #62, #2168, .T. ) ;
#115 = FACE_OUTER_BOUND ( 'NONE', #821, .T. ) ;
#116 = CARTESIAN_POINT ( 'NONE',  ( -1.932667453115288300, 0.1499999999999999900, 0.9199999999999996000 ) ) ;
#117 = VERTEX_POINT ( 'NONE', #316 ) ;
#118 = CARTESIAN_POINT ( 'NONE',  ( 2.720294101747088100, 1.655000000000000000, -0.8499999999999998700 ) ) ;
#119 = CARTESIAN_POINT ( 'NONE',  ( 2.687005768508879700, -5.267836809119285900E-017, 2.121320343559642400 ) ) ;
#120 = LINE ( 'NONE', #1818, #2362 ) ;
#121 = ORIENTED_EDGE ( 'NONE', *, *, #4279, .T. ) ;
#122 = DIRECTION ( 'NONE',  ( -0.7071067811865474600, 0.0000000000000000000, -0.7071067811865476800 ) ) ;
#123 = ORIENTED_EDGE ( 'NONE', *, *, #243, .F. ) ;
#124 = SURFACE_SIDE_STYLE ('',( #3832 ) ) ;
#125 = VECTOR ( 'NONE', #2596, 1000.000000000000000 ) ;
#126 = CARTESIAN_POINT ( 'NONE',  ( 2.580939751330897800, -5.267836809119285900E-017, 2.015254326381660000 ) ) ;
#127 = PLANE ( 'NONE',  #160 ) ;
#128 = EDGE_CURVE ( 'NONE', #2940, #3958, #3441, .T. ) ;
#129 = EDGE_LOOP ( 'NONE', ( #4062 ) ) ;
#130 = CARTESIAN_POINT ( 'NONE',  ( 2.750000000000000400, 0.0000000000000000000, -2.750000000000000400 ) ) ;
#131 = FACE_OUTER_BOUND ( 'NONE', #3042, .T. ) ;
#132 = EDGE_LOOP ( 'NONE', ( #1411, #3010, #2037, #167, #3629, #1426 ) ) ;
#133 = ADVANCED_FACE ( 'NONE', ( #543 ), #3353, .F. ) ;
#134 = PLANE ( 'NONE',  #239 ) ;
#135 = CARTESIAN_POINT ( 'NONE',  ( -1.909188309203679400, -1.593896411677231600E-017, -2.474873734152915000 ) ) ;
#136 = LINE ( 'NONE', #148, #1631 ) ;
#137 = CARTESIAN_POINT ( 'NONE',  ( 1.817157287525380500, 0.0000000000000000000, 2.382842712474619000 ) ) ;
#138 = ORIENTED_EDGE ( 'NONE', *, *, #355, .F. ) ;
#139 = DIRECTION ( 'NONE',  ( -0.7071067811865474600, 0.0000000000000000000, 0.7071067811865474600 ) ) ;
#140 = EDGE_CURVE ( 'NONE', #1233, #581, #3802, .T. ) ;
#141 = VERTEX_POINT ( 'NONE', #967 ) ;
#142 = FILL_AREA_STYLE ('',( #487 ) ) ;
#143 = VECTOR ( 'NONE', #1303, 1000.000000000000000 ) ;
#144 = DIRECTION ( 'NONE',  ( -0.7071067811865475700, 0.0000000000000000000, -0.7071067811865475700 ) ) ;
#145 = EDGE_CURVE ( 'NONE', #1861, #2437, #1920, .T. ) ;
#146 = CARTESIAN_POINT ( 'NONE',  ( -1.632667453115285800, 0.0000000000000000000, 1.439615242270661400 ) ) ;
#147 = LINE ( 'NONE', #1931, #2704 ) ;
#148 = CARTESIAN_POINT ( 'NONE',  ( -2.121320343559643700, 0.2999999999999999300, -2.687005768508879300 ) ) ;
#149 = LINE ( 'NONE', #3006, #2550 ) ;
#150 = EDGE_CURVE ( 'NONE', #1338, #3277, #2562, .T. ) ;
#151 = DIRECTION ( 'NONE',  ( -0.7071067811865479100, 0.0000000000000000000, -0.7071067811865472400 ) ) ;
#152 = AXIS2_PLACEMENT_3D ( 'NONE', #222, #3517, #1192 ) ;
#153 = DIRECTION ( 'NONE',  ( -1.000000000000000000, 0.0000000000000000000, 2.784401775768830400E-016 ) ) ;
#154 = ADVANCED_FACE ( 'NONE', ( #469 ), #2022, .F. ) ;
#155 = VECTOR ( 'NONE', #365, 1000.000000000000000 ) ;
#156 = DIRECTION ( 'NONE',  ( 0.7071067811865462400, 1.224646799147352700E-016, 0.7071067811865489100 ) ) ;
#157 = ORIENTED_EDGE ( 'NONE', *, *, #2343, .F. ) ;
#158 = CARTESIAN_POINT ( 'NONE',  ( -2.071231517720798700, 0.1499999999999999900, 1.000000000000000400 ) ) ;
#159 = LINE ( 'NONE', #2156, #1200 ) ;
#160 = AXIS2_PLACEMENT_3D ( 'NONE', #2090, #3828, #1486 ) ;
#161 = CARTESIAN_POINT ( 'NONE',  ( 2.580939751330898300, 1.490000000000000000, 2.227386360737624300 ) ) ;
#162 = EDGE_CURVE ( 'NONE', #1479, #468, #2032, .T. ) ;
#163 = CARTESIAN_POINT ( 'NONE',  ( -2.735223126700201000, 1.584525691738010200, 0.8006587582512124700 ) ) ;
#164 = ORIENTED_EDGE ( 'NONE', *, *, #1084, .F. ) ;
#165 = CYLINDRICAL_SURFACE ( 'NONE', #610, 2.299999999999999800 ) ;
#166 = ORIENTED_EDGE ( 'NONE', *, *, #114, .T. ) ;
#167 = ORIENTED_EDGE ( 'NONE', *, *, #417, .T. ) ;
#168 = CARTESIAN_POINT ( 'NONE',  ( 2.849999999999999600, 1.765000000000000100, -0.8500000000000000900 ) ) ;
#169 = DIRECTION ( 'NONE',  ( 0.0000000000000000000, 1.000000000000000000, 0.0000000000000000000 ) ) ;
#170 = ORIENTED_EDGE ( 'NONE', *, *, #302, .F. ) ;
#171 = ORIENTED_EDGE ( 'NONE', *, *, #1916, .F. ) ;
#172 = CARTESIAN_POINT ( 'NONE',  ( -3.027776695296638700, 1.370000000000000100, -2.674223304703364800 ) ) ;
#173 = AXIS2_PLACEMENT_3D ( 'NONE', #2717, #1052, #3405 ) ;
#174 = ORIENTED_EDGE ( 'NONE', *, *, #43, .T. ) ;
#175 = CARTESIAN_POINT ( 'NONE',  ( 2.719873122680004100, 1.781296331569798900, -0.8513503667906580100 ) ) ;
#176 = EDGE_LOOP ( 'NONE', ( #1231, #317, #3201, #3231 ) ) ;
#177 = CARTESIAN_POINT ( 'NONE',  ( 2.720294101747088100, 1.765000000000000100, -0.8499999999999998700 ) ) ;
#178 = ORIENTED_EDGE ( 'NONE', *, *, #835, .T. ) ;
#179 = PRODUCT_RELATED_PRODUCT_CATEGORY ( 'part', '', ( #3285 ) ) ;
#180 = CARTESIAN_POINT ( 'NONE',  ( -2.850000000000000500, -8.061017305526641900, 2.400000000000000400 ) ) ;
#181 = ADVANCED_FACE ( 'NONE', ( #2242 ), #347, .F. ) ;
#182 = CARTESIAN_POINT ( 'NONE',  ( -2.676185493629951800, 1.830447118715161600, 0.8876747270153880800 ) ) ;
#183 = CIRCLE ( 'NONE', #282, 0.2999999999999998200 ) ;
#184 = CARTESIAN_POINT ( 'NONE',  ( -2.849999999999996100, 1.840000000000000100, 0.8500000000000026400 ) ) ;
#185 = VERTEX_POINT ( 'NONE', #3043 ) ;
#186 = LINE ( 'NONE', #713, #964 ) ;
#187 = AXIS2_PLACEMENT_3D ( 'NONE', #1829, #2185, #866 ) ;
#188 = ORIENTED_EDGE ( 'NONE', *, *, #3845, .T. ) ;
#189 = DIRECTION ( 'NONE',  ( 0.3638034375545001800, 0.8574929257125435400, -0.3638034375545004500 ) ) ;
#190 = EDGE_CURVE ( 'NONE', #369, #1161, #2346, .T. ) ;
#191 = DIRECTION ( 'NONE',  ( 0.0000000000000000000, 0.0000000000000000000, -1.000000000000000000 ) ) ;
#192 = VECTOR ( 'NONE', #2623, 999.9999999999998900 ) ;
#193 = CARTESIAN_POINT ( 'NONE',  ( 2.382842712474619000, 0.0000000000000000000, 1.817157287525381000 ) ) ;
#194 = EDGE_LOOP ( 'NONE', ( #1416, #4109, #1166, #4158 ) ) ;
#195 = VERTEX_POINT ( 'NONE', #3715 ) ;
#196 = DIRECTION ( 'NONE',  ( -0.7071067811865472400, 0.0000000000000000000, 0.7071067811865479100 ) ) ;
#197 = DIRECTION ( 'NONE',  ( -0.5000000000000038900, 0.0000000000000000000, -0.8660254037844363800 ) ) ;
#198 = FACE_OUTER_BOUND ( 'NONE', #78, .T. ) ;
#199 = EDGE_CURVE ( 'NONE', #1104, #1249, #54, .T. ) ;
#200 = ADVANCED_FACE ( 'NONE', ( #1154 ), #2765, .T. ) ;
#201 = AXIS2_PLACEMENT_3D ( 'NONE', #539, #3894, #2887 ) ;
#202 = EDGE_CURVE ( 'NONE', #2894, #2563, #3673, .T. ) ;
#203 = CARTESIAN_POINT ( 'NONE',  ( -2.121320343559643700, 1.700000000000000000, -2.687005768508879300 ) ) ;
#204 = MANIFOLD_SOLID_BREP ( 'Combine3', #3753 ) ;
#205 = CARTESIAN_POINT ( 'NONE',  ( -2.720294101747085400, 1.655000000000000000, 0.8500000000000022000 ) ) ;
#206 = LINE ( 'NONE', #285, #3034 ) ;
#207 = CARTESIAN_POINT ( 'NONE',  ( 2.850000000000000100, -8.061017305526641900, 1.350000000000000100 ) ) ;
#208 = CARTESIAN_POINT ( 'NONE',  ( 2.660352266019463000, 1.838639506606818000, -0.9090316289082184300 ) ) ;
#209 = VECTOR ( 'NONE', #3536, 1000.000000000000000 ) ;
#210 = ORIENTED_EDGE ( 'NONE', *, *, #2751, .F. ) ;
#211 = ORIENTED_EDGE ( 'NONE', *, *, #577, .F. ) ;
#212 = VECTOR ( 'NONE', #1746, 1000.000000000000000 ) ;
#213 = CARTESIAN_POINT ( 'NONE',  ( 1.741465986122621200, 0.1499999999999999900, 1.502430104589882700 ) ) ;
#214 = ORIENTED_EDGE ( 'NONE', *, *, #814, .T. ) ;
#215 = VERTEX_POINT ( 'NONE', #3072 ) ;
#216 = ADVANCED_FACE ( 'NONE', ( #1977 ), #2392, .T. ) ;
#217 = ORIENTED_EDGE ( 'NONE', *, *, #59, .F. ) ;
#218 = VERTEX_POINT ( 'NONE', #72 ) ;
#219 = DIRECTION ( 'NONE',  ( -0.0000000000000000000, -1.000000000000000000, -0.0000000000000000000 ) ) ;
#220 = LINE ( 'NONE', #393, #3584 ) ;
#221 = ORIENTED_EDGE ( 'NONE', *, *, #822, .F. ) ;
#222 = CARTESIAN_POINT ( 'NONE',  ( 0.0000000000000000000, 0.0000000000000000000, 0.0000000000000000000 ) ) ;
#223 = EDGE_CURVE ( 'NONE', #1511, #3696, #3621, .T. ) ;
#224 = LINE ( 'NONE', #2807, #2999 ) ;
#225 = ORIENTED_EDGE ( 'NONE', *, *, #3655, .T. ) ;
#226 = CARTESIAN_POINT ( 'NONE',  ( 2.474873734152915400, 0.2999999999999999300, 1.909188309203678300 ) ) ;
#227 = ORIENTED_EDGE ( 'NONE', *, *, #1771, .F. ) ;
#228 = VECTOR ( 'NONE', #245, 1000.000000000000000 ) ;
#229 = CARTESIAN_POINT ( 'NONE',  ( -2.749999999999999600, 5.946455813684773200, -1.000000000000000200 ) ) ;
#230 = ORIENTED_EDGE ( 'NONE', *, *, #2930, .F. ) ;
#231 = VERTEX_POINT ( 'NONE', #4338 ) ;
#232 = DIRECTION ( 'NONE',  ( 0.7071067811865474600, -0.0000000000000000000, 0.7071067811865475700 ) ) ;
#233 = CARTESIAN_POINT ( 'NONE',  ( -2.399999999999999900, 0.1499999999999999900, 2.400000000000000400 ) ) ;
#234 = VERTEX_POINT ( 'NONE', #2404 ) ;
#235 = CARTESIAN_POINT ( 'NONE',  ( 1.849999999999999600, 5.946455813684773200, -2.750000000000000400 ) ) ;
#236 = ADVANCED_FACE ( 'NONE', ( #1461 ), #1751, .F. ) ;
#237 = LINE ( 'NONE', #1136, #1232 ) ;
#238 = VERTEX_POINT ( 'NONE', #1425 ) ;
#239 = AXIS2_PLACEMENT_3D ( 'NONE', #3864, #2843, #4182 ) ;
#240 = ORIENTED_EDGE ( 'NONE', *, *, #1281, .F. ) ;
#241 = DIRECTION ( 'NONE',  ( 0.0000000000000000000, 0.0000000000000000000, -1.000000000000000000 ) ) ;
#242 = LINE ( 'NONE', #1063, #1385 ) ;
#243 = EDGE_CURVE ( 'NONE', #1989, #1493, #368, .T. ) ;
#244 = DIRECTION ( 'NONE',  ( -0.8660254037844366000, 0.0000000000000000000, -0.5000000000000035500 ) ) ;
#245 = DIRECTION ( 'NONE',  ( -0.0000000000000000000, -1.000000000000000000, -0.0000000000000000000 ) ) ;
#246 = FACE_OUTER_BOUND ( 'NONE', #1255, .T. ) ;
#247 = CARTESIAN_POINT ( 'NONE',  ( -2.015254326381661400, 0.2999999999999999300, -2.580939751330897400 ) ) ;
#248 = DIRECTION ( 'NONE',  ( 0.0000000000000000000, 1.000000000000000000, 0.0000000000000000000 ) ) ;
#249 = B_SPLINE_CURVE_WITH_KNOTS ( 'NONE', 3,
 ( #749, #3440, #2056, #3485, #1101, #4114, #3075, #3818, #3088, #3453, #1755, #4138, #63, #2440, #439, #118 ),
 .UNSPECIFIED., .F., .F.,
 ( 4, 3, 3, 3, 3, 4 ),
 ( 0.0000000000000000000, 2.708000137081006000E-005, 5.418383041753349700E-005, 8.086253923056090500E-005, 0.0001064496680039923800, 0.0001196815366657423400 ),
 .UNSPECIFIED. ) ;
#250 = VECTOR ( 'NONE', #2678, 1000.000000000000000 ) ;
#251 = DIRECTION ( 'NONE',  ( 0.7071067811865474600, 0.0000000000000000000, 0.7071067811865474600 ) ) ;
#252 = CARTESIAN_POINT ( 'NONE',  ( 1.632667453115285800, 5.946455813684773200, -1.439615242270661400 ) ) ;
#253 = LINE ( 'NONE', #1836, #3711 ) ;
#254 = VERTEX_POINT ( 'NONE', #703 ) ;
#255 = DIRECTION ( 'NONE',  ( 0.0000000000000000000, 1.000000000000000000, 0.0000000000000000000 ) ) ;
#256 = ADVANCED_FACE ( 'NONE', ( #1256 ), #377, .F. ) ;
#257 = CARTESIAN_POINT ( 'NONE',  ( -2.121320343559643700, 1.700000000000000000, -2.687005768508879300 ) ) ;
#258 = VECTOR ( 'NONE', #1864, 1000.000000000000100 ) ;
#259 = PLANE ( 'NONE',  #2120 ) ;
#260 = PLANE ( 'NONE',  #1094 ) ;
#261 = VERTEX_POINT ( 'NONE', #2703 ) ;
#262 = COLOUR_RGB ( '',0.7921568627450980000, 0.8196078431372548800, 0.9333333333333333500 ) ;
#263 = ORIENTED_EDGE ( 'NONE', *, *, #531, .F. ) ;
#264 = AXIS2_PLACEMENT_3D ( 'NONE', #1059, #1701, #4057 ) ;
#265 = CARTESIAN_POINT ( 'NONE',  ( 0.0000000000000000000, 1.580000000000000100, 0.0000000000000000000 ) ) ;
#266 = ORIENTED_EDGE ( 'NONE', *, *, #719, .F. ) ;
#267 = EDGE_CURVE ( 'NONE', #2383, #2508, #1634, .T. ) ;
#268 = ORIENTED_EDGE ( 'NONE', *, *, #1176, .F. ) ;
#269 = ORIENTED_EDGE ( 'NONE', *, *, #3021, .F. ) ;
#270 = CARTESIAN_POINT ( 'NONE',  ( -2.071231517720797800, 0.0000000000000000000, -1.000000000000000000 ) ) ;
#271 = ORIENTED_EDGE ( 'NONE', *, *, #822, .T. ) ;
#272 = ORIENTED_EDGE ( 'NONE', *, *, #4007, .T. ) ;
#273 = ORIENTED_EDGE ( 'NONE', *, *, #150, .F. ) ;
#274 = EDGE_CURVE ( 'NONE', #1271, #3533, #1565, .T. ) ;
#275 = LINE ( 'NONE', #2283, #2849 ) ;
#276 = ORIENTED_EDGE ( 'NONE', *, *, #2459, .F. ) ;
#277 = EDGE_LOOP ( 'NONE', ( #2660, #1918, #1768, #1000 ) ) ;
#278 = CARTESIAN_POINT ( 'NONE',  ( 2.382842712474619000, 0.1499999999999999900, 1.817157287525381000 ) ) ;
#279 = VECTOR ( 'NONE', #2797, 1000.000000000000000 ) ;
#280 = DIRECTION ( 'NONE',  ( -0.7071067811865475700, 0.0000000000000000000, -0.7071067811865475700 ) ) ;
#281 = ADVANCED_FACE ( 'NONE', ( #789 ), #2282, .T. ) ;
#282 = AXIS2_PLACEMENT_3D ( 'NONE', #1036, #3421, #3086 ) ;
#283 = EDGE_CURVE ( 'NONE', #3261, #55, #941, .T. ) ;
#284 = ORIENTED_EDGE ( 'NONE', *, *, #1180, .F. ) ;
#285 = CARTESIAN_POINT ( 'NONE',  ( 1.850000000000000100, 0.1499999999999999700, -2.750000000000000000 ) ) ;
#286 = CARTESIAN_POINT ( 'NONE',  ( 1.632667453115285800, 0.1499999999999999900, 1.439615242270661200 ) ) ;
#287 = VERTEX_POINT ( 'NONE', #288 ) ;
#288 = CARTESIAN_POINT ( 'NONE',  ( -2.717570627836718000, 1.800000000000001600, 0.8586675041709339600 ) ) ;
#289 = DIRECTION ( 'NONE',  ( 0.0000000000000000000, -1.000000000000000000, 0.0000000000000000000 ) ) ;
#290 = ORIENTED_EDGE ( 'NONE', *, *, #3871, .T. ) ;
#291 = DIRECTION ( 'NONE',  ( -0.6708203932499372500, -0.3162277660168362800, -0.6708203932499374700 ) ) ;
#292 = SURFACE_STYLE_USAGE ( .BOTH. , #124 ) ;
#293 = LINE ( 'NONE', #235, #1862 ) ;
#294 = DIRECTION ( 'NONE',  ( 0.7071067811865476800, 0.0000000000000000000, -0.7071067811865474600 ) ) ;
#295 = CIRCLE ( 'NONE', #2050, 0.4499999999999994600 ) ;
#296 = SURFACE_STYLE_USAGE ( .BOTH. , #974 ) ;
#297 = ADVANCED_FACE ( 'NONE', ( #4 ), #2614, .F. ) ;
#298 = CARTESIAN_POINT ( 'NONE',  ( -1.793587061485832000, 1.530000000000000000, -2.288561808316410300 ) ) ;
#299 = CARTESIAN_POINT ( 'NONE',  ( 1.932667453115288300, 0.0000000000000000000, -0.9199999999999996000 ) ) ;
#300 = DIRECTION ( 'NONE',  ( -0.6063390625908319200, -0.5144957554275276800, 0.6063390625908319200 ) ) ;
#301 = CIRCLE ( 'NONE', #345, 0.2999999999999998200 ) ;
#302 = EDGE_CURVE ( 'NONE', #2369, #4121, #2668, .T. ) ;
#303 = DIRECTION ( 'NONE',  ( 1.000000000000000000, -0.0000000000000000000, -0.0000000000000000000 ) ) ;
#304 = CARTESIAN_POINT ( 'NONE',  ( 1.932667453115288300, 0.0000000000000000000, -0.9199999999999996000 ) ) ;
#305 = VECTOR ( 'NONE', #2175, 1000.000000000000000 ) ;
#306 = ORIENTED_EDGE ( 'NONE', *, *, #2561, .T. ) ;
#307 = CARTESIAN_POINT ( 'NONE',  ( -2.749999999999999600, 5.946455813684773200, -1.000000000000000200 ) ) ;
#308 = LINE ( 'NONE', #2496, #3467 ) ;
#309 = CARTESIAN_POINT ( 'NONE',  ( 2.071231517720797800, 0.1499999999999999900, 1.000000000000000000 ) ) ;
#310 = VERTEX_POINT ( 'NONE', #3692 ) ;
#311 = CIRCLE ( 'NONE', #2400, 2.849999999999999200 ) ;
#312 = ORIENTED_EDGE ( 'NONE', *, *, #2273, .F. ) ;
#313 = CARTESIAN_POINT ( 'NONE',  ( 0.0000000000000000000, 0.1499999999999999900, 0.0000000000000000000 ) ) ;
#314 = CARTESIAN_POINT ( 'NONE',  ( 2.850000000000000500, 0.0000000000000000000, 1.000000000000000000 ) ) ;
#315 = ORIENTED_EDGE ( 'NONE', *, *, #4234, .F. ) ;
#316 = CARTESIAN_POINT ( 'NONE',  ( -0.8499999999999987600, 1.765000000000000100, 2.849999999999998300 ) ) ;
#317 = ORIENTED_EDGE ( 'NONE', *, *, #2197, .T. ) ;
#318 = ADVANCED_FACE ( 'NONE', ( #1767 ), #165, .T. ) ;
#319 = EDGE_CURVE ( 'NONE', #411, #2845, #2616, .T. ) ;
#320 = ORIENTED_EDGE ( 'NONE', *, *, #1744, .T. ) ;
#321 = VECTOR ( 'NONE', #3433, 1000.000000000000100 ) ;
#322 = CARTESIAN_POINT ( 'NONE',  ( 3.133842712474622400, 1.580000000000000100, 2.568157287525381500 ) ) ;
#323 = CARTESIAN_POINT ( 'NONE',  ( 2.071231517720797800, 0.1499999999999999700, 1.000000000000000000 ) ) ;
#324 = EDGE_LOOP ( 'NONE', ( #65, #3038, #3415 ) ) ;
#325 = CARTESIAN_POINT ( 'NONE',  ( -0.8499999999999992000, 1.655000000000000000, 2.720294101747087200 ) ) ;
#326 = VECTOR ( 'NONE', #3475, 999.9999999999998900 ) ;
#327 = EDGE_LOOP ( 'NONE', ( #1250, #1794, #781, #4213, #1216 ) ) ;
#328 = ORIENTED_EDGE ( 'NONE', *, *, #3436, .F. ) ;
#329 = LINE ( 'NONE', #3200, #1993 ) ;
#330 = DIRECTION ( 'NONE',  ( -2.784401775768830400E-016, 0.0000000000000000000, -1.000000000000000000 ) ) ;
#331 = ADVANCED_BREP_SHAPE_REPRESENTATION ( 'CDRH5D18NP-100NC', ( #1928, #4104, #1244, #204, #2533, #1750 ), #1897 ) ;
#332 = CYLINDRICAL_SURFACE ( 'NONE', #1716, 0.07499999999999998300 ) ;
#333 = COLOUR_RGB ( '',0.7921568627450980000, 0.8196078431372548800, 0.9333333333333333500 ) ;
#334 = ORIENTED_EDGE ( 'NONE', *, *, #59, .T. ) ;
#335 = EDGE_CURVE ( 'NONE', #4299, #4326, #844, .T. ) ;
#336 = CARTESIAN_POINT ( 'NONE',  ( 0.8500000000000030900, 1.840000000000000100, -2.849999999999996500 ) ) ;
#337 = DIRECTION ( 'NONE',  ( 0.0000000000000000000, 1.000000000000000000, 0.0000000000000000000 ) ) ;
#338 = VECTOR ( 'NONE', #2820, 1000.000000000000000 ) ;
#339 = DIRECTION ( 'NONE',  ( 0.4264014327112171700, 0.9045340337332926600, -0.0000000000000000000 ) ) ;
#340 = ORIENTED_EDGE ( 'NONE', *, *, #3758, .T. ) ;
#341 = CARTESIAN_POINT ( 'NONE',  ( 0.9250000000000009300, 1.765000000000000100, -2.400000000000007500 ) ) ;
#342 = EDGE_LOOP ( 'NONE', ( #1365, #617, #1709, #217 ) ) ;
#343 = ADVANCED_FACE ( 'NONE', ( #2782 ), #3633, .F. ) ;
#344 = VECTOR ( 'NONE', #3631, 1000.000000000000000 ) ;
#345 = AXIS2_PLACEMENT_3D ( 'NONE', #3718, #1700, #3767 ) ;
#346 = FILL_AREA_STYLE_COLOUR ( '', #1003 ) ;
#347 = PLANE ( 'NONE',  #4292 ) ;
#348 = VECTOR ( 'NONE', #1162, 1000.000000000000000 ) ;
#349 = EDGE_CURVE ( 'NONE', #231, #231, #2721, .T. ) ;
#350 = DIRECTION ( 'NONE',  ( 1.000000000000000000, 0.0000000000000000000, -2.784401775768830400E-016 ) ) ;
#351 = PRODUCT_DEFINITION_CONTEXT ( 'detailed design', #4113, 'design' ) ;
#352 = CIRCLE ( 'NONE', #1021, 0.09999999999999983900 ) ;
#353 = CARTESIAN_POINT ( 'NONE',  ( 1.632667453115285800, 0.1499999999999999700, -1.439615242270661400 ) ) ;
#354 = FACE_OUTER_BOUND ( 'NONE', #2833, .T. ) ;
#355 = EDGE_CURVE ( 'NONE', #3162, #4121, #1611, .T. ) ;
#356 = ORIENTED_EDGE ( 'NONE', *, *, #1305, .F. ) ;
#357 = ORIENTED_EDGE ( 'NONE', *, *, #3245, .T. ) ;
#358 = CARTESIAN_POINT ( 'NONE',  ( -2.687005768508881100, 1.280000000000000000, -2.121320343559641500 ) ) ;
#359 = AXIS2_PLACEMENT_3D ( 'NONE', #966, #2671, #1597 ) ;
#360 = DIRECTION ( 'NONE',  ( -0.8660254037844404800, 0.0000000000000000000, 0.4999999999999967800 ) ) ;
#361 = EDGE_CURVE ( 'NONE', #696, #2516, #311, .T. ) ;
#362 = VECTOR ( 'NONE', #3496, 1000.000000000000000 ) ;
#363 = CARTESIAN_POINT ( 'NONE',  ( 2.399999999999999900, -8.061017305526641900, -2.850000000000000100 ) ) ;
#364 = ADVANCED_FACE ( 'NONE', ( #1878 ), #3416, .F. ) ;
#365 = DIRECTION ( 'NONE',  ( 1.000000000000000000, 0.0000000000000000000, 3.212450881438533200E-016 ) ) ;
#366 = EDGE_LOOP ( 'NONE', ( #3580, #1666, #876, #2988 ) ) ;
#367 = DIRECTION ( 'NONE',  ( -0.7071067811865474600, 0.0000000000000000000, 0.7071067811865474600 ) ) ;
#368 = LINE ( 'NONE', #2051, #3839 ) ;
#369 = VERTEX_POINT ( 'NONE', #402 ) ;
#370 = CARTESIAN_POINT ( 'NONE',  ( -0.8499999999999987600, 1.765000000000000100, 2.849999999999998300 ) ) ;
#371 = ORIENTED_EDGE ( 'NONE', *, *, #3500, .F. ) ;
#372 = ORIENTED_EDGE ( 'NONE', *, *, #20, .F. ) ;
#373 = EDGE_LOOP ( 'NONE', ( #328, #2209, #3530, #2462 ) ) ;
#374 = CARTESIAN_POINT ( 'NONE',  ( 1.932667453115288100, 0.1499999999999999900, 0.9199999999999993700 ) ) ;
#375 = ORIENTED_EDGE ( 'NONE', *, *, #3827, .F. ) ;
#376 = DIRECTION ( 'NONE',  ( 0.7071067811865481300, 0.0000000000000000000, 0.7071067811865466800 ) ) ;
#377 = PLANE ( 'NONE',  #173 ) ;
#378 = VERTEX_POINT ( 'NONE', #714 ) ;
#379 = FACE_OUTER_BOUND ( 'NONE', #2040, .T. ) ;
#380 = DIRECTION ( 'NONE',  ( 0.0000000000000000000, 0.0000000000000000000, -1.000000000000000000 ) ) ;
#381 = ORIENTED_EDGE ( 'NONE', *, *, #319, .F. ) ;
#382 = ORIENTED_EDGE ( 'NONE', *, *, #2148, .F. ) ;
#383 = SURFACE_STYLE_USAGE ( .BOTH. , #1410 ) ;
#384 = EDGE_CURVE ( 'NONE', #3680, #141, #1661, .T. ) ;
#385 = LINE ( 'NONE', #3782, #1988 ) ;
#386 = DIRECTION ( 'NONE',  ( -1.000000000000000000, 0.0000000000000000000, 3.343570915707909400E-015 ) ) ;
#387 = CARTESIAN_POINT ( 'NONE',  ( -0.7944472316249072700, 1.582565165961899300, 2.737033722145840700 ) ) ;
#388 = ORIENTED_EDGE ( 'NONE', *, *, #555, .T. ) ;
#389 = FACE_OUTER_BOUND ( 'NONE', #805, .T. ) ;
#390 = DIRECTION ( 'NONE',  ( 1.000000000000000000, 0.0000000000000000000, 2.220446049250312800E-016 ) ) ;
#391 = AXIS2_PLACEMENT_3D ( 'NONE', #458, #3824, #4175 ) ;
#392 = DIRECTION ( 'NONE',  ( -0.3638034375545002300, -0.8574929257125435400, 0.3638034375545001800 ) ) ;
#393 = CARTESIAN_POINT ( 'NONE',  ( -1.632667453115285800, 0.0000000000000000000, 1.439615242270661400 ) ) ;
#394 =( NAMED_UNIT ( * ) PLANE_ANGLE_UNIT ( ) SI_UNIT ( $, .RADIAN. ) );
#395 = ORIENTED_EDGE ( 'NONE', *, *, #2112, .T. ) ;
#396 = PLANE ( 'NONE',  #1849 ) ;
#397 = CARTESIAN_POINT ( 'NONE',  ( -2.580939751330899100, 0.2999999999999999300, -2.015254326381659100 ) ) ;
#398 = ORIENTED_EDGE ( 'NONE', *, *, #49, .T. ) ;
#399 = VECTOR ( 'NONE', #244, 999.9999999999998900 ) ;
#400 = DIRECTION ( 'NONE',  ( -0.9205746178983229600, 0.3905667329424725700, 0.0000000000000000000 ) ) ;
#401 = EDGE_CURVE ( 'NONE', #2864, #1263, #996, .T. ) ;
#402 = CARTESIAN_POINT ( 'NONE',  ( 1.741465986122621400, 0.0000000000000000000, -1.502430104589882500 ) ) ;
#403 = AXIS2_PLACEMENT_3D ( 'NONE', #879, #1194, #847 ) ;
#404 = CARTESIAN_POINT ( 'NONE',  ( 2.749999999999999600, 5.946455813684773200, 1.000000000000000200 ) ) ;
#405 = EDGE_CURVE ( 'NONE', #1058, #378, #897, .T. ) ;
#406 = VECTOR ( 'NONE', #1147, 1000.000000000000000 ) ;
#407 = DIRECTION ( 'NONE',  ( 0.7071067811865477900, -0.0000000000000000000, 0.7071067811865473500 ) ) ;
#408 = DIRECTION ( 'NONE',  ( -0.7071067811865474600, 0.0000000000000000000, -0.7071067811865474600 ) ) ;
#409 = EDGE_CURVE ( 'NONE', #2224, #3217, #4256, .T. ) ;
#410 = VECTOR ( 'NONE', #832, 1000.000000000000200 ) ;
#411 = VERTEX_POINT ( 'NONE', #1748 ) ;
#412 = PLANE ( 'NONE',  #1354 ) ;
#413 = DIRECTION ( 'NONE',  ( -1.000000000000000000, 0.0000000000000000000, 0.0000000000000000000 ) ) ;
#414 = LINE ( 'NONE', #2225, #4251 ) ;
#415 = DIRECTION ( 'NONE',  ( 0.7071067811865476800, 0.0000000000000000000, 0.7071067811865472400 ) ) ;
#416 = AXIS2_PLACEMENT_3D ( 'NONE', #3800, #1115, #1429 ) ;
#417 = EDGE_CURVE ( 'NONE', #2508, #3642, #3993, .T. ) ;
#418 = CARTESIAN_POINT ( 'NONE',  ( 1.632667453115285800, 0.1499999999999999900, -1.439615242270661400 ) ) ;
#419 = VERTEX_POINT ( 'NONE', #2436 ) ;
#420 = ORIENTED_EDGE ( 'NONE', *, *, #995, .F. ) ;
#421 = ORIENTED_EDGE ( 'NONE', *, *, #4072, .F. ) ;
#422 = DIRECTION ( 'NONE',  ( 0.0000000000000000000, 0.0000000000000000000, 1.000000000000000000 ) ) ;
#423 = ORIENTED_EDGE ( 'NONE', *, *, #3436, .T. ) ;
#424 = DIRECTION ( 'NONE',  ( 0.0000000000000000000, 0.0000000000000000000, 1.000000000000000000 ) ) ;
#425 = CARTESIAN_POINT ( 'NONE',  ( 1.632667453115285800, 0.0000000000000000000, -1.439615242270661400 ) ) ;
#426 = ORIENTED_EDGE ( 'NONE', *, *, #3732, .F. ) ;
#427 = CARTESIAN_POINT ( 'NONE',  ( 2.750000000000000400, 0.1499999999999999700, -1.000000000000000900 ) ) ;
#428 = EDGE_CURVE ( 'NONE', #527, #4011, #949, .T. ) ;
#429 = VERTEX_POINT ( 'NONE', #113 ) ;
#430 = VECTOR ( 'NONE', #3030, 999.9999999999998900 ) ;
#431 = ORIENTED_EDGE ( 'NONE', *, *, #1649, .T. ) ;
#432 = CARTESIAN_POINT ( 'NONE',  ( 2.382842712474619000, 0.0000000000000000000, 1.817157287525381000 ) ) ;
#433 = CARTESIAN_POINT ( 'NONE',  ( 1.741465986122621400, 0.0000000000000000000, -1.502430104589882500 ) ) ;
#434 = VECTOR ( 'NONE', #4144, 1000.000000000000000 ) ;
#435 = CARTESIAN_POINT ( 'NONE',  ( -1.817157287525382100, 0.1499999999999999900, -2.382842712474618500 ) ) ;
#436 = ORIENTED_EDGE ( 'NONE', *, *, #3480, .F. ) ;
#437 = CLOSED_SHELL ( 'NONE', ( #1304, #1874, #2286, #1835, #698, #216, #297, #2267, #2476, #626, #2876, #562, #2977, #542, #2832, #2666, #1606, #1972, #3312, #2210, #521, #2173, #1266, #25, #3665, #2811, #154, #4242, #181, #343, #2645, #1858, #3588, #236, #256, #2956 ) ) ;
#438 = FACE_OUTER_BOUND ( 'NONE', #1373, .T. ) ;
#439 = CARTESIAN_POINT ( 'NONE',  ( 2.720294101747096100, 1.650540437503439600, -0.8500000000000185200 ) ) ;
#440 = DIRECTION ( 'NONE',  ( -0.7071067811865476800, 0.0000000000000000000, -0.7071067811865472400 ) ) ;
#441 = VECTOR ( 'NONE', #3619, 1000.000000000000000 ) ;
#442 = LINE ( 'NONE', #4309, #4019 ) ;
#443 = DIRECTION ( 'NONE',  ( -0.0000000000000000000, -1.000000000000000000, -0.0000000000000000000 ) ) ;
#444 = EDGE_LOOP ( 'NONE', ( #2622 ) ) ;
#445 = CIRCLE ( 'NONE', #2547, 2.849999999999999200 ) ;
#446 = AXIS2_PLACEMENT_3D ( 'NONE', #4348, #1646, #2954 ) ;
#447 = ORIENTED_EDGE ( 'NONE', *, *, #335, .F. ) ;
#448 = EDGE_CURVE ( 'NONE', #238, #1609, #308, .T. ) ;
#449 = CARTESIAN_POINT ( 'NONE',  ( 0.9168101854768674300, 1.840000000000000100, -2.656244399188373500 ) ) ;
#450 = ORIENTED_EDGE ( 'NONE', *, *, #3354, .F. ) ;
#451 = LINE ( 'NONE', #3889, #2871 ) ;
#452 = CARTESIAN_POINT ( 'NONE',  ( 2.474873734152915400, 1.490000000000000000, 2.121320343559641100 ) ) ;
#453 = DIRECTION ( 'NONE',  ( 0.7071067811865474600, -0.0000000000000000000, 0.7071067811865475700 ) ) ;
#454 = PLANE ( 'NONE',  #1464 ) ;
#455 = ADVANCED_FACE ( 'NONE', ( #1655 ), #3195, .T. ) ;
#456 = CARTESIAN_POINT ( 'NONE',  ( 2.400000000000002600, 1.580000000000000100, -0.7749999999999994700 ) ) ;
#457 = VECTOR ( 'NONE', #2141, 999.9999999999998900 ) ;
#458 = CARTESIAN_POINT ( 'NONE',  ( -2.400000000000001200, 1.580000000000000100, 2.399999999999999500 ) ) ;
#459 = VECTOR ( 'NONE', #4097, 1000.000000000000000 ) ;
#460 = CARTESIAN_POINT ( 'NONE',  ( 0.9250000000000022600, 1.840000000000000100, -2.653389341954926400 ) ) ;
#461 = EDGE_CURVE ( 'NONE', #2940, #575, #465, .T. ) ;
#462 = CARTESIAN_POINT ( 'NONE',  ( -0.8503299160738122500, 1.773105866756556000, 2.720191077826277200 ) ) ;
#463 = ORIENTED_EDGE ( 'NONE', *, *, #1046, .F. ) ;
#464 = CARTESIAN_POINT ( 'NONE',  ( -2.147140452079101100, 1.530000000000000200, -1.935008417723141000 ) ) ;
#465 = LINE ( 'NONE', #1832, #2241 ) ;
#466 = CARTESIAN_POINT ( 'NONE',  ( 1.208578643762690400, 1.580000000000000100, 2.850000000000000100 ) ) ;
#467 = AXIS2_PLACEMENT_3D ( 'NONE', #608, #621, #1610 ) ;
#468 = VERTEX_POINT ( 'NONE', #3502 ) ;
#469 = FACE_OUTER_BOUND ( 'NONE', #4295, .T. ) ;
#470 = CARTESIAN_POINT ( 'NONE',  ( 0.7750000000000025800, 1.580000000000000100, -2.742603689926780500 ) ) ;
#471 = EDGE_LOOP ( 'NONE', ( #1268, #1307, #989, #2348 ) ) ;
#472 = ORIENTED_EDGE ( 'NONE', *, *, #1548, .F. ) ;
#473 = VERTEX_POINT ( 'NONE', #177 ) ;
#474 = DIRECTION ( 'NONE',  ( -0.0000000000000000000, -1.000000000000000000, -0.0000000000000000000 ) ) ;
#475 = ORIENTED_EDGE ( 'NONE', *, *, #1947, .T. ) ;
#476 = DIRECTION ( 'NONE',  ( 0.0000000000000000000, 1.000000000000000000, 0.0000000000000000000 ) ) ;
#477 = ADVANCED_FACE ( 'NONE', ( #3091 ), #1516, .F. ) ;
#478 = CARTESIAN_POINT ( 'NONE',  ( -2.720419656138813200, 1.646061695052238000, 0.8495984820858950600 ) ) ;
#479 = EDGE_LOOP ( 'NONE', ( #2994, #2254, #2275, #2198 ) ) ;
#480 = ORIENTED_EDGE ( 'NONE', *, *, #3732, .T. ) ;
#481 = CARTESIAN_POINT ( 'NONE',  ( 2.071231517720798700, 0.1499999999999999700, -1.000000000000000400 ) ) ;
#482 = CARTESIAN_POINT ( 'NONE',  ( 0.0000000000000000000, 0.0000000000000000000, 0.0000000000000000000 ) ) ;
#483 = ORIENTED_EDGE ( 'NONE', *, *, #2136, .T. ) ;
#484 = VECTOR ( 'NONE', #219, 1000.000000000000000 ) ;
#485 = ORIENTED_EDGE ( 'NONE', *, *, #586, .F. ) ;
#486 = ORIENTED_EDGE ( 'NONE', *, *, #405, .T. ) ;
#487 = FILL_AREA_STYLE_COLOUR ( '', #2333 ) ;
#488 = ORIENTED_EDGE ( 'NONE', *, *, #3289, .F. ) ;
#489 = VECTOR ( 'NONE', #3403, 1000.000000000000000 ) ;
#490 = CARTESIAN_POINT ( 'NONE',  ( 0.7750000000000031300, 1.580000000000000100, -2.849999999999999200 ) ) ;
#491 = AXIS2_PLACEMENT_3D ( 'NONE', #2131, #443, #798 ) ;
#492 = CARTESIAN_POINT ( 'NONE',  ( -1.932667453115288100, 0.0000000000000000000, -0.9199999999999993700 ) ) ;
#493 = EDGE_CURVE ( 'NONE', #3307, #2256, #1102, .T. ) ;
#494 = LINE ( 'NONE', #1987, #4068 ) ;
#495 = VECTOR ( 'NONE', #1720, 1000.000000000000000 ) ;
#496 = DIRECTION ( 'NONE',  ( -0.7071067811865477900, 0.0000000000000000000, -0.7071067811865472400 ) ) ;
#497 = DIRECTION ( 'NONE',  ( 1.000000000000000000, 0.0000000000000000000, -1.032573497605242200E-016 ) ) ;
#498 = ORIENTED_EDGE ( 'NONE', *, *, #2548, .F. ) ;
#499 = DIRECTION ( 'NONE',  ( 1.239088197126291300E-015, 0.0000000000000000000, 1.000000000000000000 ) ) ;
#500 = EDGE_CURVE ( 'NONE', #117, #550, #624, .T. ) ;
#501 = CARTESIAN_POINT ( 'NONE',  ( -2.750000000000000400, 0.0000000000000000000, 1.000000000000000900 ) ) ;
#502 = ADVANCED_FACE ( 'NONE', ( #3776 ), #4214, .F. ) ;
#503 = CONICAL_SURFACE ( 'NONE', #1717, 2.849999999999999200, 0.7853981633974528300 ) ;
#504 = DIRECTION ( 'NONE',  ( -0.0000000000000000000, -1.000000000000000000, 0.0000000000000000000 ) ) ;
#505 = EDGE_LOOP ( 'NONE', ( #3905, #2740, #2530, #266 ) ) ;
#506 = AXIS2_PLACEMENT_3D ( 'NONE', #1532, #4185, #3187 ) ;
#507 = EDGE_CURVE ( 'NONE', #4203, #3185, #3942, .T. ) ;
#508 = CARTESIAN_POINT ( 'NONE',  ( -2.849999999999996100, 1.840000000000000100, 0.8500000000000026400 ) ) ;
#509 = LINE ( 'NONE', #2252, #3925 ) ;
#510 = CARTESIAN_POINT ( 'NONE',  ( 0.7750000000000031300, 1.655000000000000000, -2.849999999999997000 ) ) ;
#511 = CARTESIAN_POINT ( 'NONE',  ( 2.071231517720797800, 0.0000000000000000000, 1.000000000000000000 ) ) ;
#512 = PLANE ( 'NONE',  #3179 ) ;
#513 = LINE ( 'NONE', #2818, #1447 ) ;
#514 = DIRECTION ( 'NONE',  ( 3.343570915707909400E-015, -0.0000000000000000000, 1.000000000000000000 ) ) ;
#515 = DIRECTION ( 'NONE',  ( -0.8660254037844363800, 0.0000000000000000000, -0.5000000000000040000 ) ) ;
#516 = FACE_OUTER_BOUND ( 'NONE', #3000, .T. ) ;
#517 = CARTESIAN_POINT ( 'NONE',  ( 2.850000000000000100, -8.061017305526641900, 1.350000000000000100 ) ) ;
#518 = FACE_OUTER_BOUND ( 'NONE', #4264, .T. ) ;
#519 = ORIENTED_EDGE ( 'NONE', *, *, #4279, .F. ) ;
#520 = CARTESIAN_POINT ( 'NONE',  ( -2.749999999999999600, 0.1499999999999999700, -1.000000000000000200 ) ) ;
#521 = ADVANCED_FACE ( 'NONE', ( #3304 ), #1188, .F. ) ;
#522 = DIRECTION ( 'NONE',  ( 0.7071067811865477900, 0.0000000000000000000, 0.7071067811865473500 ) ) ;
#523 = VECTOR ( 'NONE', #2073, 1000.000000000000000 ) ;
#524 = DIRECTION ( 'NONE',  ( -0.5000000000000036600, 0.0000000000000000000, 0.8660254037844366000 ) ) ;
#525 = DIRECTION ( 'NONE',  ( 0.0000000000000000000, 0.0000000000000000000, 1.000000000000000000 ) ) ;
#526 = ORIENTED_EDGE ( 'NONE', *, *, #2207, .T. ) ;
#527 = VERTEX_POINT ( 'NONE', #3545 ) ;
#528 = ORIENTED_EDGE ( 'NONE', *, *, #628, .F. ) ;
#529 = EDGE_LOOP ( 'NONE', ( #1016, #658, #1564, #2062, #1734, #3425, #2895, #4305, #3914, #1929 ) ) ;
#530 = AXIS2_PLACEMENT_3D ( 'NONE', #3235, #3265, #2595 ) ;
#531 = EDGE_CURVE ( 'NONE', #3556, #1891, #3355, .T. ) ;
#532 = VERTEX_POINT ( 'NONE', #168 ) ;
#533 = ORIENTED_EDGE ( 'NONE', *, *, #3827, .T. ) ;
#534 = VECTOR ( 'NONE', #2640, 1000.000000000000000 ) ;
#535 = EDGE_LOOP ( 'NONE', ( #3742, #3713, #1838, #1131, #2517, #3210, #737, #103, #3852, #1888, #3257, #3875 ) ) ;
#536 = CARTESIAN_POINT ( 'NONE',  ( 2.071231517720798700, 0.0000000000000000000, -1.000000000000000400 ) ) ;
#537 = CARTESIAN_POINT ( 'NONE',  ( -0.7750000000000002400, 1.580000000000000100, 2.399999999999993700 ) ) ;
#538 = LINE ( 'NONE', #2098, #3960 ) ;
#539 = CARTESIAN_POINT ( 'NONE',  ( -1.817157287525382100, 0.1499999999999999900, -2.382842712474618500 ) ) ;
#540 = ORIENTED_EDGE ( 'NONE', *, *, #3521, .T. ) ;
#541 = LINE ( 'NONE', #257, #2684 ) ;
#542 = ADVANCED_FACE ( 'NONE', ( #784 ), #259, .T. ) ;
#543 = FACE_OUTER_BOUND ( 'NONE', #3791, .T. ) ;
#544 = VECTOR ( 'NONE', #2403, 999.9999999999998900 ) ;
#545 = ORIENTED_EDGE ( 'NONE', *, *, #531, .T. ) ;
#546 = DIRECTION ( 'NONE',  ( 0.0000000000000000000, 0.0000000000000000000, 1.000000000000000000 ) ) ;
#547 = EDGE_CURVE ( 'NONE', #2383, #1152, #106, .T. ) ;
#548 = DIRECTION ( 'NONE',  ( 0.0000000000000000000, 0.0000000000000000000, -1.000000000000000000 ) ) ;
#549 = VECTOR ( 'NONE', #3873, 1000.000000000000000 ) ;
#550 = VERTEX_POINT ( 'NONE', #838 ) ;
#551 = CARTESIAN_POINT ( 'NONE',  ( -2.656234131369307000, 1.840000000000000300, 0.9168396390138147100 ) ) ;
#552 = VERTEX_POINT ( 'NONE', #3909 ) ;
#553 = CARTESIAN_POINT ( 'NONE',  ( -2.474873734152917200, 0.1499999999999999400, -1.909188309203676800 ) ) ;
#554 = VECTOR ( 'NONE', #2239, 999.9999999999997700 ) ;
#555 = EDGE_CURVE ( 'NONE', #3537, #748, #1875, .T. ) ;
#556 = CARTESIAN_POINT ( 'NONE',  ( -1.849999999999999600, 0.1499999999999999700, 2.750000000000000400 ) ) ;
#557 = LINE ( 'NONE', #2557, #3134 ) ;
#558 = EDGE_CURVE ( 'NONE', #1225, #3066, #4098, .T. ) ;
#559 = DIRECTION ( 'NONE',  ( 0.8660254037844367100, 0.0000000000000000000, -0.5000000000000032200 ) ) ;
#560 = VECTOR ( 'NONE', #153, 1000.000000000000000 ) ;
#561 = DIRECTION ( 'NONE',  ( 0.0000000000000000000, -1.000000000000000000, 0.0000000000000000000 ) ) ;
#562 = ADVANCED_FACE ( 'NONE', ( #4145 ), #3282, .F. ) ;
#563 = CYLINDRICAL_SURFACE ( 'NONE', #829, 0.1500000000000000800 ) ;
#564 = CARTESIAN_POINT ( 'NONE',  ( 2.849999999999999600, 1.840000000000000100, -0.8500000000000000900 ) ) ;
#565 = VECTOR ( 'NONE', #2529, 1000.000000000000000 ) ;
#566 = EDGE_LOOP ( 'NONE', ( #1930, #1722, #3166, #1257 ) ) ;
#567 = AXIS2_PLACEMENT_3D ( 'NONE', #2349, #2697, #693 ) ;
#568 = DIRECTION ( 'NONE',  ( -0.8660254037844363800, 0.0000000000000000000, -0.5000000000000040000 ) ) ;
#569 = EDGE_CURVE ( 'NONE', #573, #3848, #2341, .T. ) ;
#570 = LINE ( 'NONE', #84, #1457 ) ;
#571 = DIRECTION ( 'NONE',  ( -0.5000000000000038900, 0.0000000000000000000, -0.8660254037844363800 ) ) ;
#572 = EDGE_LOOP ( 'NONE', ( #1359, #420, #2592, #3900 ) ) ;
#573 = VERTEX_POINT ( 'NONE', #1214 ) ;
#574 = CARTESIAN_POINT ( 'NONE',  ( -2.687005768508881100, -5.267836809119285900E-017, -2.121320343559641100 ) ) ;
#575 = VERTEX_POINT ( 'NONE', #3252 ) ;
#576 = PLANE ( 'NONE',  #2287 ) ;
#577 = EDGE_CURVE ( 'NONE', #990, #1479, #1563, .T. ) ;
#578 = VERTEX_POINT ( 'NONE', #1573 ) ;
#579 = VERTEX_POINT ( 'NONE', #2270 ) ;
#580 = DIRECTION ( 'NONE',  ( 0.0000000000000000000, 0.0000000000000000000, -1.000000000000000000 ) ) ;
#581 = VERTEX_POINT ( 'NONE', #247 ) ;
#582 = VERTEX_POINT ( 'NONE', #213 ) ;
#583 = CARTESIAN_POINT ( 'NONE',  ( -2.850000000000000500, 0.1499999999999999900, -1.000000000000000000 ) ) ;
#584 = ADVANCED_FACE ( 'NONE', ( #1353 ), #1253, .T. ) ;
#585 = AXIS2_PLACEMENT_3D ( 'NONE', #2036, #4069, #380 ) ;
#586 = EDGE_CURVE ( 'NONE', #4053, #429, #2886, .T. ) ;
#587 = ORIENTED_EDGE ( 'NONE', *, *, #3603, .F. ) ;
#588 = LINE ( 'NONE', #3835, #2575 ) ;
#589 = VERTEX_POINT ( 'NONE', #1909 ) ;
#590 = EDGE_LOOP ( 'NONE', ( #488, #3888, #2142, #2683 ) ) ;
#591 = ORIENTED_EDGE ( 'NONE', *, *, #2735, .T. ) ;
#592 = LINE ( 'NONE', #705, #4065 ) ;
#593 = DIRECTION ( 'NONE',  ( 0.8660254037844404800, 0.0000000000000000000, -0.4999999999999967800 ) ) ;
#594 = VERTEX_POINT ( 'NONE', #2236 ) ;
#595 = AXIS2_PLACEMENT_3D ( 'NONE', #3806, #1335, #3685 ) ;
#596 = LINE ( 'NONE', #1693, #2690 ) ;
#597 = DIRECTION ( 'NONE',  ( -0.0000000000000000000, -1.000000000000000000, -0.0000000000000000000 ) ) ;
#598 = DIRECTION ( 'NONE',  ( -4.088172546704894500E-016, 0.3905667329424725700, -0.9205746178983229600 ) ) ;
#599 = DIRECTION ( 'NONE',  ( 0.6063390625908320300, -0.5144957554275275700, -0.6063390625908320300 ) ) ;
#600 = VERTEX_POINT ( 'NONE', #4246 ) ;
#601 = DIRECTION ( 'NONE',  ( -0.7071067811865487900, -0.0000000000000000000, 0.7071067811865462400 ) ) ;
#602 = LINE ( 'NONE', #1642, #4076 ) ;
#603 = EDGE_CURVE ( 'NONE', #3897, #2508, #3037, .T. ) ;
#604 = CARTESIAN_POINT ( 'NONE',  ( -1.632667453115285800, 0.1499999999999999700, -1.439615242270661200 ) ) ;
#605 = CLOSED_SHELL ( 'NONE', ( #4224, #1182, #2558, #3275, #2139, #1506, #3830, #1568, #200, #1784, #653, #3919, #1591, #3568, #1163, #819, #364, #3899, #3962, #2245, #3981, #3249, #4180, #2497, #1245, #502, #3549, #1624, #3142, #2010, #3334, #3606, #1911, #1289, #606, #1528 ) ) ;
#606 = ADVANCED_FACE ( 'NONE', ( #894 ), #889, .F. ) ;
#607 = LINE ( 'NONE', #4265, #4079 ) ;
#608 = CARTESIAN_POINT ( 'NONE',  ( 2.071231517720797800, 5.946455813684773200, 1.000000000000000000 ) ) ;
#609 = DIRECTION ( 'NONE',  ( -1.000000000000000000, 0.0000000000000000000, 2.784401775768830400E-016 ) ) ;
#610 = AXIS2_PLACEMENT_3D ( 'NONE', #313, #1308, #1620 ) ;
#611 = LINE ( 'NONE', #2321, #3709 ) ;
#612 = DIRECTION ( 'NONE',  ( -0.6708203932499372500, -0.3162277660168362800, -0.6708203932499374700 ) ) ;
#613 = CARTESIAN_POINT ( 'NONE',  ( 1.699306157327625400, 1.329999999999999800, 2.477123616632822800 ) ) ;
#614 = AXIS2_PLACEMENT_3D ( 'NONE', #56, #2063, #376 ) ;
#615 = CARTESIAN_POINT ( 'NONE',  ( -0.8347813072352250300, 1.609709876294631800, 2.725002783317962900 ) ) ;
#616 = CIRCLE ( 'NONE', #1222, 2.849999999999999200 ) ;
#617 = ORIENTED_EDGE ( 'NONE', *, *, #3698, .T. ) ;
#618 = DIRECTION ( 'NONE',  ( 0.0000000000000000000, 0.0000000000000000000, 1.000000000000000000 ) ) ;
#619 = LINE ( 'NONE', #2303, #3717 ) ;
#620 = ORIENTED_EDGE ( 'NONE', *, *, #493, .T. ) ;
#621 = DIRECTION ( 'NONE',  ( -0.5000000000000040000, 0.0000000000000000000, 0.8660254037844363800 ) ) ;
#622 = DIRECTION ( 'NONE',  ( 0.0000000000000000000, -1.000000000000000000, -0.0000000000000000000 ) ) ;
#623 = EDGE_CURVE ( 'NONE', #3951, #631, #414, .T. ) ;
#624 = CIRCLE ( 'NONE', #2941, 0.07499999999999998300 ) ;
#625 = DIRECTION ( 'NONE',  ( 0.0000000000000000000, 0.0000000000000000000, -1.000000000000000000 ) ) ;
#626 = ADVANCED_FACE ( 'NONE', ( #2453 ), #2929, .T. ) ;
#627 = CARTESIAN_POINT ( 'NONE',  ( 2.750000000000000400, 0.1499999999999999700, -1.849999999999996100 ) ) ;
#628 = EDGE_CURVE ( 'NONE', #579, #673, #570, .T. ) ;
#629 = ORIENTED_EDGE ( 'NONE', *, *, #4147, .T. ) ;
#630 = ORIENTED_EDGE ( 'NONE', *, *, #689, .T. ) ;
#631 = VERTEX_POINT ( 'NONE', #2579 ) ;
#632 = VERTEX_POINT ( 'NONE', #1248 ) ;
#633 = DIRECTION ( 'NONE',  ( 0.0000000000000000000, 0.0000000000000000000, -1.000000000000000000 ) ) ;
#634 = ORIENTED_EDGE ( 'NONE', *, *, #1540, .F. ) ;
#635 = CARTESIAN_POINT ( 'NONE',  ( -1.632667453115285800, 0.0000000000000000000, 1.439615242270661400 ) ) ;
#636 = VERTEX_POINT ( 'NONE', #1582 ) ;
#637 = EDGE_CURVE ( 'NONE', #3647, #4020, #676, .T. ) ;
#638 = LINE ( 'NONE', #3910, #3590 ) ;
#639 = ORIENTED_EDGE ( 'NONE', *, *, #1224, .T. ) ;
#640 = CARTESIAN_POINT ( 'NONE',  ( 2.580939751330898300, 1.370000000000000100, 2.227386360737624300 ) ) ;
#641 = CARTESIAN_POINT ( 'NONE',  ( -2.718160927159489300, 1.796459322294023100, 0.8567992838256280900 ) ) ;
#642 = CARTESIAN_POINT ( 'NONE',  ( -1.632667453115285800, 0.0000000000000000000, -1.439615242270661200 ) ) ;
#643 = VECTOR ( 'NONE', #3107, 1000.000000000000000 ) ;
#644 = DIRECTION ( 'NONE',  ( -0.7071067811865475700, 0.0000000000000000000, 0.7071067811865474600 ) ) ;
#645 = EDGE_CURVE ( 'NONE', #3484, #2525, #4351, .T. ) ;
#646 = FILL_AREA_STYLE_COLOUR ( '', #333 ) ;
#647 = ORIENTED_EDGE ( 'NONE', *, *, #3460, .T. ) ;
#648 = FACE_OUTER_BOUND ( 'NONE', #3524, .T. ) ;
#649 = CARTESIAN_POINT ( 'NONE',  ( 1.935008417723141000, 1.530000000000000500, 2.147140452079100600 ) ) ;
#650 = DIRECTION ( 'NONE',  ( 0.0000000000000000000, -0.0000000000000000000, 1.000000000000000000 ) ) ;
#651 = CIRCLE ( 'NONE', #1657, 0.1500000000000000800 ) ;
#652 = LINE ( 'NONE', #743, #1017 ) ;
#653 = ADVANCED_FACE ( 'NONE', ( #3251 ), #3461, .T. ) ;
#654 = VERTEX_POINT ( 'NONE', #146 ) ;
#655 = DIRECTION ( 'NONE',  ( -0.5000000000000020000, 0.0000000000000000000, -0.8660254037844376000 ) ) ;
#656 = FACE_OUTER_BOUND ( 'NONE', #796, .T. ) ;
#657 = DIRECTION ( 'NONE',  ( 0.0000000000000000000, -1.000000000000000000, 0.0000000000000000000 ) ) ;
#658 = ORIENTED_EDGE ( 'NONE', *, *, #2930, .T. ) ;
#659 = ORIENTED_EDGE ( 'NONE', *, *, #4276, .T. ) ;
#660 = FACE_OUTER_BOUND ( 'NONE', #2116, .T. ) ;
#661 = DIRECTION ( 'NONE',  ( 0.6708203932499377000, -0.3162277660168349400, 0.6708203932499377000 ) ) ;
#662 = LINE ( 'NONE', #915, #3025 ) ;
#663 = CARTESIAN_POINT ( 'NONE',  ( -1.741465986122621400, 0.1499999999999999700, 1.502430104589882500 ) ) ;
#664 = LINE ( 'NONE', #818, #4033 ) ;
#665 = DIRECTION ( 'NONE',  ( 0.0000000000000000000, 1.000000000000000000, 0.0000000000000000000 ) ) ;
#666 = AXIS2_PLACEMENT_3D ( 'NONE', #1108, #392, #53 ) ;
#667 = CARTESIAN_POINT ( 'NONE',  ( -1.817157287525382100, 0.0000000000000000000, -2.382842712474618500 ) ) ;
#668 = CYLINDRICAL_SURFACE ( 'NONE', #4307, 0.1000000000000001400 ) ;
#669 = EDGE_CURVE ( 'NONE', #185, #2365, #4044, .T. ) ;
#670 = CARTESIAN_POINT ( 'NONE',  ( -2.015254326381661400, 1.700000000000000000, -2.580939751330897400 ) ) ;
#671 = LINE ( 'NONE', #3886, #2397 ) ;
#672 = PLANE ( 'NONE',  #4146 ) ;
#673 = VERTEX_POINT ( 'NONE', #2776 ) ;
#674 = DIRECTION ( 'NONE',  ( 0.6063390625908318100, -0.5144957554275276800, -0.6063390625908321500 ) ) ;
#675 = CARTESIAN_POINT ( 'NONE',  ( -0.7749999999999988000, 1.655000000000000000, 2.850000000000000100 ) ) ;
#676 = LINE ( 'NONE', #768, #212 ) ;
#677 =( NAMED_UNIT ( * ) PLANE_ANGLE_UNIT ( ) SI_UNIT ( $, .RADIAN. ) );
#678 = ORIENTED_EDGE ( 'NONE', *, *, #405, .F. ) ;
#679 = DIRECTION ( 'NONE',  ( -0.0000000000000000000, -1.000000000000000000, -0.0000000000000000000 ) ) ;
#680 = VECTOR ( 'NONE', #2356, 1000.000000000000000 ) ;
#681 = ORIENTED_EDGE ( 'NONE', *, *, #267, .T. ) ;
#682 = DIRECTION ( 'NONE',  ( 0.7071067811865472400, 0.0000000000000000000, -0.7071067811865477900 ) ) ;
#683 = VERTEX_POINT ( 'NONE', #2806 ) ;
#684 = DIRECTION ( 'NONE',  ( -0.7071067811865466800, 0.0000000000000000000, -0.7071067811865481300 ) ) ;
#685 = ORIENTED_EDGE ( 'NONE', *, *, #2888, .T. ) ;
#686 = AXIS2_PLACEMENT_3D ( 'NONE', #2039, #2659, #1671 ) ;
#687 = ORIENTED_EDGE ( 'NONE', *, *, #1274, .F. ) ;
#688 = CARTESIAN_POINT ( 'NONE',  ( -1.350000000000000500, 1.279999999999996500, -2.850000000000000100 ) ) ;
#689 = EDGE_CURVE ( 'NONE', #1672, #1493, #2027, .T. ) ;
#690 = DIRECTION ( 'NONE',  ( -0.7071067811865475700, -0.0000000000000000000, 0.7071067811865474600 ) ) ;
#691 = ORIENTED_EDGE ( 'NONE', *, *, #3376, .T. ) ;
#692 = ORIENTED_EDGE ( 'NONE', *, *, #3551, .T. ) ;
#693 = DIRECTION ( 'NONE',  ( -0.8660254037844366000, 0.0000000000000000000, -0.5000000000000035500 ) ) ;
#694 = ORIENTED_EDGE ( 'NONE', *, *, #2183, .F. ) ;
#695 = VECTOR ( 'NONE', #2600, 1000.000000000000000 ) ;
#696 = VERTEX_POINT ( 'NONE', #3116 ) ;
#697 = CARTESIAN_POINT ( 'NONE',  ( 2.121320343559641500, -5.267836809119285900E-017, 2.687005768508880200 ) ) ;
#698 = ADVANCED_FACE ( 'NONE', ( #3148 ), #412, .T. ) ;
#699 = AXIS2_PLACEMENT_3D ( 'NONE', #1044, #1378, #2399 ) ;
#700 = EDGE_LOOP ( 'NONE', ( #2800, #1438, #735, #4103 ) ) ;
#701 = FACE_OUTER_BOUND ( 'NONE', #2150, .T. ) ;
#702 = CARTESIAN_POINT ( 'NONE',  ( -2.580939751330899100, -5.267836809119285900E-017, -2.015254326381659100 ) ) ;
#703 = CARTESIAN_POINT ( 'NONE',  ( -1.932667453115288300, 0.0000000000000000000, 0.9199999999999996000 ) ) ;
#704 = FACE_OUTER_BOUND ( 'NONE', #2261, .T. ) ;
#705 = CARTESIAN_POINT ( 'NONE',  ( -2.750000000000000400, 0.1499999999999999700, 1.000000000000000900 ) ) ;
#706 = VECTOR ( 'NONE', #1027, 1000.000000000000000 ) ;
#707 = DIRECTION ( 'NONE',  ( 0.0000000000000000000, -0.0000000000000000000, -1.000000000000000000 ) ) ;
#708 = DIRECTION ( 'NONE',  ( 0.7071067811865475700, 0.0000000000000000000, -0.7071067811865475700 ) ) ;
#709 = ORIENTED_EDGE ( 'NONE', *, *, #448, .T. ) ;
#710 = DIRECTION ( 'NONE',  ( 0.3638034375545002300, 0.8574929257125435400, -0.3638034375545001800 ) ) ;
#711 = LINE ( 'NONE', #3009, #3973 ) ;
#712 = EDGE_CURVE ( 'NONE', #3724, #3724, #1148, .T. ) ;
#713 = CARTESIAN_POINT ( 'NONE',  ( 2.399999999999999900, 1.580000000000000100, -2.850000000000000100 ) ) ;
#714 = CARTESIAN_POINT ( 'NONE',  ( -2.849999999999996100, 1.655000000000000000, 0.8500000000000026400 ) ) ;
#715 = CARTESIAN_POINT ( 'NONE',  ( 2.651650429449549800, 1.430000000000000200, 2.298097038856276700 ) ) ;
#716 = ORIENTED_EDGE ( 'NONE', *, *, #2148, .T. ) ;
#717 = DIRECTION ( 'NONE',  ( 0.7071067811865472400, 0.0000000000000000000, -0.7071067811865477900 ) ) ;
#718 = FACE_OUTER_BOUND ( 'NONE', #4176, .T. ) ;
#719 = EDGE_CURVE ( 'NONE', #3313, #696, #4206, .T. ) ;
#720 = VECTOR ( 'NONE', #2396, 1000.000000000000000 ) ;
#721 = CARTESIAN_POINT ( 'NONE',  ( 2.382842712474619000, 0.1499999999999999900, 1.817157287525381000 ) ) ;
#722 = DIRECTION ( 'NONE',  ( -0.7071067811865479100, 0.0000000000000000000, -0.7071067811865472400 ) ) ;
#723 = EDGE_CURVE ( 'NONE', #3483, #4210, #734, .T. ) ;
#724 = DIRECTION ( 'NONE',  ( -0.0000000000000000000, -1.000000000000000000, -0.0000000000000000000 ) ) ;
#725 = VECTOR ( 'NONE', #2013, 1000.000000000000000 ) ;
#726 = DIRECTION ( 'NONE',  ( 0.0000000000000000000, 0.0000000000000000000, -1.000000000000000000 ) ) ;
#727 = ORIENTED_EDGE ( 'NONE', *, *, #1636, .T. ) ;
#728 = AXIS2_PLACEMENT_3D ( 'NONE', #2167, #2191, #197 ) ;
#729 = SURFACE_STYLE_USAGE ( .BOTH. , #3435 ) ;
#730 = EDGE_CURVE ( 'NONE', #2625, #3170, #3672, .T. ) ;
#731 = LINE ( 'NONE', #193, #4202 ) ;
#732 = ORIENTED_EDGE ( 'NONE', *, *, #772, .T. ) ;
#733 = CARTESIAN_POINT ( 'NONE',  ( 0.0000000000000000000, 0.1499999999999999700, 0.0000000000000000000 ) ) ;
#734 = LINE ( 'NONE', #1123, #2402 ) ;
#735 = ORIENTED_EDGE ( 'NONE', *, *, #945, .T. ) ;
#736 = DIRECTION ( 'NONE',  ( 0.0000000000000000000, -0.0000000000000000000, 1.000000000000000000 ) ) ;
#737 = ORIENTED_EDGE ( 'NONE', *, *, #3511, .F. ) ;
#738 = CARTESIAN_POINT ( 'NONE',  ( 1.632667453115285800, 5.946455813684773200, -1.439615242270661400 ) ) ;
#739 = ORIENTED_EDGE ( 'NONE', *, *, #982, .T. ) ;
#740 = DIRECTION ( 'NONE',  ( -0.7071067811865475700, -0.0000000000000000000, 0.7071067811865475700 ) ) ;
#741 = DIRECTION ( 'NONE',  ( -0.6063390625908320300, -0.5144957554275275700, 0.6063390625908320300 ) ) ;
#742 = EDGE_LOOP ( 'NONE', ( #629, #2607, #956, #4225 ) ) ;
#743 = CARTESIAN_POINT ( 'NONE',  ( -1.909188309203679400, -1.593896411677231600E-017, -2.474873734152915000 ) ) ;
#744 = FILL_AREA_STYLE ('',( #3419 ) ) ;
#745 = ORIENTED_EDGE ( 'NONE', *, *, #2648, .T. ) ;
#746 = FACE_OUTER_BOUND ( 'NONE', #2406, .T. ) ;
#747 = DIRECTION ( 'NONE',  ( -0.7071067811865479100, 0.0000000000000000000, -0.7071067811865472400 ) ) ;
#748 = VERTEX_POINT ( 'NONE', #2460 ) ;
#749 = CARTESIAN_POINT ( 'NONE',  ( 2.742603689926781400, 1.580000000000000100, -0.7749999999999999100 ) ) ;
#750 = CARTESIAN_POINT ( 'NONE',  ( 1.450000000000000800, 0.1499999999999999700, 2.750000000000000000 ) ) ;
#751 = VECTOR ( 'NONE', #1071, 1000.000000000000000 ) ;
#752 = CARTESIAN_POINT ( 'NONE',  ( -1.450000000000000800, 5.946455813684773200, -2.750000000000000000 ) ) ;
#753 = EDGE_LOOP ( 'NONE', ( #3695, #3939, #1262, #1581 ) ) ;
#754 = CIRCLE ( 'NONE', #4275, 2.299999999999999800 ) ;
#755 = EDGE_CURVE ( 'NONE', #4319, #1177, #1302, .T. ) ;
#756 = EDGE_LOOP ( 'NONE', ( #1759 ) ) ;
#757 = CARTESIAN_POINT ( 'NONE',  ( -2.121320343559643700, -5.267836809119285900E-017, -2.687005768508879300 ) ) ;
#758 = ORIENTED_EDGE ( 'NONE', *, *, #2360, .T. ) ;
#759 = DIRECTION ( 'NONE',  ( 0.8660254037844376000, 0.0000000000000000000, -0.5000000000000020000 ) ) ;
#760 = FACE_OUTER_BOUND ( 'NONE', #1903, .T. ) ;
#761 = DIRECTION ( 'NONE',  ( -1.000000000000000000, 0.0000000000000000000, 6.389231090076063400E-016 ) ) ;
#762 = ORIENTED_EDGE ( 'NONE', *, *, #2598, .T. ) ;
#763 = DIRECTION ( 'NONE',  ( 0.0000000000000000000, -1.000000000000000000, 0.0000000000000000000 ) ) ;
#764 = ORIENTED_EDGE ( 'NONE', *, *, #1779, .F. ) ;
#765 = PLANE ( 'NONE',  #1243 ) ;
#766 = LINE ( 'NONE', #2883, #2325 ) ;
#767 = DIRECTION ( 'NONE',  ( -0.6063390625908318100, 0.5144957554275276800, 0.6063390625908321500 ) ) ;
#768 = CARTESIAN_POINT ( 'NONE',  ( 2.580939751330897800, 0.2999999999999999300, 2.015254326381660000 ) ) ;
#769 = CARTESIAN_POINT ( 'NONE',  ( -1.632667453115285800, 0.0000000000000000000, 1.439615242270661400 ) ) ;
#770 = DIRECTION ( 'NONE',  ( 1.000000000000000000, 0.0000000000000000000, -1.671785457853943100E-015 ) ) ;
#771 = AXIS2_PLACEMENT_3D ( 'NONE', #1933, #2959, #2633 ) ;
#772 = EDGE_CURVE ( 'NONE', #4268, #1511, #3207, .T. ) ;
#773 = DIRECTION ( 'NONE',  ( 0.0000000000000000000, 1.000000000000000000, 0.0000000000000000000 ) ) ;
#774 = LINE ( 'NONE', #4174, #2280 ) ;
#775 = CARTESIAN_POINT ( 'NONE',  ( -1.817157287525382100, 0.1499999999999999900, -2.382842712474618500 ) ) ;
#776 = VECTOR ( 'NONE', #3126, 1000.000000000000000 ) ;
#777 = DIRECTION ( 'NONE',  ( 0.0000000000000000000, 1.000000000000000000, 0.0000000000000000000 ) ) ;
#778 = DIRECTION ( 'NONE',  ( -0.8660254037844363800, 0.0000000000000000000, -0.5000000000000040000 ) ) ;
#779 = AXIS2_PLACEMENT_3D ( 'NONE', #2146, #2874, #2487 ) ;
#780 = CYLINDRICAL_SURFACE ( 'NONE', #2330, 0.07499999999999998300 ) ;
#781 = ORIENTED_EDGE ( 'NONE', *, *, #428, .F. ) ;
#782 = CARTESIAN_POINT ( 'NONE',  ( -2.227386360737625600, 1.490000000000000000, -2.580939751330897800 ) ) ;
#783 = DIRECTION ( 'NONE',  ( 0.7071067811865474600, 0.0000000000000000000, -0.7071067811865474600 ) ) ;
#784 = FACE_OUTER_BOUND ( 'NONE', #194, .T. ) ;
#785 = EDGE_CURVE ( 'NONE', #3547, #1662, #2983, .T. ) ;
#786 = ADVANCED_FACE ( 'NONE', ( #3837 ), #127, .F. ) ;
#787 = DIRECTION ( 'NONE',  ( 0.0000000000000000000, -1.000000000000000000, 0.0000000000000000000 ) ) ;
#788 = ORIENTED_EDGE ( 'NONE', *, *, #2657, .F. ) ;
#789 = FACE_OUTER_BOUND ( 'NONE', #572, .T. ) ;
#790 = ORIENTED_EDGE ( 'NONE', *, *, #712, .F. ) ;
#791 = UNCERTAINTY_MEASURE_WITH_UNIT (LENGTH_MEASURE( 1.000000000000000100E-005 ), #2035, 'distance_accuracy_value', 'NONE');
#792 = ORIENTED_EDGE ( 'NONE', *, *, #2332, .F. ) ;
#793 = CARTESIAN_POINT ( 'NONE',  ( 2.687005768508879700, 0.2999999999999999300, 2.121320343559642400 ) ) ;
#794 = CARTESIAN_POINT ( 'NONE',  ( -2.015254326381661400, -5.267836809119285900E-017, -2.580939751330897400 ) ) ;
#795 = DIRECTION ( 'NONE',  ( -0.7071067811865475700, 0.0000000000000000000, -0.7071067811865475700 ) ) ;
#796 = EDGE_LOOP ( 'NONE', ( #3783, #4312, #2739, #4226 ) ) ;
#797 = VERTEX_POINT ( 'NONE', #1466 ) ;
#798 = DIRECTION ( 'NONE',  ( 0.0000000000000000000, 0.0000000000000000000, -1.000000000000000000 ) ) ;
#799 = ORIENTED_EDGE ( 'NONE', *, *, #1533, .T. ) ;
#800 = CARTESIAN_POINT ( 'NONE',  ( 1.909188309203677400, 0.2999999999999999300, 2.474873734152916300 ) ) ;
#801 = EDGE_LOOP ( 'NONE', ( #1358, #3582, #3599, #227 ) ) ;
#802 = AXIS2_PLACEMENT_3D ( 'NONE', #3486, #2395, #4083 ) ;
#803 = CARTESIAN_POINT ( 'NONE',  ( 0.0000000000000000000, 1.580000000000000100, 0.0000000000000000000 ) ) ;
#804 = EDGE_CURVE ( 'NONE', #3696, #4118, #1399, .T. ) ;
#805 = EDGE_LOOP ( 'NONE', ( #2835 ) ) ;
#806 = LINE ( 'NONE', #3531, #858 ) ;
#807 = ORIENTED_EDGE ( 'NONE', *, *, #1440, .T. ) ;
#808 = CARTESIAN_POINT ( 'NONE',  ( 0.0000000000000000000, 1.840000000000000100, 0.0000000000000000000 ) ) ;
#809 = ORIENTED_EDGE ( 'NONE', *, *, #162, .T. ) ;
#810 = CARTESIAN_POINT ( 'NONE',  ( -0.8586675041709311800, 1.800000000000001600, 2.717570627836719800 ) ) ;
#811 = FACE_OUTER_BOUND ( 'NONE', #1969, .T. ) ;
#812 = DIRECTION ( 'NONE',  ( -0.7071067811865475700, -0.0000000000000000000, 0.7071067811865474600 ) ) ;
#813 = CARTESIAN_POINT ( 'NONE',  ( -1.932667453115288100, 0.1499999999999999700, -0.9199999999999993700 ) ) ;
#814 = EDGE_CURVE ( 'NONE', #3307, #378, #1299, .T. ) ;
#815 = DIRECTION ( 'NONE',  ( -1.000000000000000000, 0.0000000000000000000, 3.343570915707909400E-015 ) ) ;
#816 = VERTEX_POINT ( 'NONE', #203 ) ;
#817 = VECTOR ( 'NONE', #690, 1000.000000000000000 ) ;
#818 = CARTESIAN_POINT ( 'NONE',  ( 2.850000000000000500, -6.362650522703633600, 4.952780007228411400 ) ) ;
#819 = ADVANCED_FACE ( 'NONE', ( #2978 ), #2214, .F. ) ;
#820 = DIRECTION ( 'NONE',  ( 0.0000000000000000000, 1.000000000000000000, 0.0000000000000000000 ) ) ;
#821 = EDGE_LOOP ( 'NONE', ( #1363, #375, #121, #398 ) ) ;
#822 = EDGE_CURVE ( 'NONE', #3642, #532, #1097, .T. ) ;
#823 = CARTESIAN_POINT ( 'NONE',  ( 2.580939751330897800, -5.267836809119285900E-017, 2.015254326381660000 ) ) ;
#824 = LINE ( 'NONE', #4102, #3284 ) ;
#825 = CARTESIAN_POINT ( 'NONE',  ( -1.450000000000000800, 0.1499999999999999700, -2.750000000000000000 ) ) ;
#826 = DIRECTION ( 'NONE',  ( 0.0000000000000000000, 0.0000000000000000000, -1.000000000000000000 ) ) ;
#827 = VECTOR ( 'NONE', #1527, 1000.000000000000000 ) ;
#828 = CARTESIAN_POINT ( 'NONE',  ( 0.8500000000000030900, 1.765000000000000100, -2.849999999999996500 ) ) ;
#829 = AXIS2_PLACEMENT_3D ( 'NONE', #1789, #2847, #3504 ) ;
#830 = DIRECTION ( 'NONE',  ( 1.000000000000000000, -0.0000000000000000000, -2.784401775768830400E-016 ) ) ;
#831 = VECTOR ( 'NONE', #4042, 1000.000000000000000 ) ;
#832 = DIRECTION ( 'NONE',  ( 0.8660254037844367100, -0.0000000000000000000, -0.5000000000000032200 ) ) ;
#833 = AXIS2_PLACEMENT_3D ( 'NONE', #808, #3149, #3501 ) ;
#834 = ADVANCED_FACE ( 'NONE', ( #3463 ), #939, .T. ) ;
#835 = EDGE_CURVE ( 'NONE', #4330, #2347, #890, .T. ) ;
#836 = PLANE ( 'NONE',  #2493 ) ;
#837 = ORIENTED_EDGE ( 'NONE', *, *, #283, .F. ) ;
#838 = CARTESIAN_POINT ( 'NONE',  ( -0.9249999999999987100, 1.840000000000000100, 2.849999999999998300 ) ) ;
#839 = DIRECTION ( 'NONE',  ( -0.0000000000000000000, -1.000000000000000000, -0.0000000000000000000 ) ) ;
#840 = CARTESIAN_POINT ( 'NONE',  ( -2.288561808316410800, 1.530000000000000000, -1.793587061485831400 ) ) ;
#841 = CYLINDRICAL_SURFACE ( 'NONE', #1523, 0.4499999999999999000 ) ;
#842 = EDGE_LOOP ( 'NONE', ( #2422, #4049, #2111, #1361 ) ) ;
#843 = AXIS2_PLACEMENT_3D ( 'NONE', #4280, #1209, #1265 ) ;
#844 = LINE ( 'NONE', #1645, #4301 ) ;
#845 = CARTESIAN_POINT ( 'NONE',  ( 1.741465986122621200, 0.0000000000000000000, 1.502430104589882700 ) ) ;
#846 = EDGE_LOOP ( 'NONE', ( #3747, #1572, #868, #371 ) ) ;
#847 = DIRECTION ( 'NONE',  ( 0.0000000000000000000, 0.0000000000000000000, 1.000000000000000000 ) ) ;
#848 = ORIENTED_EDGE ( 'NONE', *, *, #2829, .T. ) ;
#849 = VERTEX_POINT ( 'NONE', #2838 ) ;
#850 = AXIS2_PLACEMENT_3D ( 'NONE', #31, #3693, #12 ) ;
#851 = PLANE ( 'NONE',  #81 ) ;
#852 = DIRECTION ( 'NONE',  ( 0.0000000000000000000, -1.000000000000000000, 0.0000000000000000000 ) ) ;
#853 = CARTESIAN_POINT ( 'NONE',  ( -1.208578643762691100, 1.580000000000000100, -2.849999999999999600 ) ) ;
#854 = ORIENTED_EDGE ( 'NONE', *, *, #1652, .F. ) ;
#855 = DIRECTION ( 'NONE',  ( 1.000000000000000000, 0.0000000000000000000, -3.343570915707909400E-015 ) ) ;
#856 = DIRECTION ( 'NONE',  ( 0.0000000000000000000, -1.000000000000000000, 0.0000000000000000000 ) ) ;
#857 = ORIENTED_EDGE ( 'NONE', *, *, #2679, .F. ) ;
#858 = VECTOR ( 'NONE', #3935, 1000.000000000000000 ) ;
#859 = ORIENTED_EDGE ( 'NONE', *, *, #2368, .F. ) ;
#860 = ORIENTED_EDGE ( 'NONE', *, *, #920, .F. ) ;
#861 = CARTESIAN_POINT ( 'NONE',  ( 2.288561808316410800, 1.530000000000000000, 1.793587061485831100 ) ) ;
#862 = ADVANCED_FACE ( 'NONE', ( #3523 ), #2523, .T. ) ;
#863 = EDGE_CURVE ( 'NONE', #2361, #1012, #2448, .T. ) ;
#864 = LINE ( 'NONE', #775, #643 ) ;
#865 = AXIS2_PLACEMENT_3D ( 'NONE', #803, #3759, #2418 ) ;
#866 = DIRECTION ( 'NONE',  ( 0.0000000000000000000, 0.0000000000000000000, -1.000000000000000000 ) ) ;
#867 = EDGE_CURVE ( 'NONE', #3003, #3313, #159, .T. ) ;
#868 = ORIENTED_EDGE ( 'NONE', *, *, #3102, .F. ) ;
#869 = CIRCLE ( 'NONE', #2713, 0.4499999999999999000 ) ;
#870 = DIRECTION ( 'NONE',  ( 0.7071067811865475700, 0.0000000000000000000, -0.7071067811865475700 ) ) ;
#871 = DIRECTION ( 'NONE',  ( 0.0000000000000000000, -1.000000000000000000, 0.0000000000000000000 ) ) ;
#872 = EDGE_LOOP ( 'NONE', ( #1739, #1975, #1325, #3772 ) ) ;
#873 = EDGE_CURVE ( 'NONE', #696, #3219, #2077, .T. ) ;
#874 = DIRECTION ( 'NONE',  ( -1.000000000000000000, 0.0000000000000000000, 2.784401775768830400E-016 ) ) ;
#875 = ORIENTED_EDGE ( 'NONE', *, *, #2823, .F. ) ;
#876 = ORIENTED_EDGE ( 'NONE', *, *, #2273, .T. ) ;
#877 = AXIS2_PLACEMENT_3D ( 'NONE', #1691, #4047, #4291 ) ;
#878 = EDGE_CURVE ( 'NONE', #3360, #2890, #671, .T. ) ;
#879 = CARTESIAN_POINT ( 'NONE',  ( -2.850000000000000500, -8.061017305526641900, -1.350000000000000100 ) ) ;
#880 = LINE ( 'NONE', #161, #2545 ) ;
#881 = ADVANCED_FACE ( 'NONE', ( #4345 ), #2291, .T. ) ;
#882 = CARTESIAN_POINT ( 'NONE',  ( -1.450000000000000800, 0.0000000000000000000, -2.750000000000000000 ) ) ;
#883 = DIRECTION ( 'NONE',  ( -1.671785457853943100E-015, 0.0000000000000000000, -1.000000000000000000 ) ) ;
#884 = LINE ( 'NONE', #2602, #4032 ) ;
#885 = DIRECTION ( 'NONE',  ( -0.7071067811865475700, -0.0000000000000000000, -0.7071067811865475700 ) ) ;
#886 = FACE_OUTER_BOUND ( 'NONE', #1371, .T. ) ;
#887 = CARTESIAN_POINT ( 'NONE',  ( 1.932667453115288100, 0.1499999999999999900, 0.9199999999999993700 ) ) ;
#888 = LINE ( 'NONE', #3820, #2552 ) ;
#889 = PLANE ( 'NONE',  #99 ) ;
#890 = LINE ( 'NONE', #2504, #410 ) ;
#891 = ORIENTED_EDGE ( 'NONE', *, *, #3135, .T. ) ;
#892 = CARTESIAN_POINT ( 'NONE',  ( 2.687005768508879700, -5.267836809119285900E-017, 2.121320343559642400 ) ) ;
#893 = DIRECTION ( 'NONE',  ( 1.000000000000000000, -0.0000000000000000000, -3.343570915707909400E-015 ) ) ;
#894 = FACE_OUTER_BOUND ( 'NONE', #3016, .T. ) ;
#895 = CARTESIAN_POINT ( 'NONE',  ( -0.8499999999999992000, 1.655000000000000000, 2.720294101747087200 ) ) ;
#896 = ORIENTED_EDGE ( 'NONE', *, *, #1355, .F. ) ;
#897 = LINE ( 'NONE', #1692, #3470 ) ;
#898 = EDGE_LOOP ( 'NONE', ( #3369, #3626, #111, #3956 ) ) ;
#899 = DIRECTION ( 'NONE',  ( -0.0000000000000000000, -1.000000000000000000, -0.0000000000000000000 ) ) ;
#900 = ADVANCED_FACE ( 'NONE', ( #1608 ), #4208, .T. ) ;
#901 = AXIS2_PLACEMENT_3D ( 'NONE', #1395, #2754, #3750 ) ;
#902 = EDGE_CURVE ( 'NONE', #3313, #1919, #3348, .T. ) ;
#903 = ORIENTED_EDGE ( 'NONE', *, *, #2388, .F. ) ;
#904 = LINE ( 'NONE', #978, #3368 ) ;
#905 = ORIENTED_EDGE ( 'NONE', *, *, #4108, .F. ) ;
#906 = VERTEX_POINT ( 'NONE', #492 ) ;
#907 = DIRECTION ( 'NONE',  ( 1.000000000000000000, 0.0000000000000000000, -6.389231090076063400E-016 ) ) ;
#908 = VECTOR ( 'NONE', #1143, 1000.000000000000000 ) ;
#909 = ORIENTED_EDGE ( 'NONE', *, *, #2923, .F. ) ;
#910 = DIRECTION ( 'NONE',  ( -0.0000000000000000000, -1.000000000000000000, -0.0000000000000000000 ) ) ;
#911 = CARTESIAN_POINT ( 'NONE',  ( -1.932667453115288100, 5.946455813684773200, -0.9199999999999993700 ) ) ;
#912 = CARTESIAN_POINT ( 'NONE',  ( 2.849999999999999600, 0.1499999999999999900, -2.400000000000000400 ) ) ;
#913 = ORIENTED_EDGE ( 'NONE', *, *, #1602, .T. ) ;
#914 = LINE ( 'NONE', #3691, #228 ) ;
#915 = CARTESIAN_POINT ( 'NONE',  ( 2.015254326381659600, 1.579999999999999800, 2.580939751330897400 ) ) ;
#916 = ORIENTED_EDGE ( 'NONE', *, *, #785, .F. ) ;
#917 = AXIS2_PLACEMENT_3D ( 'NONE', #3522, #1499, #3860 ) ;
#918 = ORIENTED_EDGE ( 'NONE', *, *, #3617, .T. ) ;
#919 = DIRECTION ( 'NONE',  ( 0.7071067811865474600, 0.0000000000000000000, 0.7071067811865474600 ) ) ;
#920 = EDGE_CURVE ( 'NONE', #575, #1872, #2611, .T. ) ;
#921 = ADVANCED_FACE ( 'NONE', ( #1512 ), #1386, .T. ) ;
#922 = ORIENTED_EDGE ( 'NONE', *, *, #1204, .F. ) ;
#923 = DIRECTION ( 'NONE',  ( -0.7071067811865474600, 0.0000000000000000000, 0.7071067811865474600 ) ) ;
#924 = VECTOR ( 'NONE', #3400, 1000.000000000000000 ) ;
#925 = AXIS2_PLACEMENT_3D ( 'NONE', #1598, #2654, #4337 ) ;
#926 = AXIS2_PLACEMENT_3D ( 'NONE', #1105, #4159, #1810 ) ;
#927 = B_SPLINE_CURVE_WITH_KNOTS ( 'NONE', 3,
 ( #2220, #3634, #2996, #991, #3294, #641, #3338 ),
 .UNSPECIFIED., .F., .F.,
 ( 4, 3, 4 ),
 ( 0.0000000000000000000, 2.427772906261087500E-005, 3.628586085314891300E-005 ),
 .UNSPECIFIED. ) ;
#928 = PLANE ( 'NONE',  #936 ) ;
#929 = FACE_OUTER_BOUND ( 'NONE', #3087, .T. ) ;
#930 = LINE ( 'NONE', #752, #831 ) ;
#931 = DIRECTION ( 'NONE',  ( 0.8660254037844367100, 0.0000000000000000000, -0.5000000000000033300 ) ) ;
#932 = DIRECTION ( 'NONE',  ( 0.0000000000000000000, 0.0000000000000000000, 1.000000000000000000 ) ) ;
#933 = CARTESIAN_POINT ( 'NONE',  ( 0.9250000000000022600, 1.840000000000000100, -2.653389341954926400 ) ) ;
#934 = DIRECTION ( 'NONE',  ( -1.000000000000000000, 0.0000000000000000000, 1.671785457853943100E-015 ) ) ;
#935 = ORIENTED_EDGE ( 'NONE', *, *, #1926, .F. ) ;
#936 = AXIS2_PLACEMENT_3D ( 'NONE', #4296, #280, #3298 ) ;
#937 = ADVANCED_FACE ( 'NONE', ( #518 ), #50, .T. ) ;
#938 = EDGE_CURVE ( 'NONE', #1288, #1915, #3667, .T. ) ;
#939 = TOROIDAL_SURFACE ( 'NONE', #917, 0.09999999999999614800, 0.1000000000000000300 ) ;
#940 = EDGE_LOOP ( 'NONE', ( #1725, #2251, #685, #3785 ) ) ;
#941 = LINE ( 'NONE', #2310, #2724 ) ;
#942 = ORIENTED_EDGE ( 'NONE', *, *, #1090, .F. ) ;
#943 = DIRECTION ( 'NONE',  ( 0.0000000000000000000, -1.000000000000000000, 0.0000000000000000000 ) ) ;
#944 = ORIENTED_EDGE ( 'NONE', *, *, #1912, .F. ) ;
#945 = EDGE_CURVE ( 'NONE', #3585, #3647, #2880, .T. ) ;
#946 = EDGE_LOOP ( 'NONE', ( #905, #2700, #2398, #1008 ) ) ;
#947 = EDGE_LOOP ( 'NONE', ( #2932, #1513, #1689, #2469 ) ) ;
#948 = PLANE ( 'NONE',  #2604 ) ;
#949 = B_SPLINE_CURVE_WITH_KNOTS ( 'NONE', 3,
 ( #2779, #3477, #2481, #3777, #3119, #1110, #2463 ),
 .UNSPECIFIED., .F., .F.,
 ( 4, 3, 4 ),
 ( 1.167721476617542300E-018, 2.428206243567500000E-005, 3.629013751033689100E-005 ),
 .UNSPECIFIED. ) ;
#950 = ORIENTED_EDGE ( 'NONE', *, *, #1281, .T. ) ;
#951 = DIRECTION ( 'NONE',  ( 0.7071067811865464600, 0.0000000000000000000, -0.7071067811865486800 ) ) ;
#952 = EDGE_CURVE ( 'NONE', #1051, #1051, #2658, .T. ) ;
#953 = DIRECTION ( 'NONE',  ( 0.8660254037844367100, 0.0000000000000000000, -0.5000000000000033300 ) ) ;
#954 = ORIENTED_EDGE ( 'NONE', *, *, #3262, .T. ) ;
#955 = LINE ( 'NONE', #2816, #3218 ) ;
#956 = ORIENTED_EDGE ( 'NONE', *, *, #1393, .F. ) ;
#957 = ORIENTED_EDGE ( 'NONE', *, *, #202, .F. ) ;
#958 = PLANE ( 'NONE',  #16 ) ;
#959 = DIRECTION ( 'NONE',  ( 1.000000000000000000, -0.0000000000000000000, 0.0000000000000000000 ) ) ;
#960 = LINE ( 'NONE', #2107, #326 ) ;
#961 = CARTESIAN_POINT ( 'NONE',  ( 2.850000000000000100, 1.580000000000000100, 1.350000000000000100 ) ) ;
#962 = ADVANCED_FACE ( 'NONE', ( #2772 ), #780, .F. ) ;
#963 = VERTEX_POINT ( 'NONE', #3344 ) ;
#964 = VECTOR ( 'NONE', #4087, 1000.000000000000000 ) ;
#965 = CARTESIAN_POINT ( 'NONE',  ( -2.568157287525382400, 1.280000000000000000, -3.133842712474621100 ) ) ;
#966 = CARTESIAN_POINT ( 'NONE',  ( 0.0000000000000000000, 1.580000000000000100, 0.0000000000000000000 ) ) ;
#967 = CARTESIAN_POINT ( 'NONE',  ( 1.741465986122621400, 0.1499999999999999900, -1.502430104589882500 ) ) ;
#968 = CARTESIAN_POINT ( 'NONE',  ( -2.674223304703364300, 1.490000000000000000, -3.027776695296639200 ) ) ;
#969 = ORIENTED_EDGE ( 'NONE', *, *, #1916, .T. ) ;
#970 = DIRECTION ( 'NONE',  ( 0.0000000000000000000, -1.000000000000000000, 0.0000000000000000000 ) ) ;
#971 = FACE_OUTER_BOUND ( 'NONE', #2667, .T. ) ;
#972 = CARTESIAN_POINT ( 'NONE',  ( -0.8238380338893702700, 1.597515502051637800, 2.728339975328125000 ) ) ;
#973 = ORIENTED_EDGE ( 'NONE', *, *, #4147, .F. ) ;
#974 = SURFACE_SIDE_STYLE ('',( #2812 ) ) ;
#975 = ORIENTED_EDGE ( 'NONE', *, *, #3992, .T. ) ;
#976 = LINE ( 'NONE', #3829, #554 ) ;
#977 = CARTESIAN_POINT ( 'NONE',  ( -1.935008417723141500, 1.530000000000001600, -2.147140452079100600 ) ) ;
#978 = CARTESIAN_POINT ( 'NONE',  ( -2.227386360737625600, 1.490000000000000000, -2.580939751330897800 ) ) ;
#979 = AXIS2_PLACEMENT_3D ( 'NONE', #1283, #3645, #1955 ) ;
#980 = DIRECTION ( 'NONE',  ( -0.7071067811865474600, 0.0000000000000000000, 0.7071067811865474600 ) ) ;
#981 = B_SPLINE_CURVE_WITH_KNOTS ( 'NONE', 3,
 ( #2788, #3131, #175, #4190, #3180, #3193, #2854 ),
 .UNSPECIFIED., .F., .F.,
 ( 4, 3, 4 ),
 ( 0.0000000000000000000, 2.427772906261100100E-005, 3.628586085314910300E-005 ),
 .UNSPECIFIED. ) ;
#982 = EDGE_CURVE ( 'NONE', #1861, #1414, #988, .T. ) ;
#983 = FACE_OUTER_BOUND ( 'NONE', #4257, .T. ) ;
#984 = ADVANCED_FACE ( 'NONE', ( #3986 ), #841, .T. ) ;
#985 = PLANE ( 'NONE',  #3607 ) ;
#986 = FACE_OUTER_BOUND ( 'NONE', #1332, .T. ) ;
#987 = CARTESIAN_POINT ( 'NONE',  ( 2.749999999999999600, 5.946455813684773200, 1.450000000000001300 ) ) ;
#988 = LINE ( 'NONE', #323, #1707 ) ;
#989 = ORIENTED_EDGE ( 'NONE', *, *, #2155, .F. ) ;
#990 = VERTEX_POINT ( 'NONE', #3669 ) ;
#991 = CARTESIAN_POINT ( 'NONE',  ( -2.719066340463296900, 1.788927798032972300, 0.8539193382044526500 ) ) ;
#992 = CARTESIAN_POINT ( 'NONE',  ( 2.121320343559641900, 1.280000000000000000, 2.687005768508880200 ) ) ;
#993 = VECTOR ( 'NONE', #1157, 1000.000000000000000 ) ;
#994 = CARTESIAN_POINT ( 'NONE',  ( 1.793587061485831600, 1.530000000000000000, 2.288561808316410300 ) ) ;
#995 = EDGE_CURVE ( 'NONE', #4229, #62, #3614, .T. ) ;
#996 = LINE ( 'NONE', #3058, #109 ) ;
#997 = ORIENTED_EDGE ( 'NONE', *, *, #3635, .F. ) ;
#998 = ORIENTED_EDGE ( 'NONE', *, *, #2009, .T. ) ;
#999 = CARTESIAN_POINT ( 'NONE',  ( -2.400000000000000800, -8.061017305526641900, 2.850000000000000100 ) ) ;
#1000 = ORIENTED_EDGE ( 'NONE', *, *, #1613, .F. ) ;
#1001 = DIRECTION ( 'NONE',  ( 0.0000000000000000000, -1.000000000000000000, 0.0000000000000000000 ) ) ;
#1002 = ORIENTED_EDGE ( 'NONE', *, *, #1602, .F. ) ;
#1003 = COLOUR_RGB ( '',0.7921568627450980000, 0.8196078431372548800, 0.9333333333333333500 ) ;
#1004 = ORIENTED_EDGE ( 'NONE', *, *, #49, .F. ) ;
#1005 = CARTESIAN_POINT ( 'NONE',  ( 2.749999999999999600, 0.1499999999999999700, 1.000000000000000200 ) ) ;
#1006 = CARTESIAN_POINT ( 'NONE',  ( -2.121320343559643700, 0.2999999999999999300, -2.687005768508879300 ) ) ;
#1007 = VECTOR ( 'NONE', #3155, 1000.000000000000000 ) ;
#1008 = ORIENTED_EDGE ( 'NONE', *, *, #145, .F. ) ;
#1009 = AXIS2_PLACEMENT_3D ( 'NONE', #3373, #2358, #2702 ) ;
#1010 = EDGE_CURVE ( 'NONE', #3422, #2917, #3887, .T. ) ;
#1011 = CARTESIAN_POINT ( 'NONE',  ( -1.350000000000000500, 1.279999999999996500, -2.850000000000000100 ) ) ;
#1012 = VERTEX_POINT ( 'NONE', #3023 ) ;
#1013 = CARTESIAN_POINT ( 'NONE',  ( 0.0000000000000000000, 1.840000000000000100, 0.0000000000000000000 ) ) ;
#1014 = VECTOR ( 'NONE', #1865, 999.9999999999998900 ) ;
#1015 = CARTESIAN_POINT ( 'NONE',  ( -0.8434716079339338300, 1.623348623837736100, 2.722326756095909200 ) ) ;
#1016 = ORIENTED_EDGE ( 'NONE', *, *, #361, .T. ) ;
#1017 = VECTOR ( 'NONE', #2686, 999.9999999999998900 ) ;
#1018 = EDGE_LOOP ( 'NONE', ( #2215, #1776, #1685, #2669, #2757, #1901, #214, #3320, #2489, #3814, #1934, #634, #716, #3045 ) ) ;
#1019 = CARTESIAN_POINT ( 'NONE',  ( -2.298097038856278000, 1.430000000000000200, -2.651650429449549300 ) ) ;
#1020 = DIRECTION ( 'NONE',  ( 0.7071067811865477900, 0.0000000000000000000, 0.7071067811865472400 ) ) ;
#1021 = AXIS2_PLACEMENT_3D ( 'NONE', #4000, #1965, #1995 ) ;
#1022 = LINE ( 'NONE', #1502, #4172 ) ;
#1023 = ORIENTED_EDGE ( 'NONE', *, *, #2593, .F. ) ;
#1024 = EDGE_CURVE ( 'NONE', #1127, #1127, #1758, .T. ) ;
#1025 = EDGE_LOOP ( 'NONE', ( #2296, #2848, #2456, #3834 ) ) ;
#1026 = FACE_OUTER_BOUND ( 'NONE', #1025, .T. ) ;
#1027 = DIRECTION ( 'NONE',  ( -0.0000000000000000000, -1.000000000000000000, -0.0000000000000000000 ) ) ;
#1028 = DIRECTION ( 'NONE',  ( -0.7071067811865479100, 0.0000000000000000000, -0.7071067811865472400 ) ) ;
#1029 = LINE ( 'NONE', #3854, #2122 ) ;
#1030 = EDGE_CURVE ( 'NONE', #849, #3247, #619, .T. ) ;
#1031 = DIRECTION ( 'NONE',  ( 0.0000000000000000000, 0.0000000000000000000, -1.000000000000000000 ) ) ;
#1032 = VECTOR ( 'NONE', #1072, 1000.000000000000200 ) ;
#1033 = CARTESIAN_POINT ( 'NONE',  ( 2.849999999999999600, 1.840000000000000100, -0.8500000000000000900 ) ) ;
#1034 = AXIS2_PLACEMENT_3D ( 'NONE', #3069, #1066, #3432 ) ;
#1035 = EDGE_CURVE ( 'NONE', #1783, #2882, #2830, .T. ) ;
#1036 = CARTESIAN_POINT ( 'NONE',  ( 2.474873734152915400, 0.2999999999999999300, 1.909188309203678300 ) ) ;
#1037 =( NAMED_UNIT ( * ) SI_UNIT ( $, .STERADIAN. ) SOLID_ANGLE_UNIT ( ) );
#1038 = LINE ( 'NONE', #3683, #3985 ) ;
#1039 = DIRECTION ( 'NONE',  ( 0.4999999999999967800, -0.0000000000000000000, 0.8660254037844404800 ) ) ;
#1040 = CARTESIAN_POINT ( 'NONE',  ( -1.350000000000000500, -8.061017305526641900, -2.850000000000000100 ) ) ;
#1041 = EDGE_LOOP ( 'NONE', ( #2580, #2674, #3726, #2292 ) ) ;
#1042 = PLANE ( 'NONE',  #567 ) ;
#1043 = FACE_OUTER_BOUND ( 'NONE', #1218, .T. ) ;
#1044 = CARTESIAN_POINT ( 'NONE',  ( -2.651650429449551500, 1.430000000000000200, -2.156675682618971000 ) ) ;
#1045 = ADVANCED_FACE ( 'NONE', ( #4093 ), #3036, .T. ) ;
#1046 = EDGE_CURVE ( 'NONE', #581, #3537, #2718, .T. ) ;
#1047 = ORIENTED_EDGE ( 'NONE', *, *, #1684, .T. ) ;
#1048 = VECTOR ( 'NONE', #3675, 1000.000000000000100 ) ;
#1049 = ORIENTED_EDGE ( 'NONE', *, *, #3169, .F. ) ;
#1050 = SURFACE_SIDE_STYLE ('',( #2095 ) ) ;
#1051 = VERTEX_POINT ( 'NONE', #1196 ) ;
#1052 = DIRECTION ( 'NONE',  ( -0.8660254037844363800, 0.0000000000000000000, 0.5000000000000038900 ) ) ;
#1053 = ORIENTED_EDGE ( 'NONE', *, *, #2179, .T. ) ;
#1054 = AXIS2_PLACEMENT_3D ( 'NONE', #3430, #1077, #1421 ) ;
#1055 = EDGE_CURVE ( 'NONE', #234, #1133, #102, .T. ) ;
#1056 = DIRECTION ( 'NONE',  ( 5.015356373561846800E-015, 0.0000000000000000000, -1.000000000000000000 ) ) ;
#1057 = ORIENTED_EDGE ( 'NONE', *, *, #603, .F. ) ;
#1058 = VERTEX_POINT ( 'NONE', #205 ) ;
#1059 = CARTESIAN_POINT ( 'NONE',  ( 0.0000000000000000000, 2.000000000000000000, 0.0000000000000000000 ) ) ;
#1060 = ORIENTED_EDGE ( 'NONE', *, *, #3929, .F. ) ;
#1061 = FACE_OUTER_BOUND ( 'NONE', #2565, .T. ) ;
#1062 = ORIENTED_EDGE ( 'NONE', *, *, #547, .F. ) ;
#1063 = CARTESIAN_POINT ( 'NONE',  ( 2.568157287525384200, 1.580000000000000100, 3.133842712474620200 ) ) ;
#1064 = AXIS2_PLACEMENT_3D ( 'NONE', #4235, #3918, #2913 ) ;
#1065 = FACE_OUTER_BOUND ( 'NONE', #1823, .T. ) ;
#1066 = DIRECTION ( 'NONE',  ( 0.0000000000000000000, -1.000000000000000000, 0.0000000000000000000 ) ) ;
#1067 = CARTESIAN_POINT ( 'NONE',  ( 2.849999999999999600, 1.655000000000000000, -0.8500000000000000900 ) ) ;
#1068 = VERTEX_POINT ( 'NONE', #3890 ) ;
#1069 = CARTESIAN_POINT ( 'NONE',  ( 1.741465986122620900, 5.946455813684773200, 1.502430104589883100 ) ) ;
#1070 = FACE_OUTER_BOUND ( 'NONE', #4126, .T. ) ;
#1071 = DIRECTION ( 'NONE',  ( -0.0000000000000000000, -1.000000000000000000, -0.0000000000000000000 ) ) ;
#1072 = DIRECTION ( 'NONE',  ( -0.8660254037844367100, 0.0000000000000000000, 0.5000000000000032200 ) ) ;
#1073 = ORIENTED_EDGE ( 'NONE', *, *, #3396, .T. ) ;
#1074 = PLANE ( 'NONE',  #2628 ) ;
#1075 = PRESENTATION_STYLE_ASSIGNMENT (( #296 ) ) ;
#1076 = EDGE_LOOP ( 'NONE', ( #1002, #2543, #3535, #2409 ) ) ;
#1077 = DIRECTION ( 'NONE',  ( 8.659560562354931600E-017, -1.000000000000000000, 8.659560562354925500E-017 ) ) ;
#1078 = EDGE_CURVE ( 'NONE', #1730, #1883, #3205, .T. ) ;
#1079 = DIRECTION ( 'NONE',  ( -0.8660254037844366000, 0.0000000000000000000, -0.5000000000000036600 ) ) ;
#1080 = AXIS2_PLACEMENT_3D ( 'NONE', #4177, #189, #1811 ) ;
#1081 = ORIENTED_EDGE ( 'NONE', *, *, #1252, .F. ) ;
#1082 = CARTESIAN_POINT ( 'NONE',  ( 1.632667453115285800, 0.0000000000000000000, -1.439615242270661400 ) ) ;
#1083 = LINE ( 'NONE', #2201, #1595 ) ;
#1084 = EDGE_CURVE ( 'NONE', #582, #2689, #3085, .T. ) ;
#1085 = CARTESIAN_POINT ( 'NONE',  ( 1.741465986122621400, 0.0000000000000000000, -1.502430104589882500 ) ) ;
#1086 = CARTESIAN_POINT ( 'NONE',  ( -0.7749999999999988000, 1.655000000000000000, 2.849999999999997900 ) ) ;
#1087 = CARTESIAN_POINT ( 'NONE',  ( 1.932667453115288100, 0.1499999999999999700, 0.9199999999999993700 ) ) ;
#1088 = DIRECTION ( 'NONE',  ( 0.7071067811865474600, -0.0000000000000000000, 0.7071067811865475700 ) ) ;
#1089 = DIRECTION ( 'NONE',  ( 7.441843447114727500E-017, -0.9045340337332918900, 0.4264014327112187200 ) ) ;
#1090 = EDGE_CURVE ( 'NONE', #2133, #2437, #3412, .T. ) ;
#1091 = CARTESIAN_POINT ( 'NONE',  ( 0.8024770376517991200, 1.584721000233927400, -2.734703002901524000 ) ) ;
#1092 = CIRCLE ( 'NONE', #833, 2.810000000000000500 ) ;
#1093 = CARTESIAN_POINT ( 'NONE',  ( 1.741465986122620900, 0.1499999999999999700, 1.502430104589883100 ) ) ;
#1094 = AXIS2_PLACEMENT_3D ( 'NONE', #3283, #3271, #1557 ) ;
#1095 = DIRECTION ( 'NONE',  ( 0.0000000000000000000, -1.000000000000000000, 0.0000000000000000000 ) ) ;
#1096 = EDGE_CURVE ( 'NONE', #419, #2045, #731, .T. ) ;
#1097 = CIRCLE ( 'NONE', #187, 0.07500000000000009400 ) ;
#1098 = ORIENTED_EDGE ( 'NONE', *, *, #4043, .F. ) ;
#1099 = ORIENTED_EDGE ( 'NONE', *, *, #2249, .T. ) ;
#1100 = PRODUCT_CONTEXT ( 'NONE', #35, 'mechanical' ) ;
#1101 = CARTESIAN_POINT ( 'NONE',  ( 2.732828056929102400, 1.587504676514161400, -0.8088408335241764600 ) ) ;
#1102 = LINE ( 'NONE', #3866, #3576 ) ;
#1103 = DIRECTION ( 'NONE',  ( 1.000000000000000000, 0.0000000000000000000, 2.220446049250312600E-016 ) ) ;
#1104 = VERTEX_POINT ( 'NONE', #2163 ) ;
#1105 = CARTESIAN_POINT ( 'NONE',  ( -2.750000000000000400, 5.946455813684773200, 2.750000000000000400 ) ) ;
#1106 = ORIENTED_EDGE ( 'NONE', *, *, #3420, .T. ) ;
#1107 = ORIENTED_EDGE ( 'NONE', *, *, #1501, .F. ) ;
#1108 = CARTESIAN_POINT ( 'NONE',  ( -2.674223304703364300, 1.370000000000000100, -3.027776695296639200 ) ) ;
#1109 = ORIENTED_EDGE ( 'NONE', *, *, #2235, .T. ) ;
#1110 = CARTESIAN_POINT ( 'NONE',  ( 0.8499999999999894300, 1.769045746047234900, -2.720294101747103600 ) ) ;
#1111 = ORIENTED_EDGE ( 'NONE', *, *, #2751, .T. ) ;
#1112 = LINE ( 'NONE', #4090, #3682 ) ;
#1113 = CARTESIAN_POINT ( 'NONE',  ( -2.720666380280794400, 1.641679751581522700, 0.8488076620824043200 ) ) ;
#1114 = ORIENTED_EDGE ( 'NONE', *, *, #128, .F. ) ;
#1115 = DIRECTION ( 'NONE',  ( -0.5000000000000035500, 0.0000000000000000000, 0.8660254037844366000 ) ) ;
#1116 = CARTESIAN_POINT ( 'NONE',  ( -2.850000000000000500, 0.0000000000000000000, -1.000000000000000000 ) ) ;
#1117 = FACE_OUTER_BOUND ( 'NONE', #3788, .T. ) ;
#1118 = VERTEX_POINT ( 'NONE', #3816 ) ;
#1119 = EDGE_LOOP ( 'NONE', ( #2781, #1592, #2472, #138 ) ) ;
#1120 = LINE ( 'NONE', #3390, #2858 ) ;
#1121 = CARTESIAN_POINT ( 'NONE',  ( 0.8434716079339369400, 1.623348623837735700, -2.722326756095908400 ) ) ;
#1122 = EDGE_CURVE ( 'NONE', #2839, #2952, #2714, .T. ) ;
#1123 = CARTESIAN_POINT ( 'NONE',  ( 1.741465986122621400, 0.1499999999999999700, -1.502430104589882500 ) ) ;
#1124 = LINE ( 'NONE', #667, #3965 ) ;
#1125 = CARTESIAN_POINT ( 'NONE',  ( 0.9020380782543474500, 1.836398530445285900, -2.665085464832160200 ) ) ;
#1126 = LINE ( 'NONE', #4352, #2370 ) ;
#1127 = VERTEX_POINT ( 'NONE', #1490 ) ;
#1128 = DIRECTION ( 'NONE',  ( 0.0000000000000000000, 0.0000000000000000000, -1.000000000000000000 ) ) ;
#1129 = PLANE ( 'NONE',  #3080 ) ;
#1130 = FACE_OUTER_BOUND ( 'NONE', #1566, .T. ) ;
#1131 = ORIENTED_EDGE ( 'NONE', *, *, #637, .T. ) ;
#1132 = DIRECTION ( 'NONE',  ( -0.7071067811865473500, 0.0000000000000000000, 0.7071067811865477900 ) ) ;
#1133 = VERTEX_POINT ( 'NONE', #2814 ) ;
#1134 = PLANE ( 'NONE',  #3808 ) ;
#1135 = LINE ( 'NONE', #1389, #2491 ) ;
#1136 = CARTESIAN_POINT ( 'NONE',  ( -2.687005768508881100, 1.580000000000000100, -2.121320343559641500 ) ) ;
#1137 = VECTOR ( 'NONE', #4284, 1000.000000000000000 ) ;
#1138 = AXIS2_PLACEMENT_3D ( 'NONE', #226, #1236, #919 ) ;
#1139 = ADVANCED_FACE ( 'NONE', ( #1043 ), #134, .F. ) ;
#1140 = EDGE_CURVE ( 'NONE', #87, #3261, #1092, .T. ) ;
#1141 = CARTESIAN_POINT ( 'NONE',  ( 1.350000000000000500, 0.1499999999999999900, 2.850000000000000100 ) ) ;
#1142 = LINE ( 'NONE', #4074, #3930 ) ;
#1143 = DIRECTION ( 'NONE',  ( 0.8660254037844404800, 0.0000000000000000000, -0.4999999999999967800 ) ) ;
#1144 = CARTESIAN_POINT ( 'NONE',  ( -0.8700587930172827300, 1.817222260748729600, 2.695877481492735800 ) ) ;
#1145 = AXIS2_PLACEMENT_3D ( 'NONE', #2951, #943, #548 ) ;
#1146 = EDGE_LOOP ( 'NONE', ( #3306, #3358, #1433, #2246 ) ) ;
#1147 = DIRECTION ( 'NONE',  ( 0.0000000000000000000, -1.000000000000000000, 0.0000000000000000000 ) ) ;
#1148 = CIRCLE ( 'NONE', #3243, 0.09999999999999983900 ) ;
#1149 = CARTESIAN_POINT ( 'NONE',  ( -1.350000000000000500, 0.1499999999999999900, -2.850000000000000100 ) ) ;
#1150 = DIRECTION ( 'NONE',  ( -0.8660254037844363800, 0.0000000000000000000, -0.5000000000000040000 ) ) ;
#1151 = CARTESIAN_POINT ( 'NONE',  ( -0.8522849427423918600, 1.785071554757574400, 2.719579423690934700 ) ) ;
#1152 = VERTEX_POINT ( 'NONE', #1471 ) ;
#1153 = ORIENTED_EDGE ( 'NONE', *, *, #401, .T. ) ;
#1154 = FACE_OUTER_BOUND ( 'NONE', #3465, .T. ) ;
#1155 = ORIENTED_EDGE ( 'NONE', *, *, #128, .T. ) ;
#1156 = VERTEX_POINT ( 'NONE', #2140 ) ;
#1157 = DIRECTION ( 'NONE',  ( 1.000000000000000000, 0.0000000000000000000, -6.389231090076064400E-016 ) ) ;
#1158 = CARTESIAN_POINT ( 'NONE',  ( 1.849999999999999600, 0.0000000000000000000, -2.750000000000000400 ) ) ;
#1159 = CARTESIAN_POINT ( 'NONE',  ( -0.9249999999999996000, 1.840000000000000100, 2.653389341954927700 ) ) ;
#1160 = ORIENTED_EDGE ( 'NONE', *, *, #1476, .T. ) ;
#1161 = VERTEX_POINT ( 'NONE', #3198 ) ;
#1162 = DIRECTION ( 'NONE',  ( 0.0000000000000000000, -1.000000000000000000, 0.0000000000000000000 ) ) ;
#1163 = ADVANCED_FACE ( 'NONE', ( #3938 ), #2465, .F. ) ;
#1164 = ORIENTED_EDGE ( 'NONE', *, *, #2438, .T. ) ;
#1165 = CARTESIAN_POINT ( 'NONE',  ( 2.121320343559641500, 1.700000000000000000, 2.687005768508880200 ) ) ;
#1166 = ORIENTED_EDGE ( 'NONE', *, *, #1096, .F. ) ;
#1167 = AXIS2_PLACEMENT_3D ( 'NONE', #3324, #3664, #4323 ) ;
#1168 = PLANE ( 'NONE',  #771 ) ;
#1169 = EDGE_CURVE ( 'NONE', #1127, #1127, #1704, .T. ) ;
#1170 = VECTOR ( 'NONE', #2967, 1000.000000000000000 ) ;
#1171 = ORIENTED_EDGE ( 'NONE', *, *, #3971, .T. ) ;
#1172 = CARTESIAN_POINT ( 'NONE',  ( 2.849999999999999600, 1.580000000000000100, -0.7750000000000001300 ) ) ;
#1173 = UNCERTAINTY_MEASURE_WITH_UNIT (LENGTH_MEASURE( 1.000000000000000100E-005 ), #4117, 'distance_accuracy_value', 'NONE');
#1174 = CARTESIAN_POINT ( 'NONE',  ( -1.849999999999999600, 5.946455813684773200, 2.750000000000000400 ) ) ;
#1175 = VECTOR ( 'NONE', #453, 1000.000000000000000 ) ;
#1176 = EDGE_CURVE ( 'NONE', #3064, #3064, #2609, .T. ) ;
#1177 = VERTEX_POINT ( 'NONE', #270 ) ;
#1178 = CARTESIAN_POINT ( 'NONE',  ( -2.121320343559643700, 1.580000000000000100, -2.687005768508879300 ) ) ;
#1179 = ORIENTED_EDGE ( 'NONE', *, *, #3516, .T. ) ;
#1180 = EDGE_CURVE ( 'NONE', #4271, #1659, #206, .T. ) ;
#1181 = DIRECTION ( 'NONE',  ( -0.0000000000000000000, 0.0000000000000000000, 1.000000000000000000 ) ) ;
#1182 = ADVANCED_FACE ( 'NONE', ( #4141 ), #4311, .F. ) ;
#1183 = COLOUR_RGB ( '',0.7921568627450980000, 0.8196078431372548800, 0.9333333333333333500 ) ;
#1184 = DIRECTION ( 'NONE',  ( -1.000000000000000000, 0.0000000000000000000, -2.220446049250312600E-016 ) ) ;
#1185 = VERTEX_POINT ( 'NONE', #2618 ) ;
#1186 = CARTESIAN_POINT ( 'NONE',  ( 2.720294101747088100, 1.655000000000000000, -0.8499999999999998700 ) ) ;
#1187 = ORIENTED_EDGE ( 'NONE', *, *, #2548, .T. ) ;
#1188 = PLANE ( 'NONE',  #779 ) ;
#1189 = CARTESIAN_POINT ( 'NONE',  ( 2.071231517720798700, 0.1499999999999999900, -1.000000000000000400 ) ) ;
#1190 = DIRECTION ( 'NONE',  ( 1.000000000000000000, 0.0000000000000000000, 0.0000000000000000000 ) ) ;
#1191 = FACE_OUTER_BOUND ( 'NONE', #366, .T. ) ;
#1192 = DIRECTION ( 'NONE',  ( 0.0000000000000000000, 0.0000000000000000000, 1.000000000000000000 ) ) ;
#1193 = LINE ( 'NONE', #3926, #1866 ) ;
#1194 = DIRECTION ( 'NONE',  ( -1.000000000000000000, 0.0000000000000000000, 0.0000000000000000000 ) ) ;
#1195 = DIRECTION ( 'NONE',  ( -0.0000000000000000000, -0.0000000000000000000, 1.000000000000000000 ) ) ;
#1196 = CARTESIAN_POINT ( 'NONE',  ( 2.580939751330898300, 1.430000000000000200, 2.227386360737624300 ) ) ;
#1197 = FACE_OUTER_BOUND ( 'NONE', #872, .T. ) ;
#1198 = DIRECTION ( 'NONE',  ( 0.0000000000000000000, 1.000000000000000000, 0.0000000000000000000 ) ) ;
#1199 = DIRECTION ( 'NONE',  ( 0.7071067811865474600, -1.224646799147352500E-016, 0.7071067811865476800 ) ) ;
#1200 = VECTOR ( 'NONE', #4193, 1000.000000000000000 ) ;
#1201 = ORIENTED_EDGE ( 'NONE', *, *, #461, .T. ) ;
#1202 = ADVANCED_FACE ( 'NONE', ( #4294 ), #4297, .T. ) ;
#1203 = AXIS2_PLACEMENT_3D ( 'NONE', #892, #2935, #3961 ) ;
#1204 = EDGE_CURVE ( 'NONE', #1919, #2881, #3246, .T. ) ;
#1205 = VECTOR ( 'NONE', #770, 1000.000000000000000 ) ;
#1206 = DIRECTION ( 'NONE',  ( -3.343570915707898000E-015, 0.0000000000000000000, -1.000000000000000000 ) ) ;
#1207 = ORIENTED_EDGE ( 'NONE', *, *, #2213, .T. ) ;
#1208 = ORIENTED_EDGE ( 'NONE', *, *, #3516, .F. ) ;
#1209 = DIRECTION ( 'NONE',  ( 0.0000000000000000000, 1.000000000000000000, 0.0000000000000000000 ) ) ;
#1210 = ORIENTED_EDGE ( 'NONE', *, *, #3044, .F. ) ;
#1211 = CARTESIAN_POINT ( 'NONE',  ( -2.015254326381661400, 0.2999999999999999300, -2.580939751330897400 ) ) ;
#1212 = CARTESIAN_POINT ( 'NONE',  ( 2.227386360737623900, 1.370000000000000100, 2.580939751330898700 ) ) ;
#1213 = ORIENTED_EDGE ( 'NONE', *, *, #1996, .F. ) ;
#1214 = CARTESIAN_POINT ( 'NONE',  ( -0.8499999999999992000, 1.765000000000000100, 2.720294101747087200 ) ) ;
#1215 = DIRECTION ( 'NONE',  ( 0.0000000000000000000, 0.0000000000000000000, -1.000000000000000000 ) ) ;
#1216 = ORIENTED_EDGE ( 'NONE', *, *, #2998, .F. ) ;
#1217 = FACE_OUTER_BOUND ( 'NONE', #3259, .T. ) ;
#1218 = EDGE_LOOP ( 'NONE', ( #3367, #3121, #2102, #447 ) ) ;
#1219 = PLANE ( 'NONE',  #2357 ) ;
#1220 = EDGE_CURVE ( 'NONE', #3721, #3853, #1914, .T. ) ;
#1221 = VECTOR ( 'NONE', #4080, 999.9999999999998900 ) ;
#1222 = AXIS2_PLACEMENT_3D ( 'NONE', #4015, #1356, #36 ) ;
#1223 = EDGE_LOOP ( 'NONE', ( #69, #3736, #372, #11, #3921, #4277, #3844, #271, #3287, #1408, #2715, #1272, #61, #3381 ) ) ;
#1224 = EDGE_CURVE ( 'NONE', #2907, #816, #1453, .T. ) ;
#1225 = VERTEX_POINT ( 'NONE', #1189 ) ;
#1226 = VECTOR ( 'NONE', #893, 1000.000000000000000 ) ;
#1227 = ADVANCED_FACE ( 'NONE', ( #4040 ), #4199, .F. ) ;
#1228 = PLANE ( 'NONE',  #2260 ) ;
#1229 = ORIENTED_EDGE ( 'NONE', *, *, #3648, .F. ) ;
#1230 = FACE_OUTER_BOUND ( 'NONE', #2376, .T. ) ;
#1231 = ORIENTED_EDGE ( 'NONE', *, *, #2561, .F. ) ;
#1232 = VECTOR ( 'NONE', #767, 1000.000000000000000 ) ;
#1233 = VERTEX_POINT ( 'NONE', #1460 ) ;
#1234 = ORIENTED_EDGE ( 'NONE', *, *, #2829, .F. ) ;
#1235 = EDGE_CURVE ( 'NONE', #2365, #2223, #4196, .T. ) ;
#1236 = DIRECTION ( 'NONE',  ( -0.7071067811865475700, -0.0000000000000000000, 0.7071067811865474600 ) ) ;
#1237 = LINE ( 'NONE', #3333, #143 ) ;
#1238 = PLANE ( 'NONE',  #1203 ) ;
#1239 = DIRECTION ( 'NONE',  ( -1.000000000000000000, 0.0000000000000000000, 1.671785457853943100E-015 ) ) ;
#1240 = LINE ( 'NONE', #94, #1551 ) ;
#1241 = DIRECTION ( 'NONE',  ( -0.0000000000000000000, -1.000000000000000000, -0.0000000000000000000 ) ) ;
#1242 = VECTOR ( 'NONE', #24, 1000.000000000000100 ) ;
#1243 = AXIS2_PLACEMENT_3D ( 'NONE', #1415, #1445, #3787 ) ;
#1244 = MANIFOLD_SOLID_BREP ( 'Chamfer4', #605 ) ;
#1245 = ADVANCED_FACE ( 'NONE', ( #45 ), #1168, .F. ) ;
#1246 = FACE_OUTER_BOUND ( 'NONE', #4281, .T. ) ;
#1247 = EDGE_CURVE ( 'NONE', #4020, #3227, #4086, .T. ) ;
#1248 = CARTESIAN_POINT ( 'NONE',  ( 2.750000000000000400, 0.0000000000000000000, -1.849999999999996100 ) ) ;
#1249 = VERTEX_POINT ( 'NONE', #1517 ) ;
#1250 = ORIENTED_EDGE ( 'NONE', *, *, #3341, .F. ) ;
#1251 = DIRECTION ( 'NONE',  ( 0.7071067811865475700, -0.0000000000000000000, 0.7071067811865475700 ) ) ;
#1252 = EDGE_CURVE ( 'NONE', #3680, #636, #2606, .T. ) ;
#1253 = TOROIDAL_SURFACE ( 'NONE', #2712, 0.09999999999999707700, 0.1000000000000000300 ) ;
#1254 = ORIENTED_EDGE ( 'NONE', *, *, #558, .T. ) ;
#1255 = EDGE_LOOP ( 'NONE', ( #3264, #3579, #1539, #1586 ) ) ;
#1256 = FACE_OUTER_BOUND ( 'NONE', #2644, .T. ) ;
#1257 = ORIENTED_EDGE ( 'NONE', *, *, #1485, .T. ) ;
#1258 = DIRECTION ( 'NONE',  ( 0.0000000000000000000, 1.000000000000000000, 0.0000000000000000000 ) ) ;
#1259 = ORIENTED_EDGE ( 'NONE', *, *, #274, .F. ) ;
#1260 = EDGE_CURVE ( 'NONE', #1493, #1263, #253, .T. ) ;
#1261 = ORIENTED_EDGE ( 'NONE', *, *, #920, .T. ) ;
#1262 = ORIENTED_EDGE ( 'NONE', *, *, #507, .F. ) ;
#1263 = VERTEX_POINT ( 'NONE', #1812 ) ;
#1264 = ORIENTED_EDGE ( 'NONE', *, *, #1180, .T. ) ;
#1265 = DIRECTION ( 'NONE',  ( 0.0000000000000000000, -0.0000000000000000000, 1.000000000000000000 ) ) ;
#1266 = ADVANCED_FACE ( 'NONE', ( #3518 ), #958, .F. ) ;
#1267 = DIRECTION ( 'NONE',  ( 0.7071067811865479100, 0.0000000000000000000, 0.7071067811865472400 ) ) ;
#1268 = ORIENTED_EDGE ( 'NONE', *, *, #274, .T. ) ;
#1269 = FACE_OUTER_BOUND ( 'NONE', #444, .T. ) ;
#1270 = AXIS2_PLACEMENT_3D ( 'NONE', #3849, #169, #4152 ) ;
#1271 = VERTEX_POINT ( 'NONE', #2642 ) ;
#1272 = ORIENTED_EDGE ( 'NONE', *, *, #2578, .F. ) ;
#1273 = DIRECTION ( 'NONE',  ( -0.7071067811865475700, 0.0000000000000000000, -0.7071067811865475700 ) ) ;
#1274 = EDGE_CURVE ( 'NONE', #2839, #1872, #3612, .T. ) ;
#1275 = CARTESIAN_POINT ( 'NONE',  ( 2.015254326381659600, -5.267836809119285900E-017, 2.580939751330898300 ) ) ;
#1276 = ORIENTED_EDGE ( 'NONE', *, *, #1583, .F. ) ;
#1277 = CYLINDRICAL_SURFACE ( 'NONE', #1694, 2.299999999999999800 ) ;
#1278 = CARTESIAN_POINT ( 'NONE',  ( 1.632667453115285800, 0.0000000000000000000, 1.439615242270661200 ) ) ;
#1279 = LINE ( 'NONE', #3694, #3861 ) ;
#1280 = VECTOR ( 'NONE', #1640, 1000.000000000000000 ) ;
#1281 = EDGE_CURVE ( 'NONE', #2881, #1336, #1296, .T. ) ;
#1282 = CARTESIAN_POINT ( 'NONE',  ( -0.8395985737596238800, 1.616068491961096100, 2.723527054899938200 ) ) ;
#1283 = CARTESIAN_POINT ( 'NONE',  ( 0.0000000000000000000, 0.0000000000000000000, 0.0000000000000000000 ) ) ;
#1284 = ORIENTED_EDGE ( 'NONE', *, *, #2630, .T. ) ;
#1285 = DIRECTION ( 'NONE',  ( -0.8660254037844376000, 0.0000000000000000000, 0.5000000000000020000 ) ) ;
#1286 = PRESENTATION_LAYER_ASSIGNMENT (  '', '', ( #2029 ) ) ;
#1287 = CARTESIAN_POINT ( 'NONE',  ( 2.121320343559641900, 1.580000000000000100, 2.687005768508880200 ) ) ;
#1288 = VERTEX_POINT ( 'NONE', #22 ) ;
#1289 = ADVANCED_FACE ( 'NONE', ( #516 ), #2693, .F. ) ;
#1290 = LINE ( 'NONE', #825, #3019 ) ;
#1291 = CARTESIAN_POINT ( 'NONE',  ( -0.8499999999999987600, 1.655000000000000000, 2.849999999999998300 ) ) ;
#1292 = LINE ( 'NONE', #4241, #3658 ) ;
#1293 = CARTESIAN_POINT ( 'NONE',  ( 3.133842712474622400, 1.280000000000000000, 2.568157287525381500 ) ) ;
#1294 = CARTESIAN_POINT ( 'NONE',  ( 1.932667453115288300, 0.1499999999999999900, -0.9199999999999996000 ) ) ;
#1295 = CARTESIAN_POINT ( 'NONE',  ( -1.632667453115285800, 0.0000000000000000000, -1.439615242270661200 ) ) ;
#1296 = CIRCLE ( 'NONE', #2109, 0.07499999999999998300 ) ;
#1297 = DIRECTION ( 'NONE',  ( 0.0000000000000000000, -1.000000000000000000, 0.0000000000000000000 ) ) ;
#1298 = EDGE_CURVE ( 'NONE', #600, #1612, #2237, .T. ) ;
#1299 = LINE ( 'NONE', #508, #209 ) ;
#1300 = ORIENTED_EDGE ( 'NONE', *, *, #1946, .T. ) ;
#1301 = CARTESIAN_POINT ( 'NONE',  ( -2.580939751330899100, -5.267836809119285900E-017, -2.015254326381659100 ) ) ;
#1302 = LINE ( 'NONE', #2105, #3892 ) ;
#1303 = DIRECTION ( 'NONE',  ( -1.000000000000000000, 0.0000000000000000000, 1.032573497605242200E-016 ) ) ;
#1304 = ADVANCED_FACE ( 'NONE', ( #3409 ), #4030, .T. ) ;
#1305 = EDGE_CURVE ( 'NONE', #3850, #2199, #1604, .T. ) ;
#1306 = EDGE_LOOP ( 'NONE', ( #3995 ) ) ;
#1307 = ORIENTED_EDGE ( 'NONE', *, *, #1690, .T. ) ;
#1308 = DIRECTION ( 'NONE',  ( 0.0000000000000000000, -1.000000000000000000, 0.0000000000000000000 ) ) ;
#1309 = CARTESIAN_POINT ( 'NONE',  ( 2.850000000000000100, 0.1499999999999999900, 1.350000000000000500 ) ) ;
#1310 = EDGE_LOOP ( 'NONE', ( #171, #1679, #2000, #1821 ) ) ;
#1311 = DIRECTION ( 'NONE',  ( 0.5000000000000036600, 0.0000000000000000000, -0.8660254037844366000 ) ) ;
#1312 = ORIENTED_EDGE ( 'NONE', *, *, #1122, .T. ) ;
#1313 = CARTESIAN_POINT ( 'NONE',  ( 2.742603689926781400, 1.580000000000000100, -0.7749999999999999100 ) ) ;
#1314 = AXIS2_PLACEMENT_3D ( 'NONE', #4111, #74, #2423 ) ;
#1315 = EDGE_CURVE ( 'NONE', #287, #527, #616, .T. ) ;
#1316 = PLANE ( 'NONE',  #4026 ) ;
#1317 = VERTEX_POINT ( 'NONE', #3343 ) ;
#1318 = LINE ( 'NONE', #1328, #430 ) ;
#1319 = CARTESIAN_POINT ( 'NONE',  ( 2.121320343559641500, -5.267836809119285900E-017, 2.687005768508880200 ) ) ;
#1320 = ORIENTED_EDGE ( 'NONE', *, *, #1452, .T. ) ;
#1321 = DIRECTION ( 'NONE',  ( 0.0000000000000000000, 1.000000000000000000, 0.0000000000000000000 ) ) ;
#1322 = VECTOR ( 'NONE', #3083, 999.9999999999997700 ) ;
#1323 = VERTEX_POINT ( 'NONE', #2381 ) ;
#1324 = DIRECTION ( 'NONE',  ( 0.0000000000000000000, -1.000000000000000000, 0.0000000000000000000 ) ) ;
#1325 = ORIENTED_EDGE ( 'NONE', *, *, #1355, .T. ) ;
#1326 = VECTOR ( 'NONE', #741, 1000.000000000000000 ) ;
#1327 = CARTESIAN_POINT ( 'NONE',  ( -2.399999999999999900, 0.1499999999999999900, 2.400000000000000400 ) ) ;
#1328 = CARTESIAN_POINT ( 'NONE',  ( -2.071231517720797800, 0.0000000000000000000, -1.000000000000000000 ) ) ;
#1329 = DIRECTION ( 'NONE',  ( 0.0000000000000000000, 1.000000000000000000, 0.0000000000000000000 ) ) ;
#1330 = FACE_OUTER_BOUND ( 'NONE', #3497, .T. ) ;
#1331 = ADVANCED_FACE ( 'NONE', ( #3199 ), #3004, .F. ) ;
#1332 = EDGE_LOOP ( 'NONE', ( #284, #3976, #4162, #2980 ) ) ;
#1333 = CARTESIAN_POINT ( 'NONE',  ( 0.0000000000000000000, 2.000000000000000000, -2.649999999999999000 ) ) ;
#1334 = VECTOR ( 'NONE', #2417, 1000.000000000000200 ) ;
#1335 = DIRECTION ( 'NONE',  ( 0.7071067811865475700, 0.0000000000000000000, -0.7071067811865474600 ) ) ;
#1336 = VERTEX_POINT ( 'NONE', #2345 ) ;
#1337 = PLANE ( 'NONE',  #1508 ) ;
#1338 = VERTEX_POINT ( 'NONE', #1974 ) ;
#1339 = VECTOR ( 'NONE', #3931, 1000.000000000000000 ) ;
#1340 = CARTESIAN_POINT ( 'NONE',  ( -1.450000000000000800, 5.946455813684773200, -2.750000000000000000 ) ) ;
#1341 = CARTESIAN_POINT ( 'NONE',  ( -3.133842712474620700, 1.580000000000000100, -2.568157287525382900 ) ) ;
#1342 = AXIS2_PLACEMENT_3D ( 'NONE', #363, #90, #3105 ) ;
#1343 = DIRECTION ( 'NONE',  ( -0.0000000000000000000, -1.000000000000000000, -0.0000000000000000000 ) ) ;
#1344 = EDGE_CURVE ( 'NONE', #1522, #2907, #1509, .T. ) ;
#1345 = FACE_OUTER_BOUND ( 'NONE', #4061, .T. ) ;
#1346 = CARTESIAN_POINT ( 'NONE',  ( -2.850000000000001400, 0.1499999999999999900, 1.000000000000000700 ) ) ;
#1347 = LINE ( 'NONE', #2475, #2232 ) ;
#1348 = CARTESIAN_POINT ( 'NONE',  ( 2.029289321881345000, 1.580000000000000100, 2.029289321881345500 ) ) ;
#1349 = LINE ( 'NONE', #3174, #2891 ) ;
#1350 = DIRECTION ( 'NONE',  ( 0.8660254037844366000, 0.0000000000000000000, 0.5000000000000036600 ) ) ;
#1351 = EDGE_LOOP ( 'NONE', ( #3627, #2681 ) ) ;
#1352 = DIRECTION ( 'NONE',  ( -1.000000000000000000, 0.0000000000000000000, -3.194615545038032200E-016 ) ) ;
#1353 = FACE_OUTER_BOUND ( 'NONE', #3018, .T. ) ;
#1354 = AXIS2_PLACEMENT_3D ( 'NONE', #4120, #740, #1797 ) ;
#1355 = EDGE_CURVE ( 'NONE', #1883, #1915, #1038, .T. ) ;
#1356 = DIRECTION ( 'NONE',  ( -0.0000000000000000000, -1.000000000000000000, -0.0000000000000000000 ) ) ;
#1357 = VECTOR ( 'NONE', #289, 1000.000000000000000 ) ;
#1358 = ORIENTED_EDGE ( 'NONE', *, *, #1850, .T. ) ;
#1359 = ORIENTED_EDGE ( 'NONE', *, *, #3845, .F. ) ;
#1360 = CARTESIAN_POINT ( 'NONE',  ( 2.121320343559641900, 1.580000000000000100, 2.687005768508880200 ) ) ;
#1361 = ORIENTED_EDGE ( 'NONE', *, *, #1078, .F. ) ;
#1362 = DIRECTION ( 'NONE',  ( 0.0000000000000000000, 1.000000000000000000, 0.0000000000000000000 ) ) ;
#1363 = ORIENTED_EDGE ( 'NONE', *, *, #2621, .F. ) ;
#1364 = AXIS2_PLACEMENT_3D ( 'NONE', #1764, #474, #2763 ) ;
#1365 = ORIENTED_EDGE ( 'NONE', *, *, #4192, .F. ) ;
#1366 = ORIENTED_EDGE ( 'NONE', *, *, #755, .T. ) ;
#1367 = CARTESIAN_POINT ( 'NONE',  ( 0.0000000000000000000, 1.580000000000000100, 0.0000000000000000000 ) ) ;
#1368 = EDGE_LOOP ( 'NONE', ( #860, #436, #2106, #3039 ) ) ;
#1369 = VECTOR ( 'NONE', #812, 1000.000000000000000 ) ;
#1370 = ORIENTED_EDGE ( 'NONE', *, *, #2485, .T. ) ;
#1371 = EDGE_LOOP ( 'NONE', ( #210, #4248, #1559 ) ) ;
#1372 = ADVANCED_FACE ( 'NONE', ( #2284 ), #672, .F. ) ;
#1373 = EDGE_LOOP ( 'NONE', ( #3266 ) ) ;
#1374 = CYLINDRICAL_SURFACE ( 'NONE', #585, 0.07499999999999998300 ) ;
#1375 = CARTESIAN_POINT ( 'NONE',  ( 2.399999999999999900, 1.840000000000000100, -2.400000000000000400 ) ) ;
#1376 = VECTOR ( 'NONE', #1343, 1000.000000000000000 ) ;
#1377 = LINE ( 'NONE', #2985, #1280 ) ;
#1378 = DIRECTION ( 'NONE',  ( 0.7071067811865463500, -0.0000000000000000000, 0.7071067811865489100 ) ) ;
#1379 = CARTESIAN_POINT ( 'NONE',  ( 2.399999999999999900, 1.840000000000000100, -2.850000000000000100 ) ) ;
#1380 = AXIS2_PLACEMENT_3D ( 'NONE', #968, #644, #4010 ) ;
#1381 = CARTESIAN_POINT ( 'NONE',  ( 1.909188309203677400, -1.593896411677231600E-017, 2.474873734152916300 ) ) ;
#1382 = EDGE_LOOP ( 'NONE', ( #957, #3224, #3297, #533 ) ) ;
#1383 = EDGE_CURVE ( 'NONE', #578, #578, #2072, .T. ) ;
#1384 = CARTESIAN_POINT ( 'NONE',  ( -1.817157287525382700, 0.1499999999999999700, -2.382842712474618100 ) ) ;
#1385 = VECTOR ( 'NONE', #1678, 999.9999999999998900 ) ;
#1386 = PLANE ( 'NONE',  #3610 ) ;
#1387 = CIRCLE ( 'NONE', #2942, 0.07499999999999998300 ) ;
#1388 = EDGE_CURVE ( 'NONE', #4118, #4105, #301, .T. ) ;
#1389 = CARTESIAN_POINT ( 'NONE',  ( 2.750000000000000400, 5.946455813684773200, -1.849999999999996100 ) ) ;
#1390 = FACE_OUTER_BOUND ( 'NONE', #2892, .T. ) ;
#1391 = CARTESIAN_POINT ( 'NONE',  ( -1.741465986122620900, 0.0000000000000000000, -1.502430104589883100 ) ) ;
#1392 = AXIS2_PLACEMENT_3D ( 'NONE', #2420, #4122, #4106 ) ;
#1393 = EDGE_CURVE ( 'NONE', #2934, #1233, #3766, .T. ) ;
#1394 =( LENGTH_UNIT ( ) NAMED_UNIT ( * ) SI_UNIT ( .MILLI., .METRE. ) );
#1395 = CARTESIAN_POINT ( 'NONE',  ( -2.227386360737625600, 1.430000000000000200, -2.580939751330897800 ) ) ;
#1396 = VECTOR ( 'NONE', #1184, 1000.000000000000000 ) ;
#1397 = DIRECTION ( 'NONE',  ( 1.000000000000000000, 0.0000000000000000000, 0.0000000000000000000 ) ) ;
#1398 = CARTESIAN_POINT ( 'NONE',  ( 2.749999999999999600, 0.1499999999999999700, 1.450000000000001300 ) ) ;
#1399 = LINE ( 'NONE', #2878, #1558 ) ;
#1400 = ORIENTED_EDGE ( 'NONE', *, *, #2695, .F. ) ;
#1401 = DIRECTION ( 'NONE',  ( -0.5000000000000038900, 0.0000000000000000000, -0.8660254037844363800 ) ) ;
#1402 = CARTESIAN_POINT ( 'NONE',  ( -2.850000000000000500, 0.1499999999999999900, -1.000000000000000000 ) ) ;
#1403 = CARTESIAN_POINT ( 'NONE',  ( 0.0000000000000000000, 0.1499999999999999700, 0.0000000000000000000 ) ) ;
#1404 = VECTOR ( 'NONE', #3615, 1000.000000000000000 ) ;
#1405 = CARTESIAN_POINT ( 'NONE',  ( 2.749999999999999600, 5.946455813684773200, 1.000000000000000200 ) ) ;
#1406 = PLANE ( 'NONE',  #1314 ) ;
#1407 = EDGE_LOOP ( 'NONE', ( #1772, #1898, #340, #73 ) ) ;
#1408 = ORIENTED_EDGE ( 'NONE', *, *, #1996, .T. ) ;
#1409 = ORIENTED_EDGE ( 'NONE', *, *, #3565, .T. ) ;
#1410 = SURFACE_SIDE_STYLE ('',( #3468 ) ) ;
#1411 = ORIENTED_EDGE ( 'NONE', *, *, #878, .T. ) ;
#1412 = CARTESIAN_POINT ( 'NONE',  ( -1.741465986122621400, 0.1499999999999999700, 1.502430104589882500 ) ) ;
#1413 = CARTESIAN_POINT ( 'NONE',  ( -2.850000000000000500, -8.061017305526641900, -1.350000000000000100 ) ) ;
#1414 = VERTEX_POINT ( 'NONE', #1087 ) ;
#1415 = CARTESIAN_POINT ( 'NONE',  ( 1.909188309203677400, 0.2999999999999999300, 2.474873734152916300 ) ) ;
#1416 = ORIENTED_EDGE ( 'NONE', *, *, #1298, .T. ) ;
#1417 = PRESENTATION_STYLE_ASSIGNMENT (( #3418 ) ) ;
#1418 = ORIENTED_EDGE ( 'NONE', *, *, #4276, .F. ) ;
#1419 = CARTESIAN_POINT ( 'NONE',  ( 0.7944472316249102700, 1.582565165961899300, -2.737033722145839800 ) ) ;
#1420 = EDGE_CURVE ( 'NONE', #1609, #1156, #2877, .T. ) ;
#1421 = DIRECTION ( 'NONE',  ( 1.000000000000000000, 8.659560562354929200E-017, -2.220446049250312600E-016 ) ) ;
#1422 = FACE_OUTER_BOUND ( 'NONE', #1473, .T. ) ;
#1423 = DIRECTION ( 'NONE',  ( 0.7071067811865473500, 0.0000000000000000000, -0.7071067811865477900 ) ) ;
#1424 = PLANE ( 'NONE',  #3944 ) ;
#1425 = CARTESIAN_POINT ( 'NONE',  ( -2.849999999999999600, 0.0000000000000000000, 1.000000000000000400 ) ) ;
#1426 = ORIENTED_EDGE ( 'NONE', *, *, #3102, .T. ) ;
#1427 = DIRECTION ( 'NONE',  ( 0.0000000000000000000, -1.000000000000000000, 0.0000000000000000000 ) ) ;
#1428 = FACE_OUTER_BOUND ( 'NONE', #529, .T. ) ;
#1429 = DIRECTION ( 'NONE',  ( 0.8660254037844366000, 0.0000000000000000000, 0.5000000000000035500 ) ) ;
#1430 = LINE ( 'NONE', #1905, #441 ) ;
#1431 = LINE ( 'NONE', #1623, #817 ) ;
#1432 = DIRECTION ( 'NONE',  ( 0.5000000000000040000, 0.0000000000000000000, -0.8660254037844363800 ) ) ;
#1433 = ORIENTED_EDGE ( 'NONE', *, *, #140, .F. ) ;
#1434 = DIRECTION ( 'NONE',  ( -8.659560562354927900E-017, -1.000000000000000000, -8.659560562354929200E-017 ) ) ;
#1435 = LINE ( 'NONE', #3755, #1334 ) ;
#1436 = ORIENTED_EDGE ( 'NONE', *, *, #3141, .T. ) ;
#1437 = CARTESIAN_POINT ( 'NONE',  ( -1.932667453115288100, 5.946455813684773200, -0.9199999999999993700 ) ) ;
#1438 = ORIENTED_EDGE ( 'NONE', *, *, #1495, .F. ) ;
#1439 = VECTOR ( 'NONE', #1854, 1000.000000000000000 ) ;
#1440 = EDGE_CURVE ( 'NONE', #1522, #2221, #3346, .T. ) ;
#1441 = DIRECTION ( 'NONE',  ( -0.7071067811865475700, -0.0000000000000000000, 0.7071067811865474600 ) ) ;
#1442 = DIRECTION ( 'NONE',  ( -1.000000000000000000, 0.0000000000000000000, 5.782411586589358000E-015 ) ) ;
#1443 = FACE_OUTER_BOUND ( 'NONE', #842, .T. ) ;
#1444 = CARTESIAN_POINT ( 'NONE',  ( 1.741465986122620900, 0.0000000000000000000, 1.502430104589883100 ) ) ;
#1445 = DIRECTION ( 'NONE',  ( 0.7071067811865475700, 0.0000000000000000000, -0.7071067811865475700 ) ) ;
#1446 = DIRECTION ( 'NONE',  ( -1.000000000000000000, -0.0000000000000000000, 1.671785457853943100E-015 ) ) ;
#1447 = VECTOR ( 'NONE', #2454, 1000.000000000000000 ) ;
#1448 = CARTESIAN_POINT ( 'NONE',  ( 0.8500000000000030900, 1.655000000000000000, -2.720294101747085900 ) ) ;
#1449 = LINE ( 'NONE', #2070, #3242 ) ;
#1450 = CARTESIAN_POINT ( 'NONE',  ( 0.8930676417550652600, 1.833513618674185400, -2.671167321310500500 ) ) ;
#1451 = AXIS2_PLACEMENT_3D ( 'NONE', #688, #3666, #3002 ) ;
#1452 = EDGE_CURVE ( 'NONE', #1662, #4053, #4037, .T. ) ;
#1453 = LINE ( 'NONE', #2181, #565 ) ;
#1454 = DIRECTION ( 'NONE',  ( -0.0000000000000000000, -1.000000000000000000, -0.0000000000000000000 ) ) ;
#1455 = CARTESIAN_POINT ( 'NONE',  ( -2.071231517720797800, 0.1499999999999999900, -1.000000000000000000 ) ) ;
#1456 = CARTESIAN_POINT ( 'NONE',  ( 2.651650429449550600, 1.430000000000000200, 2.156675682618973200 ) ) ;
#1457 = VECTOR ( 'NONE', #2434, 1000.000000000000000 ) ;
#1458 = CARTESIAN_POINT ( 'NONE',  ( 2.335702260395512700, 1.330000000000000100, 1.840727513564935000 ) ) ;
#1459 = ADVANCED_FACE ( 'NONE', ( #3031, #3459 ), #3826, .T. ) ;
#1460 = CARTESIAN_POINT ( 'NONE',  ( -2.121320343559643700, 0.2999999999999999300, -2.687005768508879300 ) ) ;
#1461 = FACE_OUTER_BOUND ( 'NONE', #4316, .T. ) ;
#1462 = CARTESIAN_POINT ( 'NONE',  ( -2.850000000000001000, 1.580000000000000100, 2.399999999999999500 ) ) ;
#1463 = ORIENTED_EDGE ( 'NONE', *, *, #2332, .T. ) ;
#1464 = AXIS2_PLACEMENT_3D ( 'NONE', #2771, #2443, #1103 ) ;
#1465 = ORIENTED_EDGE ( 'NONE', *, *, #2916, .F. ) ;
#1466 = CARTESIAN_POINT ( 'NONE',  ( -2.850000000000001400, 0.1499999999999999900, 1.000000000000000700 ) ) ;
#1467 = EDGE_CURVE ( 'NONE', #3066, #2868, #2128, .T. ) ;
#1468 = VERTEX_POINT ( 'NONE', #1444 ) ;
#1469 = ORIENTED_EDGE ( 'NONE', *, *, #2502, .F. ) ;
#1470 = CARTESIAN_POINT ( 'NONE',  ( 2.687005768508879700, 1.700000000000000000, 2.121320343559642400 ) ) ;
#1471 = CARTESIAN_POINT ( 'NONE',  ( -0.8586675041709311800, 1.800000000000001600, 2.717570627836719800 ) ) ;
#1472 = CARTESIAN_POINT ( 'NONE',  ( -2.740149069919484600, 1.580000000000000100, 0.7836865159862954600 ) ) ;
#1473 = EDGE_LOOP ( 'NONE', ( #1773, #1839, #2638, #1576 ) ) ;
#1474 = ORIENTED_EDGE ( 'NONE', *, *, #2630, .F. ) ;
#1475 = ORIENTED_EDGE ( 'NONE', *, *, #1668, .T. ) ;
#1476 = EDGE_CURVE ( 'NONE', #600, #1833, #4139, .T. ) ;
#1477 = FACE_OUTER_BOUND ( 'NONE', #2088, .T. ) ;
#1478 = ORIENTED_EDGE ( 'NONE', *, *, #2065, .T. ) ;
#1479 = VERTEX_POINT ( 'NONE', #2426 ) ;
#1480 = CARTESIAN_POINT ( 'NONE',  ( 2.227386360737623900, 1.490000000000000000, 2.580939751330898700 ) ) ;
#1481 = ORIENTED_EDGE ( 'NONE', *, *, #1926, .T. ) ;
#1482 = VECTOR ( 'NONE', #3735, 1000.000000000000000 ) ;
#1483 = CARTESIAN_POINT ( 'NONE',  ( 0.7815409207752056500, 1.579999999997292500, -2.740755368341275800 ) ) ;
#1484 = AXIS2_PLACEMENT_3D ( 'NONE', #1086, #2068, #1442 ) ;
#1485 = EDGE_CURVE ( 'NONE', #4046, #4330, #1554, .T. ) ;
#1486 = DIRECTION ( 'NONE',  ( 0.7071067811865476800, 0.0000000000000000000, -0.7071067811865474600 ) ) ;
#1487 = ORIENTED_EDGE ( 'NONE', *, *, #2823, .T. ) ;
#1488 = VECTOR ( 'NONE', #970, 1000.000000000000000 ) ;
#1489 = ADVANCED_FACE ( 'NONE', ( #1246 ), #2451, .T. ) ;
#1490 = CARTESIAN_POINT ( 'NONE',  ( -2.227386360737625600, 1.430000000000000200, -2.580939751330897800 ) ) ;
#1491 = CARTESIAN_POINT ( 'NONE',  ( 0.8500000000000030900, 1.840000000000000100, -2.720294101747085900 ) ) ;
#1492 = DIRECTION ( 'NONE',  ( 0.8660254037844384900, 0.0000000000000000000, 0.5000000000000002200 ) ) ;
#1493 = VERTEX_POINT ( 'NONE', #64 ) ;
#1494 = PLANE ( 'NONE',  #1270 ) ;
#1495 = EDGE_CURVE ( 'NONE', #3585, #4121, #3663, .T. ) ;
#1496 = CARTESIAN_POINT ( 'NONE',  ( -2.071231517720797800, 5.946455813684773200, -1.000000000000000000 ) ) ;
#1497 = PLANE ( 'NONE',  #2867 ) ;
#1498 = ORIENTED_EDGE ( 'NONE', *, *, #83, .F. ) ;
#1499 = DIRECTION ( 'NONE',  ( 0.0000000000000000000, -1.000000000000000000, 0.0000000000000000000 ) ) ;
#1500 = FACE_OUTER_BOUND ( 'NONE', #3311, .T. ) ;
#1501 = EDGE_CURVE ( 'NONE', #1673, #2361, #1449, .T. ) ;
#1502 = CARTESIAN_POINT ( 'NONE',  ( -2.121320343559644200, 1.490000000000000000, -2.474873734152916300 ) ) ;
#1503 = CYLINDRICAL_SURFACE ( 'NONE', #2821, 0.2999999999999999300 ) ;
#1504 = CARTESIAN_POINT ( 'NONE',  ( -2.194280904158203900, 1.330000000000000100, -1.982148869802243600 ) ) ;
#1505 = PLANE ( 'NONE',  #2590 ) ;
#1506 = ADVANCED_FACE ( 'NONE', ( #354 ), #2756, .T. ) ;
#1507 =( GEOMETRIC_REPRESENTATION_CONTEXT ( 3 ) GLOBAL_UNCERTAINTY_ASSIGNED_CONTEXT ( ( #791 ) ) GLOBAL_UNIT_ASSIGNED_CONTEXT ( ( #2035, #394, #1721 ) ) REPRESENTATION_CONTEXT ( 'NONE', 'WORKASPACE' ) );
#1508 = AXIS2_PLACEMENT_3D ( 'NONE', #4303, #3305, #2637 ) ;
#1509 = LINE ( 'NONE', #322, #2975 ) ;
#1510 = CARTESIAN_POINT ( 'NONE',  ( -2.849999999999999200, 1.580000000000000100, 0.7750000000000026900 ) ) ;
#1511 = VERTEX_POINT ( 'NONE', #3089 ) ;
#1512 = FACE_OUTER_BOUND ( 'NONE', #801, .T. ) ;
#1513 = ORIENTED_EDGE ( 'NONE', *, *, #2673, .T. ) ;
#1514 = CARTESIAN_POINT ( 'NONE',  ( 2.687005768508879700, 0.2999999999999999300, 2.121320343559642400 ) ) ;
#1515 = DIRECTION ( 'NONE',  ( -0.5000000000000038900, 0.0000000000000000000, -0.8660254037844363800 ) ) ;
#1516 = CYLINDRICAL_SURFACE ( 'NONE', #2570, 0.07499999999999998300 ) ;
#1517 = CARTESIAN_POINT ( 'NONE',  ( -2.071231517720797800, 0.1499999999999999700, -1.000000000000000000 ) ) ;
#1518 = EDGE_LOOP ( 'NONE', ( #4262 ) ) ;
#1519 = ORIENTED_EDGE ( 'NONE', *, *, #3289, .T. ) ;
#1520 = CARTESIAN_POINT ( 'NONE',  ( 2.474873734152915400, -1.593896411677231600E-017, 1.909188309203678300 ) ) ;
#1521 = ORIENTED_EDGE ( 'NONE', *, *, #3812, .F. ) ;
#1522 = VERTEX_POINT ( 'NONE', #3140 ) ;
#1523 = AXIS2_PLACEMENT_3D ( 'NONE', #3822, #2661, #1976 ) ;
#1524 = EDGE_CURVE ( 'NONE', #3170, #1156, #3139, .T. ) ;
#1525 = VECTOR ( 'NONE', #1199, 1000.000000000000000 ) ;
#1526 = ORIENTED_EDGE ( 'NONE', *, *, #1524, .T. ) ;
#1527 = DIRECTION ( 'NONE',  ( 0.0000000000000000000, 1.000000000000000000, 0.0000000000000000000 ) ) ;
#1528 = ADVANCED_FACE ( 'NONE', ( #986 ), #1728, .F. ) ;
#1529 = CARTESIAN_POINT ( 'NONE',  ( -2.665033986815991800, 1.836422925932045500, 0.9021140730730551300 ) ) ;
#1530 = CYLINDRICAL_SURFACE ( 'NONE', #1034, 2.299999999999999800 ) ;
#1531 = DIRECTION ( 'NONE',  ( 0.0000000000000000000, 0.0000000000000000000, 1.000000000000000000 ) ) ;
#1532 = CARTESIAN_POINT ( 'NONE',  ( 2.474873734152915400, 0.2999999999999999300, 1.909188309203678300 ) ) ;
#1533 = EDGE_CURVE ( 'NONE', #3483, #3547, #97, .T. ) ;
#1534 = EDGE_LOOP ( 'NONE', ( #2174, #2352, #1366, #104 ) ) ;
#1535 = LINE ( 'NONE', #1033, #4016 ) ;
#1536 = DIRECTION ( 'NONE',  ( 0.0000000000000000000, 0.0000000000000000000, -1.000000000000000000 ) ) ;
#1537 = ORIENTED_EDGE ( 'NONE', *, *, #2793, .F. ) ;
#1538 = VERTEX_POINT ( 'NONE', #1990 ) ;
#1539 = ORIENTED_EDGE ( 'NONE', *, *, #645, .T. ) ;
#1540 = EDGE_CURVE ( 'NONE', #3413, #4299, #4243, .T. ) ;
#1541 = DIRECTION ( 'NONE',  ( 0.7071067811865476800, 0.0000000000000000000, -0.7071067811865474600 ) ) ;
#1542 = LINE ( 'NONE', #3833, #457 ) ;
#1543 = ORIENTED_EDGE ( 'NONE', *, *, #43, .F. ) ;
#1544 = DIRECTION ( 'NONE',  ( 0.0000000000000000000, -1.000000000000000000, -0.0000000000000000000 ) ) ;
#1545 = ORIENTED_EDGE ( 'NONE', *, *, #1220, .T. ) ;
#1546 = CARTESIAN_POINT ( 'NONE',  ( 2.749999999999999600, 0.1499999999999999700, 1.000000000000000200 ) ) ;
#1547 = VECTOR ( 'NONE', #1181, 1000.000000000000000 ) ;
#1548 = EDGE_CURVE ( 'NONE', #87, #1152, #3256, .T. ) ;
#1549 = DIRECTION ( 'NONE',  ( -0.8660254037844367100, 0.0000000000000000000, 0.5000000000000033300 ) ) ;
#1550 = ADVANCED_FACE ( 'NONE', ( #3932, #3569 ), #668, .T. ) ;
#1551 = VECTOR ( 'NONE', #3190, 999.9999999999998900 ) ;
#1552 = VECTOR ( 'NONE', #2071, 999.9999999999998900 ) ;
#1553 = PLANE ( 'NONE',  #843 ) ;
#1554 = LINE ( 'NONE', #4115, #776 ) ;
#1555 = CARTESIAN_POINT ( 'NONE',  ( 2.850000000000001400, 0.1499999999999999900, -1.000000000000000700 ) ) ;
#1556 = DIRECTION ( 'NONE',  ( -0.7071067811865491300, 0.0000000000000000000, -0.7071067811865459100 ) ) ;
#1557 = DIRECTION ( 'NONE',  ( 0.7071067811865472400, 0.0000000000000000000, -0.7071067811865477900 ) ) ;
#1558 = VECTOR ( 'NONE', #2536, 1000.000000000000100 ) ;
#1559 = ORIENTED_EDGE ( 'NONE', *, *, #1122, .F. ) ;
#1560 = PLANE ( 'NONE',  #3953 ) ;
#1561 = AXIS2_PLACEMENT_3D ( 'NONE', #482, #3203, #525 ) ;
#1562 = EDGE_CURVE ( 'NONE', #3847, #2353, #888, .T. ) ;
#1563 = LINE ( 'NONE', #3270, #2664 ) ;
#1564 = ORIENTED_EDGE ( 'NONE', *, *, #3640, .F. ) ;
#1565 = CIRCLE ( 'NONE', #4239, 0.4499999999999999000 ) ;
#1566 = EDGE_LOOP ( 'NONE', ( #51, #1978, #2987, #1831 ) ) ;
#1567 = CARTESIAN_POINT ( 'NONE',  ( 2.850000000000000500, 0.1499999999999999900, 1.000000000000000000 ) ) ;
#1568 = ADVANCED_FACE ( 'NONE', ( #2234 ), #1494, .T. ) ;
#1569 = ORIENTED_EDGE ( 'NONE', *, *, #2089, .T. ) ;
#1570 = CARTESIAN_POINT ( 'NONE',  ( -2.682464589201022200, 1.826314234910362300, 0.8818078178676168600 ) ) ;
#1571 = VERTEX_POINT ( 'NONE', #828 ) ;
#1572 = ORIENTED_EDGE ( 'NONE', *, *, #3146, .T. ) ;
#1573 = CARTESIAN_POINT ( 'NONE',  ( -2.580939751330899600, 1.430000000000000200, -2.227386360737623400 ) ) ;
#1574 = PLANE ( 'NONE',  #201 ) ;
#1575 = LINE ( 'NONE', #1927, #1670 ) ;
#1576 = ORIENTED_EDGE ( 'NONE', *, *, #2888, .F. ) ;
#1577 = EDGE_LOOP ( 'NONE', ( #3842, #1956, #2627, #480 ) ) ;
#1578 = CARTESIAN_POINT ( 'NONE',  ( -2.474873734152917200, -1.593896411677231600E-017, -1.909188309203676800 ) ) ;
#1579 = ORIENTED_EDGE ( 'NONE', *, *, #2735, .F. ) ;
#1580 = FACE_OUTER_BOUND ( 'NONE', #1766, .T. ) ;
#1581 = ORIENTED_EDGE ( 'NONE', *, *, #3032, .F. ) ;
#1582 = CARTESIAN_POINT ( 'NONE',  ( -1.741465986122621200, 0.0000000000000000000, -1.502430104589882700 ) ) ;
#1583 = EDGE_CURVE ( 'NONE', #797, #1271, #1349, .T. ) ;
#1584 = ORIENTED_EDGE ( 'NONE', *, *, #3679, .T. ) ;
#1585 = LINE ( 'NONE', #3370, #3114 ) ;
#1586 = ORIENTED_EDGE ( 'NONE', *, *, #4288, .T. ) ;
#1587 = FACE_OUTER_BOUND ( 'NONE', #1310, .T. ) ;
#1588 = DIRECTION ( 'NONE',  ( 0.7071067811865476800, 0.0000000000000000000, -0.7071067811865474600 ) ) ;
#1589 = EDGE_CURVE ( 'NONE', #2428, #2428, #2803, .T. ) ;
#1590 = DIRECTION ( 'NONE',  ( 0.0000000000000000000, 1.000000000000000000, 0.0000000000000000000 ) ) ;
#1591 = ADVANCED_FACE ( 'NONE', ( #3884 ), #563, .F. ) ;
#1592 = ORIENTED_EDGE ( 'NONE', *, *, #3596, .T. ) ;
#1593 = VECTOR ( 'NONE', #2387, 1000.000000000000000 ) ;
#1594 = CARTESIAN_POINT ( 'NONE',  ( 0.0000000000000000000, 1.580000000000000100, 0.0000000000000000000 ) ) ;
#1595 = VECTOR ( 'NONE', #3512, 1000.000000000000000 ) ;
#1596 = CARTESIAN_POINT ( 'NONE',  ( 2.382842712474619000, 0.1499999999999999900, 1.817157287525381000 ) ) ;
#1597 = DIRECTION ( 'NONE',  ( 0.0000000000000000000, 0.0000000000000000000, 1.000000000000000000 ) ) ;
#1598 = CARTESIAN_POINT ( 'NONE',  ( -2.071231517720798700, 5.946455813684773200, 1.000000000000000400 ) ) ;
#1599 = LINE ( 'NONE', #1940, #3028 ) ;
#1600 = AXIS2_PLACEMENT_3D ( 'NONE', #265, #2945, #3286 ) ;
#1601 = DIRECTION ( 'NONE',  ( 0.0000000000000000000, -1.000000000000000000, 0.0000000000000000000 ) ) ;
#1602 = EDGE_CURVE ( 'NONE', #2206, #4052, #4247, .T. ) ;
#1603 = CARTESIAN_POINT ( 'NONE',  ( 0.7750000000000009100, 1.580000000000000100, -2.400000000000008300 ) ) ;
#1604 = LINE ( 'NONE', #1688, #725 ) ;
#1605 = ORIENTED_EDGE ( 'NONE', *, *, #283, .T. ) ;
#1606 = ADVANCED_FACE ( 'NONE', ( #1197 ), #3202, .F. ) ;
#1607 = EDGE_CURVE ( 'NONE', #218, #3053, #3258, .T. ) ;
#1608 = FACE_OUTER_BOUND ( 'NONE', #1223, .T. ) ;
#1609 = VERTEX_POINT ( 'NONE', #1615 ) ;
#1610 = DIRECTION ( 'NONE',  ( 0.8660254037844363800, 0.0000000000000000000, 0.5000000000000040000 ) ) ;
#1611 = LINE ( 'NONE', #965, #680 ) ;
#1612 = VERTEX_POINT ( 'NONE', #2650 ) ;
#1613 = EDGE_CURVE ( 'NONE', #1715, #3848, #2499, .T. ) ;
#1614 = ORIENTED_EDGE ( 'NONE', *, *, #3565, .F. ) ;
#1615 = CARTESIAN_POINT ( 'NONE',  ( -2.850000000000000500, 0.0000000000000000000, -1.000000000000000000 ) ) ;
#1616 = VERTEX_POINT ( 'NONE', #1980 ) ;
#1617 = ORIENTED_EDGE ( 'NONE', *, *, #3708, .F. ) ;
#1618 = LINE ( 'NONE', #3514, #3267 ) ;
#1619 = ORIENTED_EDGE ( 'NONE', *, *, #2155, .T. ) ;
#1620 = DIRECTION ( 'NONE',  ( 0.0000000000000000000, 0.0000000000000000000, 1.000000000000000000 ) ) ;
#1621 = CARTESIAN_POINT ( 'NONE',  ( 2.687005768508879700, 1.580000000000000100, 2.121320343559642400 ) ) ;
#1622 = LINE ( 'NONE', #4081, #751 ) ;
#1623 = CARTESIAN_POINT ( 'NONE',  ( 2.580939751330897800, 1.700000000000000000, 2.015254326381660000 ) ) ;
#1624 = ADVANCED_FACE ( 'NONE', ( #3291 ), #985, .F. ) ;
#1625 = CARTESIAN_POINT ( 'NONE',  ( 1.632667453115285800, 0.1499999999999999900, 1.439615242270661200 ) ) ;
#1626 = ORIENTED_EDGE ( 'NONE', *, *, #1235, .T. ) ;
#1627 = CYLINDRICAL_SURFACE ( 'NONE', #2521, 0.1000000000000001400 ) ;
#1628 = CARTESIAN_POINT ( 'NONE',  ( -0.8102621950300404900, 1.588277939150912800, 2.732403246023957800 ) ) ;
#1629 = CIRCLE ( 'NONE', #3027, 0.1500000000000000800 ) ;
#1630 = ORIENTED_EDGE ( 'NONE', *, *, #3603, .T. ) ;
#1631 = VECTOR ( 'NONE', #4148, 999.9999999999998900 ) ;
#1632 = AXIS2_PLACEMENT_3D ( 'NONE', #800, #4133, #144 ) ;
#1633 = CARTESIAN_POINT ( 'NONE',  ( -1.632667453115285800, 0.1499999999999999900, 1.439615242270661400 ) ) ;
#1634 = B_SPLINE_CURVE_WITH_KNOTS ( 'NONE', 3,
 ( #3392, #2161, #3525, #3196, #3541, #1845, #4201, #208, #2889, #3255 ),
 .UNSPECIFIED., .F., .F.,
 ( 4, 3, 3, 4 ),
 ( 1.428802364232485900E-015, 4.960188530420279900E-005, 7.797489089882448900E-005, 0.0001037832268140662200 ),
 .UNSPECIFIED. ) ;
#1635 = ORIENTED_EDGE ( 'NONE', *, *, #384, .F. ) ;
#1636 = EDGE_CURVE ( 'NONE', #581, #261, #4339, .T. ) ;
#1637 = CARTESIAN_POINT ( 'NONE',  ( -2.121320343559643700, 1.580000000000000500, -2.687005768508879300 ) ) ;
#1638 = ORIENTED_EDGE ( 'NONE', *, *, #2515, .T. ) ;
#1639 = VECTOR ( 'NONE', #3213, 1000.000000000000000 ) ;
#1640 = DIRECTION ( 'NONE',  ( 0.7071067811865474600, -0.0000000000000000000, 0.7071067811865475700 ) ) ;
#1641 = DIRECTION ( 'NONE',  ( 1.000000000000000000, 0.0000000000000000000, 0.0000000000000000000 ) ) ;
#1642 = CARTESIAN_POINT ( 'NONE',  ( -0.9250000000000082600, 1.840000000000000100, 3.092803097029833300E-015 ) ) ;
#1643 = ADVANCED_FACE ( 'NONE', ( #3138 ), #1953, .T. ) ;
#1644 = FACE_OUTER_BOUND ( 'NONE', #3280, .T. ) ;
#1645 = CARTESIAN_POINT ( 'NONE',  ( -1.350000000000000500, 1.279999999999996500, -2.850000000000000100 ) ) ;
#1646 = DIRECTION ( 'NONE',  ( -0.3638034375545001800, -0.8574929257125435400, 0.3638034375545004500 ) ) ;
#1647 = CARTESIAN_POINT ( 'NONE',  ( 2.850000000000000100, 0.1499999999999999900, 1.350000000000000500 ) ) ;
#1648 = VECTOR ( 'NONE', #1711, 999.9999999999998900 ) ;
#1649 = EDGE_CURVE ( 'NONE', #1872, #2912, #2926, .T. ) ;
#1650 = AXIS2_PLACEMENT_3D ( 'NONE', #46, #1039, #2709 ) ;
#1651 = PLANE ( 'NONE',  #2186 ) ;
#1652 = EDGE_CURVE ( 'NONE', #3724, #3724, #352, .T. ) ;
#1653 = VECTOR ( 'NONE', #2540, 999.9999999999998900 ) ;
#1654 = ORIENTED_EDGE ( 'NONE', *, *, #2879, .F. ) ;
#1655 = FACE_OUTER_BOUND ( 'NONE', #505, .T. ) ;
#1656 = DIRECTION ( 'NONE',  ( -0.0000000000000000000, -1.000000000000000000, -0.0000000000000000000 ) ) ;
#1657 = AXIS2_PLACEMENT_3D ( 'NONE', #2298, #14, #2328 ) ;
#1658 = ORIENTED_EDGE ( 'NONE', *, *, #4350, .T. ) ;
#1659 = VERTEX_POINT ( 'NONE', #4342 ) ;
#1660 = DIRECTION ( 'NONE',  ( -0.8660254037844367100, 0.0000000000000000000, 0.5000000000000032200 ) ) ;
#1661 = CIRCLE ( 'NONE', #1364, 2.299999999999999800 ) ;
#1662 = VERTEX_POINT ( 'NONE', #7 ) ;
#1663 = CARTESIAN_POINT ( 'NONE',  ( -0.7749999999999990200, 1.580000000000000100, 2.742603689926781400 ) ) ;
#1664 = B_SPLINE_CURVE_WITH_KNOTS ( 'NONE', 3,
 ( #1448, #3115, #1795, #3840, #1121, #3444, #3159, #2086, #3145, #2479, #1760, #1091, #1419, #1777, #1483, #470 ),
 .UNSPECIFIED., .F., .F.,
 ( 4, 3, 3, 3, 3, 4 ),
 ( 0.0000000000000000000, 2.435617880703573900E-005, 4.868002964627966100E-005, 7.350375944468471500E-005, 9.939978667952169700E-005, 0.0001196790795520091800 ),
 .UNSPECIFIED. ) ;
#1665 = ORIENTED_EDGE ( 'NONE', *, *, #1274, .T. ) ;
#1666 = ORIENTED_EDGE ( 'NONE', *, *, #4334, .T. ) ;
#1667 = STYLED_ITEM ( 'NONE', ( #3943 ), #331 ) ;
#1668 = EDGE_CURVE ( 'NONE', #4326, #3003, #611, .T. ) ;
#1669 = DIRECTION ( 'NONE',  ( 0.8660254037844376000, 0.0000000000000000000, -0.5000000000000020000 ) ) ;
#1670 = VECTOR ( 'NONE', #2311, 999.9999999999998900 ) ;
#1671 = DIRECTION ( 'NONE',  ( 0.7071067811865474600, 0.0000000000000000000, 0.7071067811865474600 ) ) ;
#1672 = VERTEX_POINT ( 'NONE', #2636 ) ;
#1673 = VERTEX_POINT ( 'NONE', #3974 ) ;
#1674 = PLANE ( 'NONE',  #1924 ) ;
#1675 = ORIENTED_EDGE ( 'NONE', *, *, #1024, .F. ) ;
#1676 = LINE ( 'NONE', #1412, #908 ) ;
#1677 = ORIENTED_EDGE ( 'NONE', *, *, #3797, .F. ) ;
#1678 = DIRECTION ( 'NONE',  ( -0.7071067811865479100, 0.0000000000000000000, -0.7071067811865472400 ) ) ;
#1679 = ORIENTED_EDGE ( 'NONE', *, *, #863, .F. ) ;
#1680 = LINE ( 'NONE', #2583, #125 ) ;
#1681 = DIRECTION ( 'NONE',  ( 0.0000000000000000000, 1.000000000000000000, 0.0000000000000000000 ) ) ;
#1682 = CARTESIAN_POINT ( 'NONE',  ( 2.121320343559641500, 0.2999999999999999300, 2.687005768508880200 ) ) ;
#1683 = DIRECTION ( 'NONE',  ( 0.7071067811865477900, 0.0000000000000000000, 0.7071067811865473500 ) ) ;
#1684 = EDGE_CURVE ( 'NONE', #2952, #1715, #2389, .T. ) ;
#1685 = ORIENTED_EDGE ( 'NONE', *, *, #1583, .T. ) ;
#1686 = FACE_OUTER_BOUND ( 'NONE', #756, .T. ) ;
#1687 = ORIENTED_EDGE ( 'NONE', *, *, #2515, .F. ) ;
#1688 = CARTESIAN_POINT ( 'NONE',  ( -2.687005768508881100, -5.267836809119285900E-017, -2.121320343559641100 ) ) ;
#1689 = ORIENTED_EDGE ( 'NONE', *, *, #3971, .F. ) ;
#1690 = EDGE_CURVE ( 'NONE', #3533, #683, #3457, .T. ) ;
#1691 = CARTESIAN_POINT ( 'NONE',  ( -2.400000000000000800, -8.061017305526641900, 2.850000000000000100 ) ) ;
#1692 = CARTESIAN_POINT ( 'NONE',  ( -2.849999999999996100, 1.655000000000000000, 0.8500000000000026400 ) ) ;
#1693 = CARTESIAN_POINT ( 'NONE',  ( 2.749999999999999600, 0.1499999999999999700, 1.000000000000000200 ) ) ;
#1694 = AXIS2_PLACEMENT_3D ( 'NONE', #2425, #2081, #424 ) ;
#1695 = DIRECTION ( 'NONE',  ( 1.000000000000000000, -0.0000000000000000000, 3.194615545038032200E-016 ) ) ;
#1696 = EDGE_CURVE ( 'NONE', #3170, #579, #1599, .T. ) ;
#1697 = VECTOR ( 'NONE', #2227, 999.9999999999998900 ) ;
#1698 = PLANE ( 'NONE',  #2970 ) ;
#1699 = FACE_OUTER_BOUND ( 'NONE', #3476, .T. ) ;
#1700 = DIRECTION ( 'NONE',  ( -0.7071067811865475700, -0.0000000000000000000, 0.7071067811865475700 ) ) ;
#1701 = DIRECTION ( 'NONE',  ( 0.0000000000000000000, 1.000000000000000000, -0.0000000000000000000 ) ) ;
#1702 = DIRECTION ( 'NONE',  ( -0.0000000000000000000, 1.000000000000000000, 0.0000000000000000000 ) ) ;
#1703 = EDGE_CURVE ( 'NONE', #3848, #4154, #2655, .T. ) ;
#1704 = CIRCLE ( 'NONE', #1798, 0.1000000000000001400 ) ;
#1705 = EDGE_LOOP ( 'NONE', ( #2464, #174, #388, #973 ) ) ;
#1706 = CARTESIAN_POINT ( 'NONE',  ( 2.687005768508879700, 1.280000000000000000, 2.121320343559642400 ) ) ;
#1707 = VECTOR ( 'NONE', #3, 999.9999999999998900 ) ;
#1708 = CARTESIAN_POINT ( 'NONE',  ( 0.8633816597884874700, 1.808934334550204000, -2.706711390030530900 ) ) ;
#1709 = ORIENTED_EDGE ( 'NONE', *, *, #586, .T. ) ;
#1710 = EDGE_CURVE ( 'NONE', #254, #2085, #2126, .T. ) ;
#1711 = DIRECTION ( 'NONE',  ( 0.5000000000000038900, 0.0000000000000000000, 0.8660254037844363800 ) ) ;
#1712 = VECTOR ( 'NONE', #3660, 999.9999999999998900 ) ;
#1713 = VERTEX_POINT ( 'NONE', #2042 ) ;
#1714 = DIRECTION ( 'NONE',  ( 0.0000000000000000000, 1.000000000000000000, 0.0000000000000000000 ) ) ;
#1715 = VERTEX_POINT ( 'NONE', #3385 ) ;
#1716 = AXIS2_PLACEMENT_3D ( 'NONE', #2589, #934, #3295 ) ;
#1717 = AXIS2_PLACEMENT_3D ( 'NONE', #2699, #2371, #1031 ) ;
#1718 = CARTESIAN_POINT ( 'NONE',  ( -2.071231517720797800, 0.0000000000000000000, -1.000000000000000000 ) ) ;
#1719 = VERTEX_POINT ( 'NONE', #3078 ) ;
#1720 = DIRECTION ( 'NONE',  ( 0.0000000000000000000, 1.000000000000000000, 0.0000000000000000000 ) ) ;
#1721 =( NAMED_UNIT ( * ) SI_UNIT ( $, .STERADIAN. ) SOLID_ANGLE_UNIT ( ) );
#1722 = ORIENTED_EDGE ( 'NONE', *, *, #4219, .F. ) ;
#1723 = LINE ( 'NONE', #3216, #1525 ) ;
#1724 = CARTESIAN_POINT ( 'NONE',  ( 1.349999999999999600, 1.279999999999998300, 2.850000000000000100 ) ) ;
#1725 = ORIENTED_EDGE ( 'NONE', *, *, #140, .T. ) ;
#1726 = ORIENTED_EDGE ( 'NONE', *, *, #569, .T. ) ;
#1727 = PLANE ( 'NONE',  #416 ) ;
#1728 = PLANE ( 'NONE',  #802 ) ;
#1729 = LINE ( 'NONE', #2435, #489 ) ;
#1730 = VERTEX_POINT ( 'NONE', #3092 ) ;
#1731 = LINE ( 'NONE', #1212, #3321 ) ;
#1732 = PLANE ( 'NONE',  #1392 ) ;
#1733 = DIRECTION ( 'NONE',  ( 0.0000000000000000000, -1.000000000000000000, 0.0000000000000000000 ) ) ;
#1734 = ORIENTED_EDGE ( 'NONE', *, *, #1315, .T. ) ;
#1735 = EDGE_CURVE ( 'NONE', #797, #238, #149, .T. ) ;
#1736 = VECTOR ( 'NONE', #3701, 1000.000000000000000 ) ;
#1737 = DIRECTION ( 'NONE',  ( 1.000000000000000000, 0.0000000000000000000, 0.0000000000000000000 ) ) ;
#1738 = CARTESIAN_POINT ( 'NONE',  ( 0.8500000000000030900, 1.655000000000000000, -2.849999999999996500 ) ) ;
#1739 = ORIENTED_EDGE ( 'NONE', *, *, #3511, .T. ) ;
#1740 = DIRECTION ( 'NONE',  ( 0.7071067811865473500, 0.0000000000000000000, -0.7071067811865477900 ) ) ;
#1741 = ORIENTED_EDGE ( 'NONE', *, *, #71, .T. ) ;
#1742 = CARTESIAN_POINT ( 'NONE',  ( 0.7750000000000025800, 1.580000000000000100, -2.742603689926780500 ) ) ;
#1743 = LINE ( 'NONE', #520, #1547 ) ;
#1744 = EDGE_CURVE ( 'NONE', #573, #117, #2819, .T. ) ;
#1745 = PLANE ( 'NONE',  #1632 ) ;
#1746 = DIRECTION ( 'NONE',  ( -0.7071067811865475700, -0.0000000000000000000, 0.7071067811865474600 ) ) ;
#1747 = LINE ( 'NONE', #1287, #2018 ) ;
#1748 = CARTESIAN_POINT ( 'NONE',  ( -2.121320343559642400, 1.490000000000000000, -2.474873734152915000 ) ) ;
#1749 = DIRECTION ( 'NONE',  ( 0.7071067811865473500, 0.0000000000000000000, -0.7071067811865477900 ) ) ;
#1750 = AXIS2_PLACEMENT_3D ( 'NONE', #2706, #422, #1737 ) ;
#1751 = PLANE ( 'NONE',  #4156 ) ;
#1752 = EDGE_CURVE ( 'NONE', #3966, #3966, #3402, .T. ) ;
#1753 = CARTESIAN_POINT ( 'NONE',  ( 2.849999999999999600, -8.061017305526641900, -2.400000000000000400 ) ) ;
#1754 = FACE_OUTER_BOUND ( 'NONE', #590, .T. ) ;
#1755 = CARTESIAN_POINT ( 'NONE',  ( 2.722073976976750100, 1.625094111512356900, -0.8442940383791206500 ) ) ;
#1756 = VECTOR ( 'NONE', #2410, 1000.000000000000000 ) ;
#1757 = CARTESIAN_POINT ( 'NONE',  ( 2.687005768508879700, 1.700000000000000000, 2.121320343559642400 ) ) ;
#1758 = CIRCLE ( 'NONE', #3843, 0.1000000000000001400 ) ;
#1759 = ORIENTED_EDGE ( 'NONE', *, *, #1652, .T. ) ;
#1760 = CARTESIAN_POINT ( 'NONE',  ( 0.8102621950300432600, 1.588277939150912300, -2.732403246023956900 ) ) ;
#1761 = ORIENTED_EDGE ( 'NONE', *, *, #1939, .T. ) ;
#1762 = DIRECTION ( 'NONE',  ( 0.8660254037844363800, 0.0000000000000000000, 0.5000000000000040000 ) ) ;
#1763 = VECTOR ( 'NONE', #559, 1000.000000000000200 ) ;
#1764 = CARTESIAN_POINT ( 'NONE',  ( 0.0000000000000000000, 0.1499999999999999900, 0.0000000000000000000 ) ) ;
#1765 = EDGE_LOOP ( 'NONE', ( #3446, #26, #1234, #2844 ) ) ;
#1766 = EDGE_LOOP ( 'NONE', ( #3996, #762, #3211, #1208 ) ) ;
#1767 = FACE_OUTER_BOUND ( 'NONE', #1382, .T. ) ;
#1768 = ORIENTED_EDGE ( 'NONE', *, *, #1703, .F. ) ;
#1769 = ORIENTED_EDGE ( 'NONE', *, *, #3611, .T. ) ;
#1770 = DIRECTION ( 'NONE',  ( 0.0000000000000000000, 1.000000000000000000, 0.0000000000000000000 ) ) ;
#1771 = EDGE_CURVE ( 'NONE', #3217, #4326, #1142, .T. ) ;
#1772 = ORIENTED_EDGE ( 'NONE', *, *, #3262, .F. ) ;
#1773 = ORIENTED_EDGE ( 'NONE', *, *, #3589, .F. ) ;
#1774 = VECTOR ( 'NONE', #3309, 1000.000000000000000 ) ;
#1775 = FILL_AREA_STYLE ('',( #2802 ) ) ;
#1776 = ORIENTED_EDGE ( 'NONE', *, *, #1735, .F. ) ;
#1777 = CARTESIAN_POINT ( 'NONE',  ( 0.7881263214722512600, 1.580868134340976100, -2.738868419881384400 ) ) ;
#1778 = ORIENTED_EDGE ( 'NONE', *, *, #2314, .T. ) ;
#1779 = EDGE_CURVE ( 'NONE', #3227, #57, #3513, .T. ) ;
#1780 = CARTESIAN_POINT ( 'NONE',  ( 1.450000000000000800, 5.946455813684773200, 2.750000000000000000 ) ) ;
#1781 = CIRCLE ( 'NONE', #506, 0.1500000000000000800 ) ;
#1782 = DIRECTION ( 'NONE',  ( -0.7071067811865474600, 0.0000000000000000000, 0.7071067811865474600 ) ) ;
#1783 = VERTEX_POINT ( 'NONE', #1360 ) ;
#1784 = ADVANCED_FACE ( 'NONE', ( #3342 ), #1503, .T. ) ;
#1785 = ORIENTED_EDGE ( 'NONE', *, *, #2505, .F. ) ;
#1786 = CARTESIAN_POINT ( 'NONE',  ( -2.721138072724983200, 1.633302259174802300, 0.8472957556375579900 ) ) ;
#1787 = CIRCLE ( 'NONE', #3401, 2.849999999999999200 ) ;
#1788 = DIRECTION ( 'NONE',  ( -0.8660254037844384900, 0.0000000000000000000, -0.5000000000000002200 ) ) ;
#1789 = CARTESIAN_POINT ( 'NONE',  ( -1.909188309203679400, 0.2999999999999999300, -2.474873734152915000 ) ) ;
#1790 = DIRECTION ( 'NONE',  ( -0.7071067811865474600, 0.0000000000000000000, 0.7071067811865474600 ) ) ;
#1791 = ORIENTED_EDGE ( 'NONE', *, *, #4092, .F. ) ;
#1792 = LINE ( 'NONE', #4067, #4071 ) ;
#1793 = DIRECTION ( 'NONE',  ( 0.7071067811865462400, -1.224646799147352700E-016, 0.7071067811865489100 ) ) ;
#1794 = ORIENTED_EDGE ( 'NONE', *, *, #2249, .F. ) ;
#1795 = CARTESIAN_POINT ( 'NONE',  ( 0.8486408211623879300, 1.638650776870588500, -2.720719773863372400 ) ) ;
#1796 = ORIENTED_EDGE ( 'NONE', *, *, #3051, .T. ) ;
#1797 = DIRECTION ( 'NONE',  ( 0.7071067811865474600, 0.0000000000000000000, 0.7071067811865474600 ) ) ;
#1798 = AXIS2_PLACEMENT_3D ( 'NONE', #2649, #601, #251 ) ;
#1799 = CARTESIAN_POINT ( 'NONE',  ( -2.720294101747085400, 1.765000000000000100, 0.8500000000000022000 ) ) ;
#1800 = LINE ( 'NONE', #738, #2594 ) ;
#1801 = EDGE_CURVE ( 'NONE', #261, #1852, #3609, .T. ) ;
#1802 = DIRECTION ( 'NONE',  ( 0.7071067811865473500, 0.0000000000000000000, -0.7071067811865477900 ) ) ;
#1803 = CARTESIAN_POINT ( 'NONE',  ( -0.7749999999999988000, 1.580000000000000100, 2.849999999999999600 ) ) ;
#1804 = VECTOR ( 'NONE', #1601, 1000.000000000000000 ) ;
#1805 = DIRECTION ( 'NONE',  ( 0.5000000000000036600, 0.0000000000000000000, -0.8660254037844366000 ) ) ;
#1806 = CARTESIAN_POINT ( 'NONE',  ( -1.850000000000000100, 0.1499999999999999700, 2.750000000000000000 ) ) ;
#1807 = ADVANCED_FACE ( 'NONE', ( #3823 ), #1674, .T. ) ;
#1808 = AXIS2_PLACEMENT_3D ( 'NONE', #3581, #2564, #1541 ) ;
#1809 = VECTOR ( 'NONE', #1793, 1000.000000000000000 ) ;
#1810 = DIRECTION ( 'NONE',  ( -1.000000000000000000, 0.0000000000000000000, 1.032573497605242200E-016 ) ) ;
#1811 = DIRECTION ( 'NONE',  ( 4.088172546704894500E-016, 0.3905667329424725700, 0.9205746178983229600 ) ) ;
#1812 = CARTESIAN_POINT ( 'NONE',  ( 1.632667453115285800, 0.0000000000000000000, 1.439615242270661200 ) ) ;
#1813 = PLANE ( 'NONE',  #30 ) ;
#1814 = CARTESIAN_POINT ( 'NONE',  ( 2.749999999999999600, 0.0000000000000000000, 1.000000000000000200 ) ) ;
#1815 = VECTOR ( 'NONE', #4215, 1000.000000000000000 ) ;
#1816 = DIRECTION ( 'NONE',  ( 0.0000000000000000000, 1.000000000000000000, 0.0000000000000000000 ) ) ;
#1817 = CARTESIAN_POINT ( 'NONE',  ( -0.9249999999999987100, 1.765000000000000100, 2.850000000000000100 ) ) ;
#1818 = CARTESIAN_POINT ( 'NONE',  ( 2.849999999999999600, 1.840000000000000100, -0.8500000000000000900 ) ) ;
#1819 = CARTESIAN_POINT ( 'NONE',  ( -0.8852379015197453500, 1.829132624314043100, 2.678380067954389900 ) ) ;
#1820 = VECTOR ( 'NONE', #4143, 1000.000000000000200 ) ;
#1821 = ORIENTED_EDGE ( 'NONE', *, *, #1735, .T. ) ;
#1822 = DIRECTION ( 'NONE',  ( -0.0000000000000000000, -1.000000000000000000, -0.0000000000000000000 ) ) ;
#1823 = EDGE_LOOP ( 'NONE', ( #4231, #4056, #1475, #3215, #3558, #950, #694, #10, #70, #2677 ) ) ;
#1824 = ORIENTED_EDGE ( 'NONE', *, *, #500, .F. ) ;
#1825 = PRESENTATION_STYLE_ASSIGNMENT (( #729 ) ) ;
#1826 = CARTESIAN_POINT ( 'NONE',  ( -1.909188309203679400, 0.1499999999999999400, -2.474873734152915000 ) ) ;
#1827 = VERTEX_POINT ( 'NONE', #4099 ) ;
#1828 = ORIENTED_EDGE ( 'NONE', *, *, #3640, .T. ) ;
#1829 = CARTESIAN_POINT ( 'NONE',  ( 2.849999999999999600, 1.765000000000000100, -0.9250000000000001600 ) ) ;
#1830 = EDGE_CURVE ( 'NONE', #4210, #2308, #2708, .T. ) ;
#1831 = ORIENTED_EDGE ( 'NONE', *, *, #772, .F. ) ;
#1832 = CARTESIAN_POINT ( 'NONE',  ( 1.349999999999999600, -8.061017305526641900, 2.850000000000000100 ) ) ;
#1833 = VERTEX_POINT ( 'NONE', #1398 ) ;
#1834 = DIRECTION ( 'NONE',  ( 0.5000000000000033300, -0.0000000000000000000, 0.8660254037844367100 ) ) ;
#1835 = ADVANCED_FACE ( 'NONE', ( #1699 ), #37, .T. ) ;
#1836 = CARTESIAN_POINT ( 'NONE',  ( 1.932667453115288100, 0.0000000000000000000, 0.9199999999999993700 ) ) ;
#1837 = CARTESIAN_POINT ( 'NONE',  ( 2.474873734152915400, 0.2999999999999999300, 1.909188309203678300 ) ) ;
#1838 = ORIENTED_EDGE ( 'NONE', *, *, #2229, .F. ) ;
#1839 = ORIENTED_EDGE ( 'NONE', *, *, #3310, .T. ) ;
#1840 = DIRECTION ( 'NONE',  ( -0.7071067811865474600, 0.0000000000000000000, 0.7071067811865474600 ) ) ;
#1841 = CARTESIAN_POINT ( 'NONE',  ( -0.8787020380885887100, 1.824004226314537100, 2.685914153718817100 ) ) ;
#1842 = ORIENTED_EDGE ( 'NONE', *, *, #1220, .F. ) ;
#1843 = EDGE_CURVE ( 'NONE', #1886, #234, #930, .T. ) ;
#1844 = LINE ( 'NONE', #3173, #1007 ) ;
#1845 = CARTESIAN_POINT ( 'NONE',  ( 2.670199822130229900, 1.833977139174517000, -0.8944812056350793800 ) ) ;
#1846 = EDGE_LOOP ( 'NONE', ( #2720 ) ) ;
#1847 = CYLINDRICAL_SURFACE ( 'NONE', #1484, 0.07499999999999998300 ) ;
#1848 = DIRECTION ( 'NONE',  ( 0.7071067811865477900, 0.0000000000000000000, 0.7071067811865473500 ) ) ;
#1849 = AXIS2_PLACEMENT_3D ( 'NONE', #418, #2766, #759 ) ;
#1850 = EDGE_CURVE ( 'NONE', #3217, #3413, #2019, .T. ) ;
#1851 = CARTESIAN_POINT ( 'NONE',  ( 0.0000000000000000000, 1.580000000000000100, 0.0000000000000000000 ) ) ;
#1852 = VERTEX_POINT ( 'NONE', #3741 ) ;
#1853 = VECTOR ( 'NONE', #1762, 999.9999999999998900 ) ;
#1854 = DIRECTION ( 'NONE',  ( 0.0000000000000000000, 1.000000000000000000, 0.0000000000000000000 ) ) ;
#1855 = DIRECTION ( 'NONE',  ( -0.0000000000000000000, -1.000000000000000000, -0.0000000000000000000 ) ) ;
#1856 = ORIENTED_EDGE ( 'NONE', *, *, #4051, .T. ) ;
#1857 = CARTESIAN_POINT ( 'NONE',  ( 1.741465986122621200, 0.1499999999999999900, 1.502430104589882700 ) ) ;
#1858 = ADVANCED_FACE ( 'NONE', ( #1644 ), #1042, .F. ) ;
#1859 = FACE_OUTER_BOUND ( 'NONE', #3499, .T. ) ;
#1860 = ORIENTED_EDGE ( 'NONE', *, *, #3723, .T. ) ;
#1861 = VERTEX_POINT ( 'NONE', #3362 ) ;
#1862 = VECTOR ( 'NONE', #1297, 1000.000000000000000 ) ;
#1863 = CARTESIAN_POINT ( 'NONE',  ( 1.932667453115288300, 0.1499999999999999700, -0.9199999999999996000 ) ) ;
#1864 = DIRECTION ( 'NONE',  ( -0.7071067811865474600, 0.0000000000000000000, 0.7071067811865474600 ) ) ;
#1865 = DIRECTION ( 'NONE',  ( -0.7071067811865479100, 0.0000000000000000000, -0.7071067811865472400 ) ) ;
#1866 = VECTOR ( 'NONE', #1258, 1000.000000000000000 ) ;
#1867 = DIRECTION ( 'NONE',  ( -1.000000000000000000, -0.0000000000000000000, 1.671785457853943100E-015 ) ) ;
#1868 = VECTOR ( 'NONE', #763, 1000.000000000000000 ) ;
#1869 = EDGE_CURVE ( 'NONE', #2882, #1323, #4189, .T. ) ;
#1870 = DIRECTION ( 'NONE',  ( 0.0000000000000000000, 0.0000000000000000000, 1.000000000000000000 ) ) ;
#1871 = VECTOR ( 'NONE', #337, 1000.000000000000000 ) ;
#1872 = VERTEX_POINT ( 'NONE', #466 ) ;
#1873 = PLANE ( 'NONE',  #1808 ) ;
#1874 = ADVANCED_FACE ( 'NONE', ( #1390 ), #765, .F. ) ;
#1875 = LINE ( 'NONE', #2599, #2559 ) ;
#1876 = DIRECTION ( 'NONE',  ( -0.5000000000000033300, 0.0000000000000000000, -0.8660254037844367100 ) ) ;
#1877 = ORIENTED_EDGE ( 'NONE', *, *, #3774, .T. ) ;
#1878 = FACE_OUTER_BOUND ( 'NONE', #3901, .T. ) ;
#1879 = ORIENTED_EDGE ( 'NONE', *, *, #2421, .T. ) ;
#1880 = DIRECTION ( 'NONE',  ( 0.0000000000000000000, 0.0000000000000000000, 1.000000000000000000 ) ) ;
#1881 = ORIENTED_EDGE ( 'NONE', *, *, #2869, .T. ) ;
#1882 = EDGE_CURVE ( 'NONE', #4150, #1511, #513, .T. ) ;
#1883 = VERTEX_POINT ( 'NONE', #3505 ) ;
#1884 = DIRECTION ( 'NONE',  ( -0.0000000000000000000, -1.000000000000000000, -0.0000000000000000000 ) ) ;
#1885 = EDGE_CURVE ( 'NONE', #215, #2041, #95, .T. ) ;
#1886 = VERTEX_POINT ( 'NONE', #2831 ) ;
#1887 = LINE ( 'NONE', #4253, #695 ) ;
#1888 = ORIENTED_EDGE ( 'NONE', *, *, #4245, .F. ) ;
#1889 = PLANE ( 'NONE',  #3434 ) ;
#1890 = AXIS2_PLACEMENT_3D ( 'NONE', #3061, #1095, #3450 ) ;
#1891 = VERTEX_POINT ( 'NONE', #427 ) ;
#1892 = B_SPLINE_CURVE_WITH_KNOTS ( 'NONE', 3,
 ( #460, #449, #2790, #1125, #1450, #3813, #2378, #2719, #1708, #2096 ),
 .UNSPECIFIED., .F., .F.,
 ( 4, 3, 3, 4 ),
 ( 0.0000000000000000000, 2.601960267936171100E-005, 5.966491159772700900E-005, 0.0001042246413260060900 ),
 .UNSPECIFIED. ) ;
#1893 = CYLINDRICAL_SURFACE ( 'NONE', #3618, 2.849999999999999200 ) ;
#1894 = ADVANCED_FACE ( 'NONE', ( #886 ), #454, .T. ) ;
#1895 = ORIENTED_EDGE ( 'NONE', *, *, #3074, .T. ) ;
#1896 = VECTOR ( 'NONE', #3983, 1000.000000000000000 ) ;
#1897 =( GEOMETRIC_REPRESENTATION_CONTEXT ( 3 ) GLOBAL_UNCERTAINTY_ASSIGNED_CONTEXT ( ( #2016 ) ) GLOBAL_UNIT_ASSIGNED_CONTEXT ( ( #1394, #2753, #3408 ) ) REPRESENTATION_CONTEXT ( 'NONE', 'WORKASPACE' ) );
#1898 = ORIENTED_EDGE ( 'NONE', *, *, #3877, .T. ) ;
#1899 = EDGE_CURVE ( 'NONE', #906, #1338, #774, .T. ) ;
#1900 = VECTOR ( 'NONE', #156, 1000.000000000000000 ) ;
#1901 = ORIENTED_EDGE ( 'NONE', *, *, #3281, .T. ) ;
#1902 = CARTESIAN_POINT ( 'NONE',  ( -2.849999999999999200, 1.840000000000000100, 2.399999999999999500 ) ) ;
#1903 = EDGE_LOOP ( 'NONE', ( #2783, #792, #2588, #2520 ) ) ;
#1904 = DIRECTION ( 'NONE',  ( -0.8660254037844367100, 0.0000000000000000000, 0.5000000000000033300 ) ) ;
#1905 = CARTESIAN_POINT ( 'NONE',  ( 2.850000000000000100, 0.0000000000000000000, 1.350000000000000100 ) ) ;
#1906 = AXIS2_PLACEMENT_3D ( 'NONE', #2429, #1432, #778 ) ;
#1907 = VECTOR ( 'NONE', #4188, 999.9999999999998900 ) ;
#1908 = EDGE_CURVE ( 'NONE', #2912, #3349, #664, .T. ) ;
#1909 = CARTESIAN_POINT ( 'NONE',  ( -1.932667453115288300, 0.1499999999999999700, 0.9199999999999996000 ) ) ;
#1910 = VECTOR ( 'NONE', #1321, 1000.000000000000000 ) ;
#1911 = ADVANCED_FACE ( 'NONE', ( #2653 ), #4289, .F. ) ;
#1912 = EDGE_CURVE ( 'NONE', #2045, #4118, #4240, .T. ) ;
#1913 = DIRECTION ( 'NONE',  ( 0.0000000000000000000, 1.000000000000000000, 0.0000000000000000000 ) ) ;
#1914 = LINE ( 'NONE', #3867, #2337 ) ;
#1915 = VERTEX_POINT ( 'NONE', #1480 ) ;
#1916 = EDGE_CURVE ( 'NONE', #1012, #238, #3240, .T. ) ;
#1917 = VECTOR ( 'NONE', #2014, 1000.000000000000000 ) ;
#1918 = ORIENTED_EDGE ( 'NONE', *, *, #3081, .F. ) ;
#1919 = VERTEX_POINT ( 'NONE', #1742 ) ;
#1920 = LINE ( 'NONE', #32, #1357 ) ;
#1921 = ORIENTED_EDGE ( 'NONE', *, *, #199, .T. ) ;
#1922 = EDGE_LOOP ( 'NONE', ( #3798, #423, #2750, #3872 ) ) ;
#1923 = CARTESIAN_POINT ( 'NONE',  ( 2.015254326381659600, 1.280000000000000000, 2.580939751330898300 ) ) ;
#1924 = AXIS2_PLACEMENT_3D ( 'NONE', #1375, #1714, #736 ) ;
#1925 = EDGE_LOOP ( 'NONE', ( #3127, #918, #909, #1099 ) ) ;
#1926 = EDGE_CURVE ( 'NONE', #2347, #2868, #1347, .T. ) ;
#1927 = CARTESIAN_POINT ( 'NONE',  ( 1.932667453115288300, 0.1499999999999999900, -0.9199999999999996000 ) ) ;
#1928 = MANIFOLD_SOLID_BREP ( 'CirPattern1', #3795 ) ;
#1929 = ORIENTED_EDGE ( 'NONE', *, *, #719, .T. ) ;
#1930 = ORIENTED_EDGE ( 'NONE', *, *, #3426, .F. ) ;
#1931 = CARTESIAN_POINT ( 'NONE',  ( 2.071231517720797800, 0.1499999999999999900, 1.000000000000000000 ) ) ;
#1932 = ADVANCED_FACE ( 'NONE', ( #1754 ), #3456, .T. ) ;
#1933 = CARTESIAN_POINT ( 'NONE',  ( 2.750000000000000400, 5.946455813684773200, -1.000000000000000900 ) ) ;
#1934 = ORIENTED_EDGE ( 'NONE', *, *, #2452, .T. ) ;
#1935 = LINE ( 'NONE', #2875, #2302 ) ;
#1936 = VERTEX_POINT ( 'NONE', #1757 ) ;
#1937 = ORIENTED_EDGE ( 'NONE', *, *, #3577, .F. ) ;
#1938 = CARTESIAN_POINT ( 'NONE',  ( 1.982148869802244000, 1.330000000000000300, 2.194280904158203400 ) ) ;
#1939 = EDGE_CURVE ( 'NONE', #1538, #1538, #3132, .T. ) ;
#1940 = CARTESIAN_POINT ( 'NONE',  ( -2.071231517720797800, 0.1499999999999999900, -1.000000000000000000 ) ) ;
#1941 = VECTOR ( 'NONE', #2067, 1000.000000000000000 ) ;
#1942 =( NAMED_UNIT ( * ) SI_UNIT ( $, .STERADIAN. ) SOLID_ANGLE_UNIT ( ) );
#1943 = ORIENTED_EDGE ( 'NONE', *, *, #3062, .F. ) ;
#1944 = VECTOR ( 'NONE', #1515, 999.9999999999998900 ) ;
#1945 = CARTESIAN_POINT ( 'NONE',  ( 0.8500000000000030900, 1.765000000000000100, -2.720294101747085900 ) ) ;
#1946 = EDGE_CURVE ( 'NONE', #589, #2851, #1292, .T. ) ;
#1947 = EDGE_CURVE ( 'NONE', #1249, #1177, #2441, .T. ) ;
#1948 = VERTEX_POINT ( 'NONE', #2865 ) ;
#1949 =( LENGTH_UNIT ( ) NAMED_UNIT ( * ) SI_UNIT ( .MILLI., .METRE. ) );
#1950 = CARTESIAN_POINT ( 'NONE',  ( -2.850000000000000500, 1.279999999999996500, -1.350000000000000100 ) ) ;
#1951 = CARTESIAN_POINT ( 'NONE',  ( 1.840727513564934600, 1.330000000000000100, 2.335702260395513100 ) ) ;
#1952 = LINE ( 'NONE', #635, #80 ) ;
#1953 = PLANE ( 'NONE',  #2135 ) ;
#1954 = ORIENTED_EDGE ( 'NONE', *, *, #558, .F. ) ;
#1955 = DIRECTION ( 'NONE',  ( 0.0000000000000000000, -0.0000000000000000000, 1.000000000000000000 ) ) ;
#1956 = ORIENTED_EDGE ( 'NONE', *, *, #1485, .F. ) ;
#1957 = ADVANCED_FACE ( 'NONE', ( #246 ), #1134, .T. ) ;
#1958 = VECTOR ( 'NONE', #561, 1000.000000000000000 ) ;
#1959 = DIRECTION ( 'NONE',  ( -0.7071067811865475700, 0.0000000000000000000, -0.7071067811865475700 ) ) ;
#1960 = AXIS2_PLACEMENT_3D ( 'NONE', #2411, #386, #3090 ) ;
#1961 = CARTESIAN_POINT ( 'NONE',  ( -2.015254326381661400, 1.700000000000000000, -2.580939751330897400 ) ) ;
#1962 = CARTESIAN_POINT ( 'NONE',  ( -2.288561808316410800, 1.530000000000000000, -1.793587061485831600 ) ) ;
#1963 = EDGE_CURVE ( 'NONE', #4150, #3651, #3563, .T. ) ;
#1964 = CARTESIAN_POINT ( 'NONE',  ( 1.793587061485831600, 1.530000000000000000, 2.288561808316410300 ) ) ;
#1965 = DIRECTION ( 'NONE',  ( 0.7071067811865461300, 0.0000000000000000000, -0.7071067811865490200 ) ) ;
#1966 = VECTOR ( 'NONE', #1397, 1000.000000000000000 ) ;
#1967 = EDGE_CURVE ( 'NONE', #1616, #2755, #1240, .T. ) ;
#1968 = VECTOR ( 'NONE', #3740, 1000.000000000000100 ) ;
#1969 = EDGE_LOOP ( 'NONE', ( #1658, #1201, #1261, #687, #1312, #1047, #2773, #2064, #2662, #3998 ) ) ;
#1970 = DIRECTION ( 'NONE',  ( -0.7071067811865477900, -1.224646799147352500E-016, -0.7071067811865473500 ) ) ;
#1971 = VECTOR ( 'NONE', #2748, 999.9999999999998900 ) ;
#1972 = ADVANCED_FACE ( 'NONE', ( #1443 ), #1219, .F. ) ;
#1973 = EDGE_CURVE ( 'NONE', #2361, #797, #3927, .T. ) ;
#1974 = CARTESIAN_POINT ( 'NONE',  ( -1.632667453115285800, 0.0000000000000000000, -1.439615242270661200 ) ) ;
#1975 = ORIENTED_EDGE ( 'NONE', *, *, #1078, .T. ) ;
#1976 = DIRECTION ( 'NONE',  ( 0.0000000000000000000, 0.0000000000000000000, 1.000000000000000000 ) ) ;
#1977 = FACE_OUTER_BOUND ( 'NONE', #1922, .T. ) ;
#1978 = ORIENTED_EDGE ( 'NONE', *, *, #2052, .T. ) ;
#1979 = ORIENTED_EDGE ( 'NONE', *, *, #2837, .F. ) ;
#1980 = CARTESIAN_POINT ( 'NONE',  ( -2.474873734152916300, 1.370000000000000100, -2.121320343559640600 ) ) ;
#1981 = ORIENTED_EDGE ( 'NONE', *, *, #1973, .F. ) ;
#1982 = EDGE_CURVE ( 'NONE', #594, #632, #557, .T. ) ;
#1983 = EDGE_LOOP ( 'NONE', ( #170, #312, #2943, #1487, #758, #3751, #2947, #896, #1943, #1537, #1229, #2726 ) ) ;
#1984 = ORIENTED_EDGE ( 'NONE', *, *, #4038, .F. ) ;
#1985 = DIRECTION ( 'NONE',  ( 0.8660254037844386000, 0.0000000000000000000, 0.5000000000000001100 ) ) ;
#1986 = PLANE ( 'NONE',  #3730 ) ;
#1987 = CARTESIAN_POINT ( 'NONE',  ( -2.750000000000000400, 5.946455813684773200, 1.849999999999996100 ) ) ;
#1988 = VECTOR ( 'NONE', #3438, 1000.000000000000000 ) ;
#1989 = VERTEX_POINT ( 'NONE', #887 ) ;
#1990 = CARTESIAN_POINT ( 'NONE',  ( 2.335702260395513100, 1.330000000000000100, 1.840727513564934800 ) ) ;
#1991 = ORIENTED_EDGE ( 'NONE', *, *, #2965, .F. ) ;
#1992 = CARTESIAN_POINT ( 'NONE',  ( 0.7750000000000031300, 1.655000000000000000, -2.850000000000000100 ) ) ;
#1993 = VECTOR ( 'NONE', #3236, 1000.000000000000000 ) ;
#1994 = DIRECTION ( 'NONE',  ( 0.0000000000000000000, -1.000000000000000000, 0.0000000000000000000 ) ) ;
#1995 = DIRECTION ( 'NONE',  ( -0.7071067811865496800, 0.0000000000000000000, -0.7071067811865453500 ) ) ;
#1996 = EDGE_CURVE ( 'NONE', #3472, #2365, #3880, .T. ) ;
#1997 = VECTOR ( 'NONE', #1683, 1000.000000000000000 ) ;
#1998 = LINE ( 'NONE', #3762, #3225 ) ;
#1999 = DIRECTION ( 'NONE',  ( 0.0000000000000000000, 0.0000000000000000000, -1.000000000000000000 ) ) ;
#2000 = ORIENTED_EDGE ( 'NONE', *, *, #1973, .T. ) ;
#2001 = CARTESIAN_POINT ( 'NONE',  ( -2.653389341954926400, 1.840000000000000100, 0.9250000000000020400 ) ) ;
#2002 = CARTESIAN_POINT ( 'NONE',  ( -1.840727513564935500, 1.330000000000000100, -2.335702260395512200 ) ) ;
#2003 = DIRECTION ( 'NONE',  ( 0.7071067811865474600, 0.0000000000000000000, 0.7071067811865474600 ) ) ;
#2004 = FACE_OUTER_BOUND ( 'NONE', #2350, .T. ) ;
#2005 = AXIS2_PLACEMENT_3D ( 'NONE', #3661, #655, #1285 ) ;
#2006 = DIRECTION ( 'NONE',  ( -1.000000000000000000, 0.0000000000000000000, 3.343570915707898000E-015 ) ) ;
#2007 = B_SPLINE_CURVE_WITH_KNOTS ( 'NONE', 3,
 ( #810, #2449, #1151, #3184, #462, #2780, #2498 ),
 .UNSPECIFIED., .F., .F.,
 ( 4, 3, 4 ),
 ( 1.167721476617542300E-018, 2.428206243567471900E-005, 3.629013751033685100E-005 ),
 .UNSPECIFIED. ) ;
#2008 = EDGE_LOOP ( 'NONE', ( #1579, #1004, #891, #1463 ) ) ;
#2009 = EDGE_CURVE ( 'NONE', #1948, #3651, #4237, .T. ) ;
#2010 = ADVANCED_FACE ( 'NONE', ( #1345 ), #1505, .F. ) ;
#2011 = ORIENTED_EDGE ( 'NONE', *, *, #4108, .T. ) ;
#2012 = VECTOR ( 'NONE', #4331, 999.9999999999998900 ) ;
#2013 = DIRECTION ( 'NONE',  ( 0.0000000000000000000, 1.000000000000000000, 0.0000000000000000000 ) ) ;
#2014 = DIRECTION ( 'NONE',  ( 0.0000000000000000000, 1.000000000000000000, 0.0000000000000000000 ) ) ;
#2015 = EDGE_CURVE ( 'NONE', #636, #369, #3237, .T. ) ;
#2016 = UNCERTAINTY_MEASURE_WITH_UNIT (LENGTH_MEASURE( 1.000000000000000100E-005 ), #1394, 'distance_accuracy_value', 'NONE');
#2017 = CARTESIAN_POINT ( 'NONE',  ( -2.850000000000000100, 0.1499999999999999900, -1.350000000000000500 ) ) ;
#2018 = VECTOR ( 'NONE', #3940, 1000.000000000000100 ) ;
#2019 = LINE ( 'NONE', #2017, #1242 ) ;
#2020 = CARTESIAN_POINT ( 'NONE',  ( 0.0000000000000000000, 1.580000000000000100, 0.0000000000000000000 ) ) ;
#2021 = CARTESIAN_POINT ( 'NONE',  ( 2.674223304703366100, 1.490000000000000000, 3.027776695296638300 ) ) ;
#2022 = PLANE ( 'NONE',  #3571 ) ;
#2023 = EDGE_CURVE ( 'NONE', #1616, #3185, #2968, .T. ) ;
#2024 = VECTOR ( 'NONE', #3130, 1000.000000000000000 ) ;
#2025 = ORIENTED_EDGE ( 'NONE', *, *, #190, .T. ) ;
#2026 = CARTESIAN_POINT ( 'NONE',  ( -2.121320343559643300, 1.369999999999999900, -2.474873734152916300 ) ) ;
#2027 = LINE ( 'NONE', #3811, #1971 ) ;
#2028 = CARTESIAN_POINT ( 'NONE',  ( -2.850000000000000500, 0.1499999999999999900, -1.000000000000000000 ) ) ;
#2029 = STYLED_ITEM ( 'NONE', ( #1075 ), #2533 ) ;
#2030 = ORIENTED_EDGE ( 'NONE', *, *, #4310, .T. ) ;
#2031 = EDGE_LOOP ( 'NONE', ( #3987, #854 ) ) ;
#2032 = LINE ( 'NONE', #1621, #3152 ) ;
#2033 = ORIENTED_EDGE ( 'NONE', *, *, #2015, .T. ) ;
#2034 = DIRECTION ( 'NONE',  ( -0.6063390625908320300, 0.5144957554275275700, 0.6063390625908320300 ) ) ;
#2035 =( LENGTH_UNIT ( ) NAMED_UNIT ( * ) SI_UNIT ( .MILLI., .METRE. ) );
#2036 = CARTESIAN_POINT ( 'NONE',  ( 2.849999999999999600, 1.655000000000000000, -0.7750000000000001300 ) ) ;
#2037 = ORIENTED_EDGE ( 'NONE', *, *, #603, .T. ) ;
#2038 = ORIENTED_EDGE ( 'NONE', *, *, #4350, .F. ) ;
#2039 = CARTESIAN_POINT ( 'NONE',  ( -2.651650429449551500, 1.430000000000000200, -2.298097038856275400 ) ) ;
#2040 = EDGE_LOOP ( 'NONE', ( #3113, #2450, #2573, #2144 ) ) ;
#2041 = VERTEX_POINT ( 'NONE', #556 ) ;
#2042 = CARTESIAN_POINT ( 'NONE',  ( -2.749999999999999600, 0.1499999999999999700, -1.450000000000001300 ) ) ;
#2043 = EDGE_LOOP ( 'NONE', ( #3125, #630, #4055, #1877, #3269, #3410, #591, #357, #969, #709, #2079, #1519, #166, #188, #2033, #2025, #3770, #178, #1481, #2355 ) ) ;
#2044 = LINE ( 'NONE', #314, #1170 ) ;
#2045 = VERTEX_POINT ( 'NONE', #1520 ) ;
#2046 = ORIENTED_EDGE ( 'NONE', *, *, #1801, .T. ) ;
#2047 = DIRECTION ( 'NONE',  ( 0.5000000000000036600, 0.0000000000000000000, -0.8660254037844366000 ) ) ;
#2048 = LINE ( 'NONE', #1724, #3109 ) ;
#2049 = CARTESIAN_POINT ( 'NONE',  ( -1.909188309203679400, 0.1499999999999999400, -2.474873734152915000 ) ) ;
#2050 = AXIS2_PLACEMENT_3D ( 'NONE', #4258, #2928, #625 ) ;
#2051 = CARTESIAN_POINT ( 'NONE',  ( 1.932667453115288100, 0.1499999999999999900, 0.9199999999999993700 ) ) ;
#2052 = EDGE_CURVE ( 'NONE', #2041, #4150, #1029, .T. ) ;
#2053 = ORIENTED_EDGE ( 'NONE', *, *, #1589, .T. ) ;
#2054 = CARTESIAN_POINT ( 'NONE',  ( -2.580939751330899100, 0.2999999999999999300, -2.015254326381659100 ) ) ;
#2055 = CYLINDRICAL_SURFACE ( 'NONE', #1009, 0.4499999999999999000 ) ;
#2056 = CARTESIAN_POINT ( 'NONE',  ( 2.737617075191309800, 1.581548101608504900, -0.7924805135127017700 ) ) ;
#2057 = DIRECTION ( 'NONE',  ( -0.8660254037844366000, 0.0000000000000000000, -0.5000000000000036600 ) ) ;
#2058 = CARTESIAN_POINT ( 'NONE',  ( -0.8024770376517963400, 1.584721000233927400, 2.734703002901524900 ) ) ;
#2059 = ORIENTED_EDGE ( 'NONE', *, *, #1235, .F. ) ;
#2060 = EDGE_CURVE ( 'NONE', #582, #2894, #3760, .T. ) ;
#2061 = CARTESIAN_POINT ( 'NONE',  ( 2.474873734152915400, 0.1499999999999999400, 1.909188309203678300 ) ) ;
#2062 = ORIENTED_EDGE ( 'NONE', *, *, #3955, .T. ) ;
#2063 = DIRECTION ( 'NONE',  ( 0.7071067811865473500, 0.0000000000000000000, -0.7071067811865477900 ) ) ;
#2064 = ORIENTED_EDGE ( 'NONE', *, *, #500, .T. ) ;
#2065 = EDGE_CURVE ( 'NONE', #3160, #1288, #662, .T. ) ;
#2066 = LINE ( 'NONE', #2263, #3977 ) ;
#2067 = DIRECTION ( 'NONE',  ( 0.0000000000000000000, 1.000000000000000000, 0.0000000000000000000 ) ) ;
#2068 = DIRECTION ( 'NONE',  ( -3.343570915707898000E-015, 0.0000000000000000000, -1.000000000000000000 ) ) ;
#2069 = VECTOR ( 'NONE', #1822, 1000.000000000000000 ) ;
#2070 = CARTESIAN_POINT ( 'NONE',  ( -2.071231517720798700, 0.1499999999999999900, 1.000000000000000400 ) ) ;
#2071 = DIRECTION ( 'NONE',  ( 0.5000000000000038900, -0.0000000000000000000, 0.8660254037844363800 ) ) ;
#2072 = CIRCLE ( 'NONE', #686, 0.1000000000000001400 ) ;
#2073 = DIRECTION ( 'NONE',  ( 1.000000000000000000, 0.0000000000000000000, 0.0000000000000000000 ) ) ;
#2074 = PLANE ( 'NONE',  #4191 ) ;
#2075 = DIRECTION ( 'NONE',  ( -0.0000000000000000000, -1.000000000000000000, -0.0000000000000000000 ) ) ;
#2076 = DIRECTION ( 'NONE',  ( -3.194615545038032200E-016, 0.0000000000000000000, 1.000000000000000000 ) ) ;
#2077 = LINE ( 'NONE', #3553, #305 ) ;
#2078 = CARTESIAN_POINT ( 'NONE',  ( 1.741465986122621400, 0.1499999999999999700, -1.502430104589882500 ) ) ;
#2079 = ORIENTED_EDGE ( 'NONE', *, *, #1420, .T. ) ;
#2080 = ORIENTED_EDGE ( 'NONE', *, *, #4134, .F. ) ;
#2081 = DIRECTION ( 'NONE',  ( 0.0000000000000000000, -1.000000000000000000, 0.0000000000000000000 ) ) ;
#2082 = DIRECTION ( 'NONE',  ( 0.7071067811865479100, 0.0000000000000000000, 0.7071067811865472400 ) ) ;
#2083 = VECTOR ( 'NONE', #2190, 1000.000000000000000 ) ;
#2084 =( NAMED_UNIT ( * ) PLANE_ANGLE_UNIT ( ) SI_UNIT ( $, .RADIAN. ) );
#2085 = VERTEX_POINT ( 'NONE', #4308 ) ;
#2086 = CARTESIAN_POINT ( 'NONE',  ( 0.8298639973530884700, 1.603219207054084900, -2.726509159163382500 ) ) ;
#2087 = ORIENTED_EDGE ( 'NONE', *, *, #4269, .T. ) ;
#2088 = EDGE_LOOP ( 'NONE', ( #112, #1114, #2038, #1259, #1276, #1981, #1107, #3206, #519, #164, #4024, #450, #2268, #2412 ) ) ;
#2089 = EDGE_CURVE ( 'NONE', #2851, #2085, #2817, .T. ) ;
#2090 = CARTESIAN_POINT ( 'NONE',  ( 2.029289321881345000, 1.580000000000000100, 2.029289321881345500 ) ) ;
#2091 = CARTESIAN_POINT ( 'NONE',  ( 2.121320343559641500, 1.370000000000000300, 2.474873734152915400 ) ) ;
#2092 = ORIENTED_EDGE ( 'NONE', *, *, #1830, .F. ) ;
#2093 = CARTESIAN_POINT ( 'NONE',  ( -1.632667453115285800, 0.1499999999999999900, -1.439615242270661200 ) ) ;
#2094 = ORIENTED_EDGE ( 'NONE', *, *, #4288, .F. ) ;
#2095 = SURFACE_STYLE_FILL_AREA ( #3729 ) ;
#2096 = CARTESIAN_POINT ( 'NONE',  ( 0.8586675041709345100, 1.800000000000001600, -2.717570627836718400 ) ) ;
#2097 = ORIENTED_EDGE ( 'NONE', *, *, #952, .F. ) ;
#2098 = CARTESIAN_POINT ( 'NONE',  ( 1.932667453115288100, 0.1499999999999999700, 0.9199999999999993700 ) ) ;
#2099 = LINE ( 'NONE', #3147, #3907 ) ;
#2100 = ORIENTED_EDGE ( 'NONE', *, *, #730, .F. ) ;
#2101 = CARTESIAN_POINT ( 'NONE',  ( 2.474873734152915400, -1.593896411677231600E-017, 1.909188309203678300 ) ) ;
#2102 = ORIENTED_EDGE ( 'NONE', *, *, #1668, .F. ) ;
#2103 = FACE_OUTER_BOUND ( 'NONE', #1534, .T. ) ;
#2104 = CARTESIAN_POINT ( 'NONE',  ( 1.632667453115285800, 0.1499999999999999900, -1.439615242270661400 ) ) ;
#2105 = CARTESIAN_POINT ( 'NONE',  ( -2.749999999999999600, 0.0000000000000000000, -1.000000000000000200 ) ) ;
#2106 = ORIENTED_EDGE ( 'NONE', *, *, #1908, .F. ) ;
#2107 = CARTESIAN_POINT ( 'NONE',  ( 1.632667453115285800, 0.1499999999999999700, 1.439615242270661200 ) ) ;
#2108 = DIRECTION ( 'NONE',  ( -1.000000000000000000, 0.0000000000000000000, 3.343570915707909400E-015 ) ) ;
#2109 = AXIS2_PLACEMENT_3D ( 'NONE', #1992, #1, #3022 ) ;
#2110 = LINE ( 'NONE', #1625, #2265 ) ;
#2111 = ORIENTED_EDGE ( 'NONE', *, *, #3062, .T. ) ;
#2112 = EDGE_CURVE ( 'NONE', #2525, #1989, #147, .T. ) ;
#2113 = CARTESIAN_POINT ( 'NONE',  ( 2.850000000000000100, 1.580000000000000100, 1.208578643762690600 ) ) ;
#2114 = LINE ( 'NONE', #126, #2320 ) ;
#2115 = ORIENTED_EDGE ( 'NONE', *, *, #2124, .F. ) ;
#2116 = EDGE_LOOP ( 'NONE', ( #2675, #1179, #2180, #381 ) ) ;
#2117 =( NAMED_UNIT ( * ) SI_UNIT ( $, .STERADIAN. ) SOLID_ANGLE_UNIT ( ) );
#2118 = ADVANCED_FACE ( 'NONE', ( #2924, #3819 ), #2761, .T. ) ;
#2119 = LINE ( 'NONE', #2061, #924 ) ;
#2120 = AXIS2_PLACEMENT_3D ( 'NONE', #3924, #3238, #1273 ) ;
#2121 = CARTESIAN_POINT ( 'NONE',  ( 2.051283388571816900E-016, 1.580000000000000100, 2.849999999999999600 ) ) ;
#2122 = VECTOR ( 'NONE', #4204, 1000.000000000000000 ) ;
#2123 = CARTESIAN_POINT ( 'NONE',  ( 2.474873734152916800, 1.370000000000000100, 2.121320343559642800 ) ) ;
#2124 = EDGE_CURVE ( 'NONE', #589, #254, #38, .T. ) ;
#2125 = CARTESIAN_POINT ( 'NONE',  ( -2.730503961012789900, 1.592002205054126700, 0.8166379093356871400 ) ) ;
#2126 = LINE ( 'NONE', #4329, #1032 ) ;
#2127 = CARTESIAN_POINT ( 'NONE',  ( -1.741465986122621200, 0.1499999999999999900, -1.502430104589882700 ) ) ;
#2128 = LINE ( 'NONE', #2770, #1868 ) ;
#2129 = CARTESIAN_POINT ( 'NONE',  ( -0.8633816597884843600, 1.808934334550204000, 2.706711390030531700 ) ) ;
#2130 = CARTESIAN_POINT ( 'NONE',  ( -2.849999999999996500, 1.655000000000000000, 0.7750000000000026900 ) ) ;
#2131 = CARTESIAN_POINT ( 'NONE',  ( 0.0000000000000000000, 5.946455813684773200, 0.0000000000000000000 ) ) ;
#2132 = COLOUR_RGB ( '',0.7921568627450980000, 0.8196078431372548800, 0.9333333333333333500 ) ;
#2133 = VERTEX_POINT ( 'NONE', #3600 ) ;
#2134 = EDGE_LOOP ( 'NONE', ( #1824, #4095, #1465, #472, #1687 ) ) ;
#2135 = AXIS2_PLACEMENT_3D ( 'NONE', #4300, #3331, #650 ) ;
#2136 = EDGE_CURVE ( 'NONE', #1915, #1783, #1747, .T. ) ;
#2137 = VECTOR ( 'NONE', #3773, 1000.000000000000000 ) ;
#2138 = CARTESIAN_POINT ( 'NONE',  ( 0.8500000000000030900, 1.765000000000000100, -2.849999999999996500 ) ) ;
#2139 = ADVANCED_FACE ( 'NONE', ( #3454 ), #1560, .T. ) ;
#2140 = CARTESIAN_POINT ( 'NONE',  ( -2.071231517720797800, 0.0000000000000000000, -1.000000000000000000 ) ) ;
#2141 = DIRECTION ( 'NONE',  ( -0.5000000000000038900, 0.0000000000000000000, -0.8660254037844363800 ) ) ;
#2142 = ORIENTED_EDGE ( 'NONE', *, *, #1696, .T. ) ;
#2143 = VERTEX_POINT ( 'NONE', #1278 ) ;
#2144 = ORIENTED_EDGE ( 'NONE', *, *, #1344, .F. ) ;
#2145 = ORIENTED_EDGE ( 'NONE', *, *, #1830, .T. ) ;
#2146 = CARTESIAN_POINT ( 'NONE',  ( -2.568157287525382400, 1.580000000000000100, -3.133842712474621100 ) ) ;
#2147 = DIRECTION ( 'NONE',  ( 0.0000000000000000000, -1.000000000000000000, -0.0000000000000000000 ) ) ;
#2148 = EDGE_CURVE ( 'NONE', #3413, #2625, #3979, .T. ) ;
#2149 = ORIENTED_EDGE ( 'NONE', *, *, #1899, .F. ) ;
#2150 = EDGE_LOOP ( 'NONE', ( #1677, #3222, #2731, #1049 ) ) ;
#2151 = CARTESIAN_POINT ( 'NONE',  ( -2.850000000000001400, 0.0000000000000000000, 1.000000000000000700 ) ) ;
#2152 = EDGE_LOOP ( 'NONE', ( #790 ) ) ;
#2153 = CARTESIAN_POINT ( 'NONE',  ( 1.632667453115285800, 0.1499999999999999900, 1.439615242270661200 ) ) ;
#2154 = ORIENTED_EDGE ( 'NONE', *, *, #3178, .T. ) ;
#2155 = EDGE_CURVE ( 'NONE', #3094, #683, #295, .T. ) ;
#2156 = CARTESIAN_POINT ( 'NONE',  ( -1.350000000000001400, 1.580000000000000100, -2.849999999999999600 ) ) ;
#2157 = ORIENTED_EDGE ( 'NONE', *, *, #3856, .F. ) ;
#2158 = CIRCLE ( 'NONE', #1561, 2.299999999999999800 ) ;
#2159 = ORIENTED_EDGE ( 'NONE', *, *, #3885, .F. ) ;
#2160 = ORIENTED_EDGE ( 'NONE', *, *, #409, .F. ) ;
#2161 = CARTESIAN_POINT ( 'NONE',  ( 2.705464761201820800, 1.809959986548642700, -0.8639228398085113700 ) ) ;
#2162 = CARTESIAN_POINT ( 'NONE',  ( -2.580939751330899600, 1.490000000000000000, -2.227386360737623400 ) ) ;
#2163 = CARTESIAN_POINT ( 'NONE',  ( -2.749999999999999600, 0.1499999999999999700, -1.000000000000000200 ) ) ;
#2164 = ORIENTED_EDGE ( 'NONE', *, *, #1055, .T. ) ;
#2165 = DIRECTION ( 'NONE',  ( 0.0000000000000000000, -0.0000000000000000000, 1.000000000000000000 ) ) ;
#2166 = FACE_OUTER_BOUND ( 'NONE', #3895, .T. ) ;
#2167 = CARTESIAN_POINT ( 'NONE',  ( 1.932667453115288300, 0.1499999999999999900, -0.9199999999999996000 ) ) ;
#2168 = LINE ( 'NONE', #3015, #3117 ) ;
#2169 = AXIS2_PLACEMENT_3D ( 'NONE', #3455, #4130, #3466 ) ;
#2170 = FACE_OUTER_BOUND ( 'NONE', #1146, .T. ) ;
#2171 = EDGE_CURVE ( 'NONE', #631, #3853, #1193, .T. ) ;
#2172 = DIRECTION ( 'NONE',  ( 0.5000000000000040000, 0.0000000000000000000, -0.8660254037844363800 ) ) ;
#2173 = ADVANCED_FACE ( 'NONE', ( #983 ), #928, .F. ) ;
#2174 = ORIENTED_EDGE ( 'NONE', *, *, #199, .F. ) ;
#2175 = DIRECTION ( 'NONE',  ( -7.653342979939158400E-016, 0.0000000000000000000, -1.000000000000000000 ) ) ;
#2176 = DIRECTION ( 'NONE',  ( 0.0000000000000000000, 1.000000000000000000, 0.0000000000000000000 ) ) ;
#2177 = CARTESIAN_POINT ( 'NONE',  ( 2.687005768508879700, 1.700000000000000000, 2.121320343559642400 ) ) ;
#2178 = FACE_OUTER_BOUND ( 'NONE', #940, .T. ) ;
#2179 = EDGE_CURVE ( 'NONE', #2851, #1719, #2873, .T. ) ;
#2180 = ORIENTED_EDGE ( 'NONE', *, *, #3992, .F. ) ;
#2181 = CARTESIAN_POINT ( 'NONE',  ( -2.121320343559643700, -5.267836809119285900E-017, -2.687005768508879300 ) ) ;
#2182 = LINE ( 'NONE', #3279, #4233 ) ;
#2183 = EDGE_CURVE ( 'NONE', #1571, #1336, #884, .T. ) ;
#2184 = EDGE_CURVE ( 'NONE', #8, #2224, #2439, .T. ) ;
#2185 = DIRECTION ( 'NONE',  ( 1.000000000000000000, 0.0000000000000000000, -1.156482317317871500E-016 ) ) ;
#2186 = AXIS2_PLACEMENT_3D ( 'NONE', #1011, #661, #3020 ) ;
#2187 = DIRECTION ( 'NONE',  ( 0.0000000000000000000, -1.000000000000000000, 0.0000000000000000000 ) ) ;
#2188 = ADVANCED_FACE ( 'NONE', ( #929 ), #3561, .T. ) ;
#2189 = DIRECTION ( 'NONE',  ( -1.000000000000000000, 0.0000000000000000000, -3.194615545038031700E-016 ) ) ;
#2190 = DIRECTION ( 'NONE',  ( 0.6063390625908318100, 0.5144957554275276800, -0.6063390625908321500 ) ) ;
#2191 = DIRECTION ( 'NONE',  ( 0.8660254037844363800, 0.0000000000000000000, -0.5000000000000038900 ) ) ;
#2192 = VECTOR ( 'NONE', #3182, 1000.000000000000000 ) ;
#2193 = EDGE_LOOP ( 'NONE', ( #1665, #431, #4142, #3896 ) ) ;
#2194 = CARTESIAN_POINT ( 'NONE',  ( 2.147140452079101100, 1.530000000000001600, 1.935008417723140400 ) ) ;
#2195 = VECTOR ( 'NONE', #3984, 1000.000000000000000 ) ;
#2196 = AXIS2_PLACEMENT_3D ( 'NONE', #3299, #2278, #2290 ) ;
#2197 = EDGE_CURVE ( 'NONE', #1659, #3722, #293, .T. ) ;
#2198 = ORIENTED_EDGE ( 'NONE', *, *, #4219, .T. ) ;
#2199 = VERTEX_POINT ( 'NONE', #3652 ) ;
#2200 = ORIENTED_EDGE ( 'NONE', *, *, #3698, .F. ) ;
#2201 = CARTESIAN_POINT ( 'NONE',  ( -1.932667453115288300, 0.1499999999999999900, 0.9199999999999996000 ) ) ;
#2202 = ORIENTED_EDGE ( 'NONE', *, *, #3232, .F. ) ;
#2203 = DIRECTION ( 'NONE',  ( 0.7071067811865474600, -0.0000000000000000000, 0.7071067811865475700 ) ) ;
#2204 = ORIENTED_EDGE ( 'NONE', *, *, #547, .T. ) ;
#2205 = CARTESIAN_POINT ( 'NONE',  ( 2.156675682618971000, 1.430000000000000200, 2.651650429449549800 ) ) ;
#2206 = VERTEX_POINT ( 'NONE', #3587 ) ;
#2207 = EDGE_CURVE ( 'NONE', #683, #550, #2066, .T. ) ;
#2208 = LINE ( 'NONE', #1341, #534 ) ;
#2209 = ORIENTED_EDGE ( 'NONE', *, *, #1388, .T. ) ;
#2210 = ADVANCED_FACE ( 'NONE', ( #1191 ), #2969, .F. ) ;
#2211 = LINE ( 'NONE', #374, #1322 ) ;
#2212 = EDGE_LOOP ( 'NONE', ( #2992, #1569, #1630, #2826 ) ) ;
#2213 = EDGE_CURVE ( 'NONE', #3721, #581, #4028, .T. ) ;
#2214 = PLANE ( 'NONE',  #1080 ) ;
#2215 = ORIENTED_EDGE ( 'NONE', *, *, #448, .F. ) ;
#2216 = CIRCLE ( 'NONE', #3520, 0.07499999999999998300 ) ;
#2217 = CARTESIAN_POINT ( 'NONE',  ( 2.568157287525384200, 1.280000000000000000, 3.133842712474620200 ) ) ;
#2218 = VECTOR ( 'NONE', #2982, 1000.000000000000100 ) ;
#2219 = LINE ( 'NONE', #3779, #2316 ) ;
#2220 = CARTESIAN_POINT ( 'NONE',  ( -2.720294101747085400, 1.765000000000000100, 0.8500000000000022000 ) ) ;
#2221 = VERTEX_POINT ( 'NONE', #1961 ) ;
#2222 = FACE_OUTER_BOUND ( 'NONE', #2264, .T. ) ;
#2223 = VERTEX_POINT ( 'NONE', #1313 ) ;
#2224 = VERTEX_POINT ( 'NONE', #2984 ) ;
#2225 = CARTESIAN_POINT ( 'NONE',  ( -2.382842712474619900, 0.0000000000000000000, -1.817157287525380100 ) ) ;
#2226 = LINE ( 'NONE', #1567, #1339 ) ;
#2227 = DIRECTION ( 'NONE',  ( -0.0000000000000000000, -0.9045340337332926600, -0.4264014327112171700 ) ) ;
#2228 = ADVANCED_FACE ( 'NONE', ( #3656 ), #2300, .T. ) ;
#2229 = EDGE_CURVE ( 'NONE', #3647, #3162, #2646, .T. ) ;
#2230 = CARTESIAN_POINT ( 'NONE',  ( -0.8499999999999992000, 1.840000000000000100, 2.720294101747087200 ) ) ;
#2231 = DIRECTION ( 'NONE',  ( 0.3638034375545001800, -0.8574929257125435400, -0.3638034375545004500 ) ) ;
#2232 = VECTOR ( 'NONE', #830, 1000.000000000000000 ) ;
#2233 = CARTESIAN_POINT ( 'NONE',  ( 2.399999999999999900, 0.1499999999999999900, -2.400000000000000400 ) ) ;
#2234 = FACE_OUTER_BOUND ( 'NONE', #2416, .T. ) ;
#2235 = EDGE_CURVE ( 'NONE', #1713, #1104, #1743, .T. ) ;
#2236 = CARTESIAN_POINT ( 'NONE',  ( 2.750000000000000400, 0.0000000000000000000, -1.000000000000000900 ) ) ;
#2237 = LINE ( 'NONE', #721, #2824 ) ;
#2238 = ORIENTED_EDGE ( 'NONE', *, *, #814, .F. ) ;
#2239 = DIRECTION ( 'NONE',  ( -0.5000000000000036600, 0.0000000000000000000, 0.8660254037844366000 ) ) ;
#2240 = DIRECTION ( 'NONE',  ( -0.7071067811865474600, 0.0000000000000000000, -0.7071067811865474600 ) ) ;
#2241 = VECTOR ( 'NONE', #2176, 1000.000000000000000 ) ;
#2242 = FACE_OUTER_BOUND ( 'NONE', #946, .T. ) ;
#2243 = ORIENTED_EDGE ( 'NONE', *, *, #1885, .T. ) ;
#2244 = DIRECTION ( 'NONE',  ( -0.7071067811865473500, 0.0000000000000000000, 0.7071067811865477900 ) ) ;
#2245 = ADVANCED_FACE ( 'NONE', ( #660 ), #3542, .F. ) ;
#2246 = ORIENTED_EDGE ( 'NONE', *, *, #2388, .T. ) ;
#2247 = AXIS2_PLACEMENT_3D ( 'NONE', #3641, #612, #294 ) ;
#2248 = EDGE_LOOP ( 'NONE', ( #2963, #1626, #3263 ) ) ;
#2249 = EDGE_CURVE ( 'NONE', #4011, #1571, #3290, .T. ) ;
#2250 = ORIENTED_EDGE ( 'NONE', *, *, #2089, .F. ) ;
#2251 = ORIENTED_EDGE ( 'NONE', *, *, #2213, .F. ) ;
#2252 = CARTESIAN_POINT ( 'NONE',  ( 2.071231517720798700, 0.0000000000000000000, -1.000000000000000400 ) ) ;
#2253 = CARTESIAN_POINT ( 'NONE',  ( -2.071231517720797800, 0.1499999999999999900, -1.000000000000000000 ) ) ;
#2254 = ORIENTED_EDGE ( 'NONE', *, *, #2314, .F. ) ;
#2255 = VECTOR ( 'NONE', #1867, 1000.000000000000000 ) ;
#2256 = VERTEX_POINT ( 'NONE', #1799 ) ;
#2257 = ORIENTED_EDGE ( 'NONE', *, *, #1344, .T. ) ;
#2258 = CARTESIAN_POINT ( 'NONE',  ( -2.580939751330899600, 1.490000000000000000, -2.227386360737623400 ) ) ;
#2259 = AXIS2_PLACEMENT_3D ( 'NONE', #2549, #1884, #546 ) ;
#2260 = AXIS2_PLACEMENT_3D ( 'NONE', #564, #883, #1239 ) ;
#2261 = EDGE_LOOP ( 'NONE', ( #1654, #2568, #221, #2948, #2513 ) ) ;
#2262 = FACE_OUTER_BOUND ( 'NONE', #898, .T. ) ;
#2263 = CARTESIAN_POINT ( 'NONE',  ( -0.8499999999999987600, 1.840000000000000100, 2.849999999999998300 ) ) ;
#2264 = EDGE_LOOP ( 'NONE', ( #4255, #2408, #2794, #587, #2, #1791, #2317, #3049, #1617, #859, #3041, #942, #3727, #2474, #3597, #3449, #3212, #2805 ) ) ;
#2265 = VECTOR ( 'NONE', #3994, 1000.000000000000100 ) ;
#2266 = DIRECTION ( 'NONE',  ( 0.0000000000000000000, -1.000000000000000000, 0.0000000000000000000 ) ) ;
#2267 = ADVANCED_FACE ( 'NONE', ( #3754 ), #2484, .T. ) ;
#2268 = ORIENTED_EDGE ( 'NONE', *, *, #2112, .F. ) ;
#2269 = CARTESIAN_POINT ( 'NONE',  ( -2.071231517720798700, 0.0000000000000000000, 1.000000000000000400 ) ) ;
#2270 = CARTESIAN_POINT ( 'NONE',  ( -1.932667453115288100, 0.1499999999999999900, -0.9199999999999993700 ) ) ;
#2271 = CARTESIAN_POINT ( 'NONE',  ( 2.850000000000001400, 0.1499999999999999900, -1.000000000000000700 ) ) ;
#2272 = LINE ( 'NONE', #39, #2380 ) ;
#2273 = EDGE_CURVE ( 'NONE', #468, #2369, #880, .T. ) ;
#2274 = AXIS2_PLACEMENT_3D ( 'NONE', #2442, #1740, #2082 ) ;
#2275 = ORIENTED_EDGE ( 'NONE', *, *, #2861, .T. ) ;
#2276 = VECTOR ( 'NONE', #2266, 1000.000000000000000 ) ;
#2277 = EDGE_CURVE ( 'NONE', #2437, #1068, #4132, .T. ) ;
#2278 = DIRECTION ( 'NONE',  ( 0.7071067811865473500, 0.0000000000000000000, -0.7071067811865477900 ) ) ;
#2279 = CARTESIAN_POINT ( 'NONE',  ( -0.8460552542012932400, 1.630996857489289200, 2.721523563528043700 ) ) ;
#2280 = VECTOR ( 'NONE', #3490, 999.9999999999997700 ) ;
#2281 = EDGE_CURVE ( 'NONE', #2937, #4319, #451, .T. ) ;
#2282 = PLANE ( 'NONE',  #3079 ) ;
#2283 = CARTESIAN_POINT ( 'NONE',  ( 2.750000000000000400, 0.1499999999999999700, -1.000000000000000900 ) ) ;
#2284 = FACE_OUTER_BOUND ( 'NONE', #3923, .T. ) ;
#2285 = CARTESIAN_POINT ( 'NONE',  ( -1.932667453115288300, 5.946455813684773200, 0.9199999999999996000 ) ) ;
#2286 = ADVANCED_FACE ( 'NONE', ( #198 ), #851, .T. ) ;
#2287 = AXIS2_PLACEMENT_3D ( 'NONE', #2927, #3613, #3029 ) ;
#2288 = EDGE_CURVE ( 'NONE', #1271, #3094, #3451, .T. ) ;
#2289 = CARTESIAN_POINT ( 'NONE',  ( 1.932667453115288100, 0.1499999999999999900, 0.9199999999999993700 ) ) ;
#2290 = DIRECTION ( 'NONE',  ( 0.7071067811865477900, 0.0000000000000000000, 0.7071067811865473500 ) ) ;
#2291 = CYLINDRICAL_SURFACE ( 'NONE', #3165, 0.07499999999999998300 ) ;
#2292 = ORIENTED_EDGE ( 'NONE', *, *, #2707, .T. ) ;
#2293 = DIRECTION ( 'NONE',  ( 0.8660254037844363800, 0.0000000000000000000, 0.5000000000000040000 ) ) ;
#2294 = VECTOR ( 'NONE', #597, 1000.000000000000000 ) ;
#2295 = DIRECTION ( 'NONE',  ( -3.343570915707898000E-015, 0.0000000000000000000, -1.000000000000000000 ) ) ;
#2296 = ORIENTED_EDGE ( 'NONE', *, *, #3774, .F. ) ;
#2297 = CARTESIAN_POINT ( 'NONE',  ( 2.015254326381659600, 0.2999999999999999300, 2.580939751330898300 ) ) ;
#2298 = CARTESIAN_POINT ( 'NONE',  ( -2.474873734152917200, 0.2999999999999999300, -1.909188309203676800 ) ) ;
#2299 = ORIENTED_EDGE ( 'NONE', *, *, #4043, .T. ) ;
#2300 = PLANE ( 'NONE',  #2312 ) ;
#2301 = ORIENTED_EDGE ( 'NONE', *, *, #2281, .T. ) ;
#2302 = VECTOR ( 'NONE', #3546, 1000.000000000000100 ) ;
#2303 = CARTESIAN_POINT ( 'NONE',  ( -2.227386360737625600, 1.370000000000000100, -2.580939751330897800 ) ) ;
#2304 = ORIENTED_EDGE ( 'NONE', *, *, #2459, .T. ) ;
#2305 = LINE ( 'NONE', #2752, #1482 ) ;
#2306 = FILL_AREA_STYLE_COLOUR ( '', #1183 ) ;
#2307 = ADVANCED_FACE ( 'NONE', ( #718 ), #1813, .T. ) ;
#2308 = VERTEX_POINT ( 'NONE', #1863 ) ;
#2309 = LINE ( 'NONE', #537, #3439 ) ;
#2310 = CARTESIAN_POINT ( 'NONE',  ( 3.092803097029793100E-015, 1.840000000000000100, 0.9249999999999930500 ) ) ;
#2311 = DIRECTION ( 'NONE',  ( 0.5000000000000038900, -0.0000000000000000000, 0.8660254037844363800 ) ) ;
#2312 = AXIS2_PLACEMENT_3D ( 'NONE', #1348, #291, #1588 ) ;
#2313 = DIRECTION ( 'NONE',  ( 0.7071067811865461300, 0.0000000000000000000, 0.7071067811865489100 ) ) ;
#2314 = EDGE_CURVE ( 'NONE', #141, #369, #766, .T. ) ;
#2315 = ORIENTED_EDGE ( 'NONE', *, *, #4334, .F. ) ;
#2316 = VECTOR ( 'NONE', #1733, 1000.000000000000000 ) ;
#2317 = ORIENTED_EDGE ( 'NONE', *, *, #3178, .F. ) ;
#2318 = DIRECTION ( 'NONE',  ( 0.7071067811865475700, 0.0000000000000000000, -0.7071067811865475700 ) ) ;
#2319 = DIRECTION ( 'NONE',  ( -0.7071067811865462400, -1.224646799147352700E-016, -0.7071067811865489100 ) ) ;
#2320 = VECTOR ( 'NONE', #820, 1000.000000000000000 ) ;
#2321 = CARTESIAN_POINT ( 'NONE',  ( -4.270961825410231500, -4.916295743003900000, -2.850000000000000100 ) ) ;
#2322 = EDGE_LOOP ( 'NONE', ( #4112 ) ) ;
#2323 = CARTESIAN_POINT ( 'NONE',  ( -2.121320343559643700, 1.700000000000000000, -2.687005768508879300 ) ) ;
#2324 = ORIENTED_EDGE ( 'NONE', *, *, #2023, .F. ) ;
#2325 = VECTOR ( 'NONE', #2187, 1000.000000000000000 ) ;
#2326 = CARTESIAN_POINT ( 'NONE',  ( 2.580939751330897800, -5.267836809119285900E-017, 2.015254326381660000 ) ) ;
#2327 = CARTESIAN_POINT ( 'NONE',  ( 3.133842712474622400, 1.580000000000000100, 2.568157287525381500 ) ) ;
#2328 = DIRECTION ( 'NONE',  ( 0.7071067811865481300, 0.0000000000000000000, 0.7071067811865466800 ) ) ;
#2329 = VECTOR ( 'NONE', #4227, 1000.000000000000000 ) ;
#2330 = AXIS2_PLACEMENT_3D ( 'NONE', #2130, #815, #3997 ) ;
#2331 = CARTESIAN_POINT ( 'NONE',  ( -2.749999999999999600, 0.0000000000000000000, -1.000000000000000200 ) ) ;
#2332 = EDGE_CURVE ( 'NONE', #1673, #1185, #1083, .T. ) ;
#2333 = COLOUR_RGB ( '',0.2509803921568627400, 0.2509803921568627400, 0.2509803921568627400 ) ;
#2334 = VECTOR ( 'NONE', #777, 1000.000000000000000 ) ;
#2335 = DIRECTION ( 'NONE',  ( 0.5000000000000001100, 0.0000000000000000000, -0.8660254037844386000 ) ) ;
#2336 = AXIS2_PLACEMENT_3D ( 'NONE', #3084, #4091, #3101 ) ;
#2337 = VECTOR ( 'NONE', #196, 999.9999999999998900 ) ;
#2338 = ORIENTED_EDGE ( 'NONE', *, *, #995, .T. ) ;
#2339 = CARTESIAN_POINT ( 'NONE',  ( -1.741465986122621400, 0.0000000000000000000, 1.502430104589882500 ) ) ;
#2340 = DIRECTION ( 'NONE',  ( 3.343570915707898000E-015, 0.0000000000000000000, 1.000000000000000000 ) ) ;
#2341 = LINE ( 'NONE', #2230, #2294 ) ;
#2342 = PRODUCT_DEFINITION ( 'UNKNOWN', '', #2577, #351 ) ;
#2343 = EDGE_CURVE ( 'NONE', #4229, #3680, #89, .T. ) ;
#2344 = PLANE ( 'NONE',  #1451 ) ;
#2345 = CARTESIAN_POINT ( 'NONE',  ( 0.8500000000000030900, 1.655000000000000000, -2.849999999999996500 ) ) ;
#2346 = LINE ( 'NONE', #1082, #2512 ) ;
#2347 = VERTEX_POINT ( 'NONE', #536 ) ;
#2348 = ORIENTED_EDGE ( 'NONE', *, *, #2288, .F. ) ;
#2349 = CARTESIAN_POINT ( 'NONE',  ( 1.632667453115285800, 5.946455813684773200, 1.439615242270661200 ) ) ;
#2350 = EDGE_LOOP ( 'NONE', ( #1979, #3377, #2725 ) ) ;
#2351 = DIRECTION ( 'NONE',  ( 0.0000000000000000000, -1.000000000000000000, 0.0000000000000000000 ) ) ;
#2352 = ORIENTED_EDGE ( 'NONE', *, *, #4318, .T. ) ;
#2353 = VERTEX_POINT ( 'NONE', #2162 ) ;
#2354 = DIRECTION ( 'NONE',  ( 0.0000000000000000000, -1.000000000000000000, 0.0000000000000000000 ) ) ;
#2355 = ORIENTED_EDGE ( 'NONE', *, *, #20, .T. ) ;
#2356 = DIRECTION ( 'NONE',  ( 0.7071067811865474600, -0.0000000000000000000, 0.7071067811865475700 ) ) ;
#2357 = AXIS2_PLACEMENT_3D ( 'NONE', #172, #2852, #3562 ) ;
#2358 = DIRECTION ( 'NONE',  ( 0.0000000000000000000, 1.000000000000000000, 0.0000000000000000000 ) ) ;
#2359 = DIRECTION ( 'NONE',  ( -0.4999999999999967800, 0.0000000000000000000, -0.8660254037844404800 ) ) ;
#2360 = EDGE_CURVE ( 'NONE', #1936, #2882, #3234, .T. ) ;
#2361 = VERTEX_POINT ( 'NONE', #3863 ) ;
#2362 = VECTOR ( 'NONE', #839, 1000.000000000000000 ) ;
#2363 = ORIENTED_EDGE ( 'NONE', *, *, #2695, .T. ) ;
#2364 = EDGE_LOOP ( 'NONE', ( #1761 ) ) ;
#2365 = VERTEX_POINT ( 'NONE', #1172 ) ;
#2366 = FACE_OUTER_BOUND ( 'NONE', #4023, .T. ) ;
#2367 = CARTESIAN_POINT ( 'NONE',  ( 2.399999999999999900, 1.580000000000000100, -2.400000000000000400 ) ) ;
#2368 = EDGE_CURVE ( 'NONE', #1068, #2143, #976, .T. ) ;
#2369 = VERTEX_POINT ( 'NONE', #4195 ) ;
#2370 = VECTOR ( 'NONE', #1669, 999.9999999999998900 ) ;
#2371 = DIRECTION ( 'NONE',  ( -0.0000000000000000000, -1.000000000000000000, -0.0000000000000000000 ) ) ;
#2372 = DIRECTION ( 'NONE',  ( -1.000000000000000000, 0.0000000000000000000, 0.0000000000000000000 ) ) ;
#2373 = DIRECTION ( 'NONE',  ( -0.5000000000000038900, 0.0000000000000000000, -0.8660254037844363800 ) ) ;
#2374 = STYLED_ITEM ( 'NONE', ( #1417 ), #4104 ) ;
#2375 = DIRECTION ( 'NONE',  ( 0.0000000000000000000, -1.000000000000000000, 0.0000000000000000000 ) ) ;
#2376 = EDGE_LOOP ( 'NONE', ( #3473 ) ) ;
#2377 = EDGE_CURVE ( 'NONE', #4167, #2143, #3073, .T. ) ;
#2378 = CARTESIAN_POINT ( 'NONE',  ( 0.8787020380885917100, 1.824004226314537100, -2.685914153718816300 ) ) ;
#2379 = ADVANCED_FACE ( 'NONE', ( #2964 ), #1873, .T. ) ;
#2380 = VECTOR ( 'NONE', #2351, 1000.000000000000000 ) ;
#2381 = CARTESIAN_POINT ( 'NONE',  ( 2.015254326381659600, 1.700000000000000000, 2.580939751330898300 ) ) ;
#2382 = DIRECTION ( 'NONE',  ( -0.7071067811865475700, 0.0000000000000000000, -0.7071067811865475700 ) ) ;
#2383 = VERTEX_POINT ( 'NONE', #4249 ) ;
#2384 = DIRECTION ( 'NONE',  ( -0.7071067811865472400, 0.0000000000000000000, 0.7071067811865477900 ) ) ;
#2385 = VECTOR ( 'NONE', #2551, 1000.000000000000000 ) ;
#2386 = AXIS2_PLACEMENT_3D ( 'NONE', #397, #1132, #440 ) ;
#2387 = DIRECTION ( 'NONE',  ( 0.0000000000000000000, -1.000000000000000000, 0.0000000000000000000 ) ) ;
#2388 = EDGE_CURVE ( 'NONE', #1233, #3247, #2182, .T. ) ;
#2389 = CIRCLE ( 'NONE', #3874, 0.07499999999999998300 ) ;
#2390 = CARTESIAN_POINT ( 'NONE',  ( -1.840727513564935500, 1.330000000000000100, -2.335702260395512200 ) ) ;
#2391 = PLANE ( 'NONE',  #850 ) ;
#2392 = PLANE ( 'NONE',  #2336 ) ;
#2393 = EDGE_CURVE ( 'NONE', #3958, #3484, #2226, .T. ) ;
#2394 = CARTESIAN_POINT ( 'NONE',  ( 2.849999999999999600, 1.840000000000000100, -0.9250000000000001600 ) ) ;
#2395 = DIRECTION ( 'NONE',  ( -0.7071067811865489100, 0.0000000000000000000, 0.7071067811865462400 ) ) ;
#2396 = DIRECTION ( 'NONE',  ( 3.343570915707898000E-015, -0.0000000000000000000, 1.000000000000000000 ) ) ;
#2397 = VECTOR ( 'NONE', #2822, 1000.000000000000000 ) ;
#2398 = ORIENTED_EDGE ( 'NONE', *, *, #1090, .T. ) ;
#2399 = DIRECTION ( 'NONE',  ( 0.7071067811865474600, 0.0000000000000000000, -0.7071067811865474600 ) ) ;
#2400 = AXIS2_PLACEMENT_3D ( 'NONE', #1367, #3372, #2749 ) ;
#2401 = EDGE_CURVE ( 'NONE', #429, #594, #509, .T. ) ;
#2402 = VECTOR ( 'NONE', #3447, 1000.000000000000000 ) ;
#2403 = DIRECTION ( 'NONE',  ( 0.8660254037844363800, -0.0000000000000000000, 0.5000000000000040000 ) ) ;
#2404 = CARTESIAN_POINT ( 'NONE',  ( -1.450000000000000800, 0.0000000000000000000, -2.750000000000000000 ) ) ;
#2405 = DIRECTION ( 'NONE',  ( -0.7071067811865476800, 0.0000000000000000000, 0.7071067811865474600 ) ) ;
#2406 = EDGE_LOOP ( 'NONE', ( #998, #1741, #3007, #1860 ) ) ;
#2407 = EDGE_LOOP ( 'NONE', ( #1543, #1842, #1207, #3478 ) ) ;
#2408 = ORIENTED_EDGE ( 'NONE', *, *, #1963, .T. ) ;
#2409 = ORIENTED_EDGE ( 'NONE', *, *, #2652, .F. ) ;
#2410 = DIRECTION ( 'NONE',  ( 0.0000000000000000000, 1.000000000000000000, 0.0000000000000000000 ) ) ;
#2411 = CARTESIAN_POINT ( 'NONE',  ( 3.092803097029793100E-015, 1.765000000000000100, 0.9249999999999930500 ) ) ;
#2412 = ORIENTED_EDGE ( 'NONE', *, *, #645, .F. ) ;
#2413 = CARTESIAN_POINT ( 'NONE',  ( 2.474873734152915400, 0.1499999999999999400, 1.909188309203678300 ) ) ;
#2414 = ORIENTED_EDGE ( 'NONE', *, *, #2896, .T. ) ;
#2415 = VECTOR ( 'NONE', #1840, 1000.000000000000100 ) ;
#2416 = EDGE_LOOP ( 'NONE', ( #21, #1418, #2990, #3908 ) ) ;
#2417 = DIRECTION ( 'NONE',  ( 0.8660254037844367100, -0.0000000000000000000, -0.5000000000000032200 ) ) ;
#2418 = DIRECTION ( 'NONE',  ( -1.000000000000000000, 0.0000000000000000000, 2.220446049250312800E-016 ) ) ;
#2419 = LINE ( 'NONE', #130, #434 ) ;
#2420 = CARTESIAN_POINT ( 'NONE',  ( -2.400000000000000800, 2.000000000000000000, 2.400000000000000400 ) ) ;
#2421 = EDGE_CURVE ( 'NONE', #1051, #1051, #3510, .T. ) ;
#2422 = ORIENTED_EDGE ( 'NONE', *, *, #3276, .T. ) ;
#2423 = DIRECTION ( 'NONE',  ( 0.7071067811865474600, 0.0000000000000000000, -0.7071067811865474600 ) ) ;
#2424 = LINE ( 'NONE', #4267, #1226 ) ;
#2425 = CARTESIAN_POINT ( 'NONE',  ( 0.0000000000000000000, 5.946455813684773200, 0.0000000000000000000 ) ) ;
#2426 = CARTESIAN_POINT ( 'NONE',  ( 2.687005768508879700, 1.580000000000000500, 2.121320343559642400 ) ) ;
#2427 = ORIENTED_EDGE ( 'NONE', *, *, #1440, .F. ) ;
#2428 = VERTEX_POINT ( 'NONE', #1962 ) ;
#2429 = CARTESIAN_POINT ( 'NONE',  ( -2.071231517720797800, 0.1499999999999999900, -1.000000000000000000 ) ) ;
#2430 = ORIENTED_EDGE ( 'NONE', *, *, #3856, .T. ) ;
#2431 = EDGE_CURVE ( 'NONE', #4052, #310, #2597, .T. ) ;
#2432 = VECTOR ( 'NONE', #2795, 1000.000000000000000 ) ;
#2433 = EDGE_LOOP ( 'NONE', ( #382, #2672, #2160, #3999, #1984, #1954, #3573, #3273, #2808, #1635, #157, #1098, #4041, #2100 ) ) ;
#2434 = DIRECTION ( 'NONE',  ( 0.0000000000000000000, -1.000000000000000000, 0.0000000000000000000 ) ) ;
#2435 = CARTESIAN_POINT ( 'NONE',  ( 2.580939751330897800, 1.580000000000000300, 2.015254326381659100 ) ) ;
#2436 = CARTESIAN_POINT ( 'NONE',  ( 2.382842712474619000, 0.0000000000000000000, 1.817157287525381900 ) ) ;
#2437 = VERTEX_POINT ( 'NONE', #2581 ) ;
#2438 = EDGE_CURVE ( 'NONE', #1468, #2619, #3876, .T. ) ;
#2439 = CIRCLE ( 'NONE', #3636, 0.4499999999999999000 ) ;
#2440 = CARTESIAN_POINT ( 'NONE',  ( 2.720419656138813600, 1.646061695052237800, -0.8495984820858926100 ) ) ;
#2441 = LINE ( 'NONE', #3228, #2069 ) ;
#2442 = CARTESIAN_POINT ( 'NONE',  ( -1.909188309203679400, 0.2999999999999999300, -2.474873734152915000 ) ) ;
#2443 = DIRECTION ( 'NONE',  ( -0.0000000000000000000, 1.000000000000000000, 0.0000000000000000000 ) ) ;
#2444 = VECTOR ( 'NONE', #2743, 999.9999999999998900 ) ;
#2445 = DIRECTION ( 'NONE',  ( 0.0000000000000000000, 8.659560562354929200E-017, -1.000000000000000000 ) ) ;
#2446 = VECTOR ( 'NONE', #1770, 1000.000000000000000 ) ;
#2447 = ADVANCED_FACE ( 'NONE', ( #3399 ), #1553, .T. ) ;
#2448 = LINE ( 'NONE', #158, #2192 ) ;
#2449 = CARTESIAN_POINT ( 'NONE',  ( -0.8549306990581273500, 1.792917954011158600, 2.718751341631067600 ) ) ;
#2450 = ORIENTED_EDGE ( 'NONE', *, *, #319, .T. ) ;
#2451 = PLANE ( 'NONE',  #3387 ) ;
#2452 = EDGE_CURVE ( 'NONE', #3219, #4299, #2495, .T. ) ;
#2453 = FACE_OUTER_BOUND ( 'NONE', #47, .T. ) ;
#2454 = DIRECTION ( 'NONE',  ( 1.000000000000000000, 0.0000000000000000000, -1.032573497605242200E-016 ) ) ;
#2455 = DIRECTION ( 'NONE',  ( -0.8660254037844376000, -0.0000000000000000000, 0.5000000000000020000 ) ) ;
#2456 = ORIENTED_EDGE ( 'NONE', *, *, #4327, .T. ) ;
#2457 = ORIENTED_EDGE ( 'NONE', *, *, #1169, .T. ) ;
#2458 = AXIS2_PLACEMENT_3D ( 'NONE', #2205, #885, #923 ) ;
#2459 = EDGE_CURVE ( 'NONE', #748, #4203, #4186, .T. ) ;
#2460 = CARTESIAN_POINT ( 'NONE',  ( -2.687005768508881100, 0.2999999999999999300, -2.121320343559641100 ) ) ;
#2461 = CARTESIAN_POINT ( 'NONE',  ( -2.850000000000000100, 0.1499999999999999900, -1.350000000000000500 ) ) ;
#2462 = ORIENTED_EDGE ( 'NONE', *, *, #29, .F. ) ;
#2463 = CARTESIAN_POINT ( 'NONE',  ( 0.8500000000000030900, 1.765000000000000100, -2.720294101747085900 ) ) ;
#2464 = ORIENTED_EDGE ( 'NONE', *, *, #2171, .T. ) ;
#2465 = PLANE ( 'NONE',  #4009 ) ;
#2466 = CIRCLE ( 'NONE', #359, 2.850000000000000500 ) ;
#2467 = CARTESIAN_POINT ( 'NONE',  ( -2.720294101747095600, 1.650540437503439800, 0.8500000000000208500 ) ) ;
#2468 = ORIENTED_EDGE ( 'NONE', *, *, #2401, .T. ) ;
#2469 = ORIENTED_EDGE ( 'NONE', *, *, #4234, .T. ) ;
#2470 = CARTESIAN_POINT ( 'NONE',  ( -1.909188309203679400, 0.1499999999999999400, -2.474873734152915000 ) ) ;
#2471 = CARTESIAN_POINT ( 'NONE',  ( -2.477123616632823200, 1.330000000000000100, -1.699306157327624700 ) ) ;
#2472 = ORIENTED_EDGE ( 'NONE', *, *, #302, .T. ) ;
#2473 = VECTOR ( 'NONE', #2544, 1000.000000000000000 ) ;
#2474 = ORIENTED_EDGE ( 'NONE', *, *, #3679, .F. ) ;
#2475 = CARTESIAN_POINT ( 'NONE',  ( 2.850000000000001400, 0.0000000000000000000, -1.000000000000000700 ) ) ;
#2476 = ADVANCED_FACE ( 'NONE', ( #4286 ), #1238, .T. ) ;
#2477 = ORIENTED_EDGE ( 'NONE', *, *, #2810, .F. ) ;
#2478 = LINE ( 'NONE', #2566, #2908 ) ;
#2479 = CARTESIAN_POINT ( 'NONE',  ( 0.8171919656622233000, 1.592993242033162500, -2.730329154379945500 ) ) ;
#2480 = FACE_OUTER_BOUND ( 'NONE', #2212, .T. ) ;
#2481 = CARTESIAN_POINT ( 'NONE',  ( 0.8522849427423951900, 1.785071554757574200, -2.719579423690933900 ) ) ;
#2482 = AXIS2_PLACEMENT_3D ( 'NONE', #517, #2870, #4221 ) ;
#2483 = LINE ( 'NONE', #670, #3803 ) ;
#2484 = PLANE ( 'NONE',  #4157 ) ;
#2485 = EDGE_CURVE ( 'NONE', #411, #1522, #607, .T. ) ;
#2486 = DIRECTION ( 'NONE',  ( 0.5000000000000038900, 0.0000000000000000000, 0.8660254037844363800 ) ) ;
#2487 = DIRECTION ( 'NONE',  ( -0.9205746178983229600, -0.3905667329424725700, 0.0000000000000000000 ) ) ;
#2488 = CARTESIAN_POINT ( 'NONE',  ( -2.750000000000000400, 5.946455813684773200, 1.000000000000000900 ) ) ;
#2489 = ORIENTED_EDGE ( 'NONE', *, *, #2837, .T. ) ;
#2490 = CARTESIAN_POINT ( 'NONE',  ( -2.288561808316410800, 1.530000000000000000, -1.793587061485831400 ) ) ;
#2491 = VECTOR ( 'NONE', #52, 1000.000000000000000 ) ;
#2492 = AXIS2_PLACEMENT_3D ( 'NONE', #1596, #2918, #3934 ) ;
#2493 = AXIS2_PLACEMENT_3D ( 'NONE', #1174, #3123, #787 ) ;
#2494 = DIRECTION ( 'NONE',  ( -0.0000000000000000000, -1.000000000000000000, -0.0000000000000000000 ) ) ;
#2495 = LINE ( 'NONE', #2901, #1697 ) ;
#2496 = CARTESIAN_POINT ( 'NONE',  ( -2.850000000000000500, 0.0000000000000000000, -1.350000000000000100 ) ) ;
#2497 = ADVANCED_FACE ( 'NONE', ( #1500 ), #3594, .F. ) ;
#2498 = CARTESIAN_POINT ( 'NONE',  ( -0.8499999999999992000, 1.765000000000000100, 2.720294101747087200 ) ) ;
#2499 = LINE ( 'NONE', #1291, #2601 ) ;
#2500 = PLANE ( 'NONE',  #2687 ) ;
#2501 = CARTESIAN_POINT ( 'NONE',  ( -0.9089753139950523800, 1.838629560456910100, 2.660382095923104400 ) ) ;
#2502 = EDGE_CURVE ( 'NONE', #2625, #1609, #3129, .T. ) ;
#2503 = CARTESIAN_POINT ( 'NONE',  ( 0.9250000000000031500, 1.840000000000000100, -2.849999999999996500 ) ) ;
#2504 = CARTESIAN_POINT ( 'NONE',  ( 2.071231517720798700, 0.0000000000000000000, -1.000000000000000400 ) ) ;
#2505 = EDGE_CURVE ( 'NONE', #378, #2900, #1387, .T. ) ;
#2506 = VECTOR ( 'NONE', #2189, 1000.000000000000000 ) ;
#2507 = DIRECTION ( 'NONE',  ( 0.0000000000000000000, 1.000000000000000000, 0.0000000000000000000 ) ) ;
#2508 = VERTEX_POINT ( 'NONE', #2608 ) ;
#2509 = SHAPE_DEFINITION_REPRESENTATION ( #2813, #331 ) ;
#2510 = CARTESIAN_POINT ( 'NONE',  ( 3.027776695296640500, 1.490000000000000000, 2.674223304703363400 ) ) ;
#2511 = DIRECTION ( 'NONE',  ( 0.0000000000000000000, 0.0000000000000000000, 1.000000000000000000 ) ) ;
#2512 = VECTOR ( 'NONE', #88, 999.9999999999998900 ) ;
#2513 = ORIENTED_EDGE ( 'NONE', *, *, #267, .F. ) ;
#2514 = CARTESIAN_POINT ( 'NONE',  ( 2.227386360737623900, 1.430000000000000200, 2.580939751330898700 ) ) ;
#2515 = EDGE_CURVE ( 'NONE', #550, #87, #602, .T. ) ;
#2516 = VERTEX_POINT ( 'NONE', #3347 ) ;
#2517 = ORIENTED_EDGE ( 'NONE', *, *, #1247, .T. ) ;
#2518 = DIRECTION ( 'NONE',  ( 0.0000000000000000000, 0.0000000000000000000, -1.000000000000000000 ) ) ;
#2519 = ADVANCED_FACE ( 'NONE', ( #3188 ), #3650, .T. ) ;
#2520 = ORIENTED_EDGE ( 'NONE', *, *, #863, .T. ) ;
#2521 = AXIS2_PLACEMENT_3D ( 'NONE', #1019, #4066, #2240 ) ;
#2522 = EDGE_CURVE ( 'NONE', #1612, #2045, #711, .T. ) ;
#2523 = PLANE ( 'NONE',  #403 ) ;
#2524 = FACE_OUTER_BOUND ( 'NONE', #2736, .T. ) ;
#2525 = VERTEX_POINT ( 'NONE', #309 ) ;
#2526 = DIRECTION ( 'NONE',  ( 0.0000000000000000000, -0.0000000000000000000, 1.000000000000000000 ) ) ;
#2527 = CARTESIAN_POINT ( 'NONE',  ( 2.399999999999999900, 1.840000000000000100, -2.400000000000000400 ) ) ;
#2528 = VECTOR ( 'NONE', #747, 999.9999999999998900 ) ;
#2529 = DIRECTION ( 'NONE',  ( 0.0000000000000000000, 1.000000000000000000, 0.0000000000000000000 ) ) ;
#2530 = ORIENTED_EDGE ( 'NONE', *, *, #873, .F. ) ;
#2531 = FACE_OUTER_BOUND ( 'NONE', #1518, .T. ) ;
#2532 = DIRECTION ( 'NONE',  ( 1.000000000000000000, 0.0000000000000000000, 0.0000000000000000000 ) ) ;
#2533 = MANIFOLD_SOLID_BREP ( 'Combine4', #4107 ) ;
#2534 = EDGE_LOOP ( 'NONE', ( #2567, #4153, #28, #2250 ) ) ;
#2535 = ORIENTED_EDGE ( 'NONE', *, *, #3885, .T. ) ;
#2536 = DIRECTION ( 'NONE',  ( 0.7071067811865474600, -1.224646799147352700E-016, 0.7071067811865474600 ) ) ;
#2537 = DIRECTION ( 'NONE',  ( -0.8660254037844384900, 0.0000000000000000000, -0.5000000000000002200 ) ) ;
#2538 = ADVANCED_FACE ( 'NONE', ( #1026 ), #2991, .T. ) ;
#2539 = LINE ( 'NONE', #2104, #3809 ) ;
#2540 = DIRECTION ( 'NONE',  ( -0.7071067811865472400, 0.0000000000000000000, 0.7071067811865479100 ) ) ;
#2541 = EDGE_LOOP ( 'NONE', ( #276, #3157, #4164, #9 ) ) ;
#2542 = CARTESIAN_POINT ( 'NONE',  ( -2.580939751330899100, 1.700000000000000000, -2.015254326381659100 ) ) ;
#2543 = ORIENTED_EDGE ( 'NONE', *, *, #3929, .T. ) ;
#2544 = DIRECTION ( 'NONE',  ( -0.7071067811865474600, 0.0000000000000000000, -0.7071067811865476800 ) ) ;
#2545 = VECTOR ( 'NONE', #4211, 1000.000000000000000 ) ;
#2546 = CARTESIAN_POINT ( 'NONE',  ( 2.850000000000000500, 0.1499999999999999900, 1.000000000000000000 ) ) ;
#2547 = AXIS2_PLACEMENT_3D ( 'NONE', #3725, #1702, #390 ) ;
#2548 = EDGE_CURVE ( 'NONE', #1833, #1118, #2920, .T. ) ;
#2549 = CARTESIAN_POINT ( 'NONE',  ( 0.0000000000000000000, 1.840000000000000100, 0.0000000000000000000 ) ) ;
#2550 = VECTOR ( 'NONE', #3398, 1000.000000000000000 ) ;
#2551 = DIRECTION ( 'NONE',  ( 0.0000000000000000000, 1.000000000000000000, 0.0000000000000000000 ) ) ;
#2552 = VECTOR ( 'NONE', #151, 999.9999999999998900 ) ;
#2553 = CARTESIAN_POINT ( 'NONE',  ( -2.717570627836718000, 1.800000000000001600, 0.8586675041709339600 ) ) ;
#2554 = DIRECTION ( 'NONE',  ( 0.0000000000000000000, 1.000000000000000000, 0.0000000000000000000 ) ) ;
#2555 = VECTOR ( 'NONE', #1088, 1000.000000000000000 ) ;
#2556 = VERTEX_POINT ( 'NONE', #663 ) ;
#2557 = CARTESIAN_POINT ( 'NONE',  ( 2.750000000000000400, 0.0000000000000000000, -1.000000000000000900 ) ) ;
#2558 = ADVANCED_FACE ( 'NONE', ( #2178 ), #1337, .T. ) ;
#2559 = VECTOR ( 'NONE', #1556, 1000.000000000000100 ) ;
#2560 = AXIS2_PLACEMENT_3D ( 'NONE', #3047, #2318, #3738 ) ;
#2561 = EDGE_CURVE ( 'NONE', #1659, #1886, #1237, .T. ) ;
#2562 = LINE ( 'NONE', #1295, #2933 ) ;
#2563 = VERTEX_POINT ( 'NONE', #3292 ) ;
#2564 = DIRECTION ( 'NONE',  ( 0.7071067811865474600, -0.0000000000000000000, 0.7071067811865476800 ) ) ;
#2565 = EDGE_LOOP ( 'NONE', ( #1171, #1264, #306, #3371, #3700, #1545, #3487, #3670, #1109, #1921, #4006, #913, #3144, #954, #2785, #2145, #2620, #545 ) ) ;
#2566 = CARTESIAN_POINT ( 'NONE',  ( 2.850000000000000500, 0.1499999999999999900, 1.000000000000000000 ) ) ;
#2567 = ORIENTED_EDGE ( 'NONE', *, *, #1946, .F. ) ;
#2568 = ORIENTED_EDGE ( 'NONE', *, *, #3913, .F. ) ;
#2569 = CARTESIAN_POINT ( 'NONE',  ( -2.687005768508881100, 1.580000000000000100, -2.121320343559641500 ) ) ;
#2570 = AXIS2_PLACEMENT_3D ( 'NONE', #510, #4194, #3154 ) ;
#2571 = LINE ( 'NONE', #3649, #1774 ) ;
#2572 = VERTEX_POINT ( 'NONE', #4344 ) ;
#2573 = ORIENTED_EDGE ( 'NONE', *, *, #2896, .F. ) ;
#2574 = ORIENTED_EDGE ( 'NONE', *, *, #1982, .F. ) ;
#2575 = VECTOR ( 'NONE', #3560, 1000.000000000000000 ) ;
#2576 = EDGE_LOOP ( 'NONE', ( #3841, #764, #2643, #4131 ) ) ;
#2577 = PRODUCT_DEFINITION_FORMATION_WITH_SPECIFIED_SOURCE ( 'ANY', '', #3285, .NOT_KNOWN. ) ;
#2578 = EDGE_CURVE ( 'NONE', #2912, #185, #3068, .T. ) ;
#2579 = CARTESIAN_POINT ( 'NONE',  ( -2.474873734152917200, -1.593896411677231600E-017, -1.909188309203676800 ) ) ;
#2580 = ORIENTED_EDGE ( 'NONE', *, *, #29, .T. ) ;
#2581 = CARTESIAN_POINT ( 'NONE',  ( 2.071231517720797800, 0.0000000000000000000, 1.000000000000000000 ) ) ;
#2582 = ADVANCED_FACE ( 'NONE', ( #3870 ), #3703, .T. ) ;
#2583 = CARTESIAN_POINT ( 'NONE',  ( -2.749999999999999600, 5.946455813684773200, -1.450000000000001300 ) ) ;
#2584 = ORIENTED_EDGE ( 'NONE', *, *, #755, .F. ) ;
#2585 = LINE ( 'NONE', #3327, #1896 ) ;
#2586 = CARTESIAN_POINT ( 'NONE',  ( 2.850000000000001400, 0.1499999999999999900, -1.000000000000000700 ) ) ;
#2587 = PLANE ( 'NONE',  #446 ) ;
#2588 = ORIENTED_EDGE ( 'NONE', *, *, #1501, .T. ) ;
#2589 = CARTESIAN_POINT ( 'NONE',  ( 2.400000000000002600, 1.765000000000000100, -0.9249999999999993800 ) ) ;
#2590 = AXIS2_PLACEMENT_3D ( 'NONE', #1496, #2172, #515 ) ;
#2591 = DIRECTION ( 'NONE',  ( -1.000000000000000000, 0.0000000000000000000, 6.389231090076064400E-016 ) ) ;
#2592 = ORIENTED_EDGE ( 'NONE', *, *, #2343, .T. ) ;
#2593 = EDGE_CURVE ( 'NONE', #816, #2199, #3395, .T. ) ;
#2594 = VECTOR ( 'NONE', #724, 1000.000000000000000 ) ;
#2595 = DIRECTION ( 'NONE',  ( -1.000000000000000000, 0.0000000000000000000, 6.389231090076064400E-016 ) ) ;
#2596 = DIRECTION ( 'NONE',  ( -0.0000000000000000000, -1.000000000000000000, -0.0000000000000000000 ) ) ;
#2597 = LINE ( 'NONE', #604, #399 ) ;
#2598 = EDGE_CURVE ( 'NONE', #261, #3247, #3605, .T. ) ;
#2599 = CARTESIAN_POINT ( 'NONE',  ( -2.580939751330899100, 0.2999999999999999300, -2.015254326381659100 ) ) ;
#2600 = DIRECTION ( 'NONE',  ( -0.7071067811865479100, -1.224646799147352200E-016, -0.7071067811865472400 ) ) ;
#2601 = VECTOR ( 'NONE', #2989, 1000.000000000000000 ) ;
#2602 = CARTESIAN_POINT ( 'NONE',  ( 0.8500000000000030900, 1.840000000000000100, -2.849999999999996500 ) ) ;
#2603 = ADVANCED_FACE ( 'NONE', ( #3749 ), #4002, .F. ) ;
#2604 = AXIS2_PLACEMENT_3D ( 'NONE', #2271, #330, #609 ) ;
#2605 = EDGE_CURVE ( 'NONE', #578, #578, #2866, .T. ) ;
#2606 = LINE ( 'NONE', #4232, #406 ) ;
#2607 = ORIENTED_EDGE ( 'NONE', *, *, #2910, .F. ) ;
#2608 = CARTESIAN_POINT ( 'NONE',  ( 2.653389341954927300, 1.840000000000000100, -0.9250000000000000400 ) ) ;
#2609 =( BOUNDED_CURVE ( )  B_SPLINE_CURVE ( 3, ( #1964, #3972, #613, #1951, #1938, #649, #3329 ),
 .UNSPECIFIED., .T., .F. ) 
 B_SPLINE_CURVE_WITH_KNOTS ( ( 4, 3, 4 ),
 ( 7.115076756936120900E-016, 3.141592653589794000, 6.283185307179587100 ),
 .UNSPECIFIED. ) 
 CURVE ( )  GEOMETRIC_REPRESENTATION_ITEM ( )  RATIONAL_B_SPLINE_CURVE ( ( 1.000000000000000000, 0.3333333333333333700, 0.3333333333333333700, 1.000000000000000000, 0.3333333333333333700, 0.3333333333333333700, 1.000000000000000000 ) ) 
 REPRESENTATION_ITEM ( '' )  );
#2610 = DIRECTION ( 'NONE',  ( 0.0000000000000000000, 0.0000000000000000000, 1.000000000000000000 ) ) ;
#2611 = LINE ( 'NONE', #3902, #3769 ) ;
#2612 = AXIS2_PLACEMENT_3D ( 'NONE', #3534, #2893, #1536 ) ;
#2613 = ORIENTED_EDGE ( 'NONE', *, *, #493, .F. ) ;
#2614 = PLANE ( 'NONE',  #3756 ) ;
#2615 = CARTESIAN_POINT ( 'NONE',  ( -1.632667453115285800, 0.1499999999999999700, -1.439615242270661200 ) ) ;
#2616 = LINE ( 'NONE', #2966, #1712 ) ;
#2617 = ORIENTED_EDGE ( 'NONE', *, *, #1843, .T. ) ;
#2618 = CARTESIAN_POINT ( 'NONE',  ( -1.932667453115288300, 0.0000000000000000000, 0.9199999999999996000 ) ) ;
#2619 = VERTEX_POINT ( 'NONE', #4063 ) ;
#2620 = ORIENTED_EDGE ( 'NONE', *, *, #4192, .T. ) ;
#2621 = EDGE_CURVE ( 'NONE', #2563, #3322, #1952, .T. ) ;
#2622 = ORIENTED_EDGE ( 'NONE', *, *, #1176, .T. ) ;
#2623 = DIRECTION ( 'NONE',  ( -0.7071067811865472400, 0.0000000000000000000, 0.7071067811865479100 ) ) ;
#2624 = ADVANCED_FACE ( 'NONE', ( #4181, #1859 ), #503, .T. ) ;
#2625 = VERTEX_POINT ( 'NONE', #2028 ) ;
#2626 = LINE ( 'NONE', #4216, #2415 ) ;
#2627 = ORIENTED_EDGE ( 'NONE', *, *, #2744, .T. ) ;
#2628 = AXIS2_PLACEMENT_3D ( 'NONE', #2729, #710, #400 ) ;
#2629 = CARTESIAN_POINT ( 'NONE',  ( 1.909188309203677400, 0.2999999999999999300, 2.474873734152916300 ) ) ;
#2630 = EDGE_CURVE ( 'NONE', #1414, #1068, #3554, .T. ) ;
#2631 = LINE ( 'NONE', #3452, #2789 ) ;
#2632 = DIRECTION ( 'NONE',  ( -0.7071067811865493500, 0.0000000000000000000, -0.7071067811865459100 ) ) ;
#2633 = DIRECTION ( 'NONE',  ( 0.0000000000000000000, 0.0000000000000000000, 1.000000000000000000 ) ) ;
#2634 = ORIENTED_EDGE ( 'NONE', *, *, #349, .T. ) ;
#2635 = VECTOR ( 'NONE', #98, 1000.000000000000000 ) ;
#2636 = CARTESIAN_POINT ( 'NONE',  ( 2.071231517720797800, 0.0000000000000000000, 1.000000000000000000 ) ) ;
#2637 = DIRECTION ( 'NONE',  ( 0.7071067811865476800, 0.0000000000000000000, 0.7071067811865472400 ) ) ;
#2638 = ORIENTED_EDGE ( 'NONE', *, *, #83, .T. ) ;
#2639 = CARTESIAN_POINT ( 'NONE',  ( -1.699306157327626200, 1.329999999999998700, -2.477123616632821900 ) ) ;
#2640 = DIRECTION ( 'NONE',  ( 0.7071067811865474600, -0.0000000000000000000, 0.7071067811865475700 ) ) ;
#2641 = FACE_OUTER_BOUND ( 'NONE', #3911, .T. ) ;
#2642 = CARTESIAN_POINT ( 'NONE',  ( -2.849999999999999600, 0.1499999999999999900, 2.400000000000000400 ) ) ;
#2643 = ORIENTED_EDGE ( 'NONE', *, *, #1247, .F. ) ;
#2644 = EDGE_LOOP ( 'NONE', ( #1991, #3689, #67, #2115 ) ) ;
#2645 = ADVANCED_FACE ( 'NONE', ( #971 ), #3414, .F. ) ;
#2646 = LINE ( 'NONE', #823, #827 ) ;
#2647 = CARTESIAN_POINT ( 'NONE',  ( 2.071231517720797800, 0.1499999999999999900, 1.000000000000000000 ) ) ;
#2648 = EDGE_CURVE ( 'NONE', #218, #3847, #4328, .T. ) ;
#2649 = CARTESIAN_POINT ( 'NONE',  ( -2.298097038856278000, 1.430000000000000200, -2.651650429449549300 ) ) ;
#2650 = CARTESIAN_POINT ( 'NONE',  ( 2.474873734152915400, 0.1499999999999999400, 1.909188309203678300 ) ) ;
#2651 = VECTOR ( 'NONE', #1880, 1000.000000000000000 ) ;
#2652 = EDGE_CURVE ( 'NONE', #4052, #1338, #824, .T. ) ;
#2653 = FACE_OUTER_BOUND ( 'NONE', #1407, .T. ) ;
#2654 = DIRECTION ( 'NONE',  ( 6.389231090076064400E-016, 0.0000000000000000000, 1.000000000000000000 ) ) ;
#2655 = B_SPLINE_CURVE_WITH_KNOTS ( 'NONE', 3,
 ( #325, #3024, #2974, #2279, #1015, #1282, #615, #3303, #972, #3317, #1628, #2058, #387, #4084, #66, #2727 ),
 .UNSPECIFIED., .F., .F.,
 ( 4, 3, 3, 3, 3, 4 ),
 ( 0.0000000000000000000, 2.435617880703548100E-005, 4.868002964627926200E-005, 7.350375944468407800E-005, 9.939978667952133100E-005, 0.0001196790795520094300 ),
 .UNSPECIFIED. ) ;
#2656 = VECTOR ( 'NONE', #3108, 1000.000000000000000 ) ;
#2657 = EDGE_CURVE ( 'NONE', #1827, #654, #3815, .T. ) ;
#2658 = CIRCLE ( 'NONE', #3017, 0.1000000000000001400 ) ;
#2659 = DIRECTION ( 'NONE',  ( -0.7071067811865489100, -0.0000000000000000000, 0.7071067811865464600 ) ) ;
#2660 = ORIENTED_EDGE ( 'NONE', *, *, #1684, .F. ) ;
#2661 = DIRECTION ( 'NONE',  ( 0.0000000000000000000, 1.000000000000000000, 0.0000000000000000000 ) ) ;
#2662 = ORIENTED_EDGE ( 'NONE', *, *, #2207, .F. ) ;
#2663 = UNCERTAINTY_MEASURE_WITH_UNIT (LENGTH_MEASURE( 1.000000000000000100E-005 ), #1949, 'distance_accuracy_value', 'NONE');
#2664 = VECTOR ( 'NONE', #232, 1000.000000000000000 ) ;
#2665 = CARTESIAN_POINT ( 'NONE',  ( 2.227386360737623900, 1.430000000000000200, 2.580939751330898700 ) ) ;
#2666 = ADVANCED_FACE ( 'NONE', ( #2641 ), #1074, .F. ) ;
#2667 = EDGE_LOOP ( 'NONE', ( #1937, #1284, #4254, #3503 ) ) ;
#2668 = LINE ( 'NONE', #640, #1048 ) ;
#2669 = ORIENTED_EDGE ( 'NONE', *, *, #2288, .T. ) ;
#2670 = DIRECTION ( 'NONE',  ( 0.7071067811865474600, -0.0000000000000000000, 0.7071067811865475700 ) ) ;
#2671 = DIRECTION ( 'NONE',  ( -0.0000000000000000000, -1.000000000000000000, -0.0000000000000000000 ) ) ;
#2672 = ORIENTED_EDGE ( 'NONE', *, *, #1850, .F. ) ;
#2673 = EDGE_CURVE ( 'NONE', #632, #4271, #1135, .T. ) ;
#2674 = ORIENTED_EDGE ( 'NONE', *, *, #637, .F. ) ;
#2675 = ORIENTED_EDGE ( 'NONE', *, *, #2971, .F. ) ;
#2676 = DIRECTION ( 'NONE',  ( 0.7071067811865479100, 0.0000000000000000000, 0.7071067811865472400 ) ) ;
#2677 = ORIENTED_EDGE ( 'NONE', *, *, #3146, .F. ) ;
#2678 = DIRECTION ( 'NONE',  ( 0.0000000000000000000, 1.000000000000000000, 0.0000000000000000000 ) ) ;
#2679 = EDGE_CURVE ( 'NONE', #218, #3850, #242, .T. ) ;
#2680 = CYLINDRICAL_SURFACE ( 'NONE', #2458, 0.1000000000000001400 ) ;
#2681 = ORIENTED_EDGE ( 'NONE', *, *, #1383, .T. ) ;
#2682 =( LENGTH_UNIT ( ) NAMED_UNIT ( * ) SI_UNIT ( .MILLI., .METRE. ) );
#2683 = ORIENTED_EDGE ( 'NONE', *, *, #628, .T. ) ;
#2684 = VECTOR ( 'NONE', #1267, 1000.000000000000000 ) ;
#2685 = CARTESIAN_POINT ( 'NONE',  ( -2.580939751330899600, 1.370000000000000100, -2.227386360737623400 ) ) ;
#2686 = DIRECTION ( 'NONE',  ( -0.7071067811865472400, 0.0000000000000000000, 0.7071067811865479100 ) ) ;
#2687 = AXIS2_PLACEMENT_3D ( 'NONE', #2488, #1190, #826 ) ;
#2688 = EDGE_CURVE ( 'NONE', #2556, #2619, #2272, .T. ) ;
#2689 = VERTEX_POINT ( 'NONE', #4045 ) ;
#2690 = VECTOR ( 'NONE', #1352, 1000.000000000000000 ) ;
#2691 = ORIENTED_EDGE ( 'NONE', *, *, #461, .F. ) ;
#2692 = DIRECTION ( 'NONE',  ( 0.8660254037844366000, -0.0000000000000000000, 0.5000000000000036600 ) ) ;
#2693 = PLANE ( 'NONE',  #1650 ) ;
#2694 = CARTESIAN_POINT ( 'NONE',  ( -1.632667453115285800, 0.1499999999999999900, -1.439615242270661200 ) ) ;
#2695 = EDGE_CURVE ( 'NONE', #4210, #1662, #1800, .T. ) ;
#2696 = FACE_OUTER_BOUND ( 'NONE', #2576, .T. ) ;
#2697 = DIRECTION ( 'NONE',  ( 0.5000000000000035500, 0.0000000000000000000, -0.8660254037844366000 ) ) ;
#2698 = ORIENTED_EDGE ( 'NONE', *, *, #3480, .T. ) ;
#2699 = CARTESIAN_POINT ( 'NONE',  ( 0.0000000000000000000, 1.800000000000001600, 0.0000000000000000000 ) ) ;
#2700 = ORIENTED_EDGE ( 'NONE', *, *, #3272, .T. ) ;
#2701 = CARTESIAN_POINT ( 'NONE',  ( -2.121320343559643700, 1.280000000000000000, -2.687005768508879300 ) ) ;
#2702 = DIRECTION ( 'NONE',  ( 0.0000000000000000000, 0.0000000000000000000, 1.000000000000000000 ) ) ;
#2703 = CARTESIAN_POINT ( 'NONE',  ( -2.015254326381661800, 1.280000000000000200, -2.580939751330898300 ) ) ;
#2704 = VECTOR ( 'NONE', #568, 999.9999999999998900 ) ;
#2705 = CARTESIAN_POINT ( 'NONE',  ( -2.400000000000000800, 0.1500000000000008300, 2.850000000000000100 ) ) ;
#2706 = CARTESIAN_POINT ( 'NONE',  ( 0.0000000000000000000, 0.0000000000000000000, 0.0000000000000000000 ) ) ;
#2707 = EDGE_CURVE ( 'NONE', #1612, #1317, #2119, .T. ) ;
#2708 = LINE ( 'NONE', #353, #1552 ) ;
#2709 = DIRECTION ( 'NONE',  ( 0.8660254037844404800, 0.0000000000000000000, -0.4999999999999967800 ) ) ;
#2710 = CARTESIAN_POINT ( 'NONE',  ( 2.687005768508879700, 0.2999999999999999300, 2.121320343559642400 ) ) ;
#2711 = DIRECTION ( 'NONE',  ( 0.0000000000000000000, 1.000000000000000000, 0.0000000000000000000 ) ) ;
#2712 = AXIS2_PLACEMENT_3D ( 'NONE', #3578, #3917, #241 ) ;
#2713 = AXIS2_PLACEMENT_3D ( 'NONE', #2527, #4236, #2511 ) ;
#2714 = LINE ( 'NONE', #3183, #1396 ) ;
#2715 = ORIENTED_EDGE ( 'NONE', *, *, #669, .F. ) ;
#2716 =( LENGTH_UNIT ( ) NAMED_UNIT ( * ) SI_UNIT ( .MILLI., .METRE. ) );
#2717 = CARTESIAN_POINT ( 'NONE',  ( -1.632667453115285800, 5.946455813684773200, 1.439615242270661400 ) ) ;
#2718 = LINE ( 'NONE', #1211, #1653 ) ;
#2719 = CARTESIAN_POINT ( 'NONE',  ( 0.8700587930172858400, 1.817222260748729600, -2.695877481492734900 ) ) ;
#2720 = ORIENTED_EDGE ( 'NONE', *, *, #952, .T. ) ;
#2721 =( BOUNDED_CURVE ( )  B_SPLINE_CURVE ( 3, ( #2002, #3978, #977, #298, #3308, #2639, #2390 ),
 .UNSPECIFIED., .T., .F. ) 
 B_SPLINE_CURVE_WITH_KNOTS ( ( 4, 3, 4 ),
 ( -8.881784197001252300E-016, 3.141592653589792200, 6.283185307179585300 ),
 .UNSPECIFIED. ) 
 CURVE ( )  GEOMETRIC_REPRESENTATION_ITEM ( )  RATIONAL_B_SPLINE_CURVE ( ( 1.000000000000000000, 0.3333333333333333700, 0.3333333333333333700, 1.000000000000000000, 0.3333333333333333700, 0.3333333333333333700, 1.000000000000000000 ) ) 
 REPRESENTATION_ITEM ( '' )  );
#2722 = DIRECTION ( 'NONE',  ( 1.000000000000000000, -0.0000000000000000000, 5.015356373561846800E-015 ) ) ;
#2723 = ORIENTED_EDGE ( 'NONE', *, *, #3617, .F. ) ;
#2724 = VECTOR ( 'NONE', #4347, 1000.000000000000000 ) ;
#2725 = ORIENTED_EDGE ( 'NONE', *, *, #361, .F. ) ;
#2726 = ORIENTED_EDGE ( 'NONE', *, *, #1495, .T. ) ;
#2727 = CARTESIAN_POINT ( 'NONE',  ( -0.7749999999999990200, 1.580000000000000100, 2.742603689926781400 ) ) ;
#2728 = ORIENTED_EDGE ( 'NONE', *, *, #2015, .F. ) ;
#2729 = CARTESIAN_POINT ( 'NONE',  ( -3.133842712474620700, 1.580000000000000100, -2.568157287525382900 ) ) ;
#2730 = ORIENTED_EDGE ( 'NONE', *, *, #3655, .F. ) ;
#2731 = ORIENTED_EDGE ( 'NONE', *, *, #4072, .T. ) ;
#2732 = CARTESIAN_POINT ( 'NONE',  ( 0.9250000000000031500, 1.765000000000000100, -2.850000000000000100 ) ) ;
#2733 = ORIENTED_EDGE ( 'NONE', *, *, #1035, .T. ) ;
#2734 = AXIS2_PLACEMENT_3D ( 'NONE', #2413, #708, #408 ) ;
#2735 = EDGE_CURVE ( 'NONE', #3322, #1185, #34, .T. ) ;
#2736 = EDGE_LOOP ( 'NONE', ( #3948, #1370, #807, #659, #4209, #745, #2087, #3361, #3048, #463, #727, #2046 ) ) ;
#2737 = LINE ( 'NONE', #2863, #4313 ) ;
#2738 = DIRECTION ( 'NONE',  ( 0.0000000000000000000, 0.0000000000000000000, 1.000000000000000000 ) ) ;
#2739 = ORIENTED_EDGE ( 'NONE', *, *, #1963, .F. ) ;
#2740 = ORIENTED_EDGE ( 'NONE', *, *, #3384, .T. ) ;
#2741 = CARTESIAN_POINT ( 'NONE',  ( -2.651650429449550600, 1.430000000000000200, -2.156675682618970600 ) ) ;
#2742 = FACE_OUTER_BOUND ( 'NONE', #3668, .T. ) ;
#2743 = DIRECTION ( 'NONE',  ( -0.6063390625908318100, 0.5144957554275276800, 0.6063390625908321500 ) ) ;
#2744 = EDGE_CURVE ( 'NONE', #4046, #1225, #1435, .T. ) ;
#2745 = ORIENTED_EDGE ( 'NONE', *, *, #2360, .F. ) ;
#2746 = LINE ( 'NONE', #2339, #3593 ) ;
#2747 = CARTESIAN_POINT ( 'NONE',  ( -2.580939751330898300, 1.579999999999999800, -2.015254326381659100 ) ) ;
#2748 = DIRECTION ( 'NONE',  ( -0.8660254037844363800, 0.0000000000000000000, -0.5000000000000040000 ) ) ;
#2749 = DIRECTION ( 'NONE',  ( 1.000000000000000000, 0.0000000000000000000, 2.220446049250312800E-016 ) ) ;
#2750 = ORIENTED_EDGE ( 'NONE', *, *, #3821, .F. ) ;
#2751 = EDGE_CURVE ( 'NONE', #4154, #2839, #445, .T. ) ;
#2752 = CARTESIAN_POINT ( 'NONE',  ( -2.750000000000000400, 0.1499999999999999700, 2.750000000000000400 ) ) ;
#2753 =( NAMED_UNIT ( * ) PLANE_ANGLE_UNIT ( ) SI_UNIT ( $, .RADIAN. ) );
#2754 = DIRECTION ( 'NONE',  ( 0.0000000000000000000, -1.000000000000000000, 0.0000000000000000000 ) ) ;
#2755 = VERTEX_POINT ( 'NONE', #3389 ) ;
#2756 = PLANE ( 'NONE',  #2386 ) ;
#2757 = ORIENTED_EDGE ( 'NONE', *, *, #4100, .F. ) ;
#2758 = DIRECTION ( 'NONE',  ( 0.7071067811865474600, -0.0000000000000000000, 0.7071067811865475700 ) ) ;
#2759 = VECTOR ( 'NONE', #3526, 1000.000000000000000 ) ;
#2760 = CARTESIAN_POINT ( 'NONE',  ( 1.932667453115288100, 5.946455813684773200, 0.9199999999999993700 ) ) ;
#2761 = CYLINDRICAL_SURFACE ( 'NONE', #3509, 0.09999999999999997800 ) ;
#2762 = CARTESIAN_POINT ( 'NONE',  ( -8.073392929148369500E-016, 1.580000000000000100, -2.850000000000000500 ) ) ;
#2763 = DIRECTION ( 'NONE',  ( 0.0000000000000000000, 0.0000000000000000000, 1.000000000000000000 ) ) ;
#2764 = CARTESIAN_POINT ( 'NONE',  ( 1.632667453115285800, 0.1499999999999999700, -1.439615242270661400 ) ) ;
#2765 = PLANE ( 'NONE',  #3253 ) ;
#2766 = DIRECTION ( 'NONE',  ( 0.5000000000000020000, 0.0000000000000000000, 0.8660254037844376000 ) ) ;
#2767 = APPLICATION_PROTOCOL_DEFINITION ( 'draft international standard', 'automotive_design', 1998, #35 ) ;
#2768 = CARTESIAN_POINT ( 'NONE',  ( 2.687005768508879700, 0.2999999999999999300, 2.121320343559642400 ) ) ;
#2769 = VECTOR ( 'NONE', #3077, 1000.000000000000100 ) ;
#2770 = CARTESIAN_POINT ( 'NONE',  ( 2.850000000000001400, 0.1499999999999999900, -1.000000000000000700 ) ) ;
#2771 = CARTESIAN_POINT ( 'NONE',  ( -2.400000000000001200, 1.580000000000000100, 2.399999999999999500 ) ) ;
#2772 = FACE_OUTER_BOUND ( 'NONE', #3719, .T. ) ;
#2773 = ORIENTED_EDGE ( 'NONE', *, *, #3141, .F. ) ;
#2774 = ORIENTED_EDGE ( 'NONE', *, *, #384, .T. ) ;
#2775 = EDGE_CURVE ( 'NONE', #990, #963, #2114, .T. ) ;
#2776 = CARTESIAN_POINT ( 'NONE',  ( -1.932667453115288100, 0.0000000000000000000, -0.9199999999999993700 ) ) ;
#2777 = PLANE ( 'NONE',  #666 ) ;
#2778 = VECTOR ( 'NONE', #3096, 1000.000000000000000 ) ;
#2779 = CARTESIAN_POINT ( 'NONE',  ( 0.8586675041709345100, 1.800000000000001600, -2.717570627836718400 ) ) ;
#2780 = CARTESIAN_POINT ( 'NONE',  ( -0.8499999999999862100, 1.769045746047234900, 2.720294101747105000 ) ) ;
#2781 = ORIENTED_EDGE ( 'NONE', *, *, #4166, .T. ) ;
#2782 = FACE_OUTER_BOUND ( 'NONE', #3098, .T. ) ;
#2783 = ORIENTED_EDGE ( 'NONE', *, *, #3245, .F. ) ;
#2784 = ORIENTED_EDGE ( 'NONE', *, *, #1476, .F. ) ;
#2785 = ORIENTED_EDGE ( 'NONE', *, *, #723, .T. ) ;
#2786 = LINE ( 'NONE', #4321, #3104 ) ;
#2787 = ORIENTED_EDGE ( 'NONE', *, *, #3758, .F. ) ;
#2788 = CARTESIAN_POINT ( 'NONE',  ( 2.720294101747088100, 1.765000000000000100, -0.8499999999999998700 ) ) ;
#2789 = VECTOR ( 'NONE', #1427, 1000.000000000000000 ) ;
#2790 = CARTESIAN_POINT ( 'NONE',  ( 0.9089753139950552700, 1.838629560456910100, -2.660382095923103000 ) ) ;
#2791 = DIRECTION ( 'NONE',  ( -1.000000000000000000, -0.0000000000000000000, -0.0000000000000000000 ) ) ;
#2792 = ORIENTED_EDGE ( 'NONE', *, *, #3232, .T. ) ;
#2793 = EDGE_CURVE ( 'NONE', #4105, #57, #3601, .T. ) ;
#2794 = ORIENTED_EDGE ( 'NONE', *, *, #2009, .F. ) ;
#2795 = DIRECTION ( 'NONE',  ( -0.0000000000000000000, -1.000000000000000000, -0.0000000000000000000 ) ) ;
#2796 = VECTOR ( 'NONE', #1198, 1000.000000000000000 ) ;
#2797 = DIRECTION ( 'NONE',  ( -5.015356373561846800E-015, 0.0000000000000000000, 1.000000000000000000 ) ) ;
#2798 = ORIENTED_EDGE ( 'NONE', *, *, #4269, .F. ) ;
#2799 = LINE ( 'NONE', #3714, #544 ) ;
#2800 = ORIENTED_EDGE ( 'NONE', *, *, #355, .T. ) ;
#2801 = AXIS2_PLACEMENT_3D ( 'NONE', #4252, #910, #580 ) ;
#2802 = FILL_AREA_STYLE_COLOUR ( '', #2132 ) ;
#2803 =( BOUNDED_CURVE ( )  B_SPLINE_CURVE ( 3, ( #840, #464, #1504, #3189, #2471, #2828, #2490 ),
 .UNSPECIFIED., .T., .T. ) 
 B_SPLINE_CURVE_WITH_KNOTS ( ( 4, 3, 4 ),
 ( -8.881784197001252300E-016, 3.141592653589792200, 6.283185307179585300 ),
 .UNSPECIFIED. ) 
 CURVE ( )  GEOMETRIC_REPRESENTATION_ITEM ( )  RATIONAL_B_SPLINE_CURVE ( ( 1.000000000000000000, 0.3333333333333333700, 0.3333333333333333700, 1.000000000000000000, 0.3333333333333333700, 0.3333333333333333700, 1.000000000000000000 ) ) 
 REPRESENTATION_ITEM ( '' )  );
#2804 = LINE ( 'NONE', #1826, #3230 ) ;
#2805 = ORIENTED_EDGE ( 'NONE', *, *, #223, .F. ) ;
#2806 = CARTESIAN_POINT ( 'NONE',  ( -2.399999999999999000, 1.840000000000000100, 2.849999999999998300 ) ) ;
#2807 = CARTESIAN_POINT ( 'NONE',  ( 1.450000000000000800, 0.1499999999999999700, 2.750000000000000000 ) ) ;
#2808 = ORIENTED_EDGE ( 'NONE', *, *, #2861, .F. ) ;
#2809 = AXIS2_PLACEMENT_3D ( 'NONE', #1346, #19, #350 ) ;
#2810 = EDGE_CURVE ( 'NONE', #4198, #1919, #1664, .T. ) ;
#2811 = ADVANCED_FACE ( 'NONE', ( #1130 ), #3807, .F. ) ;
#2812 = SURFACE_STYLE_FILL_AREA ( #3659 ) ;
#2813 = PRODUCT_DEFINITION_SHAPE ( 'NONE', 'NONE',  #2342 ) ;
#2814 = CARTESIAN_POINT ( 'NONE',  ( -1.817157287525382100, 0.0000000000000000000, -2.382842712474618500 ) ) ;
#2815 = PLANE ( 'NONE',  #3757 ) ;
#2816 = CARTESIAN_POINT ( 'NONE',  ( 1.932667453115288300, 5.946455813684773200, -0.9199999999999996000 ) ) ;
#2817 = LINE ( 'NONE', #3637, #1137 ) ;
#2818 = CARTESIAN_POINT ( 'NONE',  ( -2.750000000000000400, 0.0000000000000000000, 2.750000000000000400 ) ) ;
#2819 = LINE ( 'NONE', #370, #720 ) ;
#2820 = DIRECTION ( 'NONE',  ( 9.861902960928148300E-016, 0.0000000000000000000, -1.000000000000000000 ) ) ;
#2821 = AXIS2_PLACEMENT_3D ( 'NONE', #3411, #2384, #722 ) ;
#2822 = DIRECTION ( 'NONE',  ( -1.000000000000000000, -0.0000000000000000000, 2.238352872228143200E-015 ) ) ;
#2823 = EDGE_CURVE ( 'NONE', #1479, #1936, #3014, .T. ) ;
#2824 = VECTOR ( 'NONE', #3382, 1000.000000000000000 ) ;
#2825 = DIRECTION ( 'NONE',  ( -0.8660254037844363800, 0.0000000000000000000, 0.5000000000000038900 ) ) ;
#2826 = ORIENTED_EDGE ( 'NONE', *, *, #3723, .F. ) ;
#2827 = CARTESIAN_POINT ( 'NONE',  ( 1.632667453115285800, 0.0000000000000000000, 1.439615242270661200 ) ) ;
#2828 = CARTESIAN_POINT ( 'NONE',  ( -2.429983164553720400, 1.530000000000000200, -1.652165705248522100 ) ) ;
#2829 = EDGE_CURVE ( 'NONE', #2353, #3850, #237, .T. ) ;
#2830 = LINE ( 'NONE', #1319, #1917 ) ;
#2831 = CARTESIAN_POINT ( 'NONE',  ( -1.450000000000000800, 0.1499999999999999700, -2.750000000000000000 ) ) ;
#2832 = ADVANCED_FACE ( 'NONE', ( #2696 ), #1745, .F. ) ;
#2833 = EDGE_LOOP ( 'NONE', ( #3164, #269, #290, #4014 ) ) ;
#2834 = VERTEX_POINT ( 'NONE', #3771 ) ;
#2835 = ORIENTED_EDGE ( 'NONE', *, *, #349, .F. ) ;
#2836 = PRESENTATION_LAYER_ASSIGNMENT (  '', '', ( #2374 ) ) ;
#2837 = EDGE_CURVE ( 'NONE', #2900, #696, #4127, .T. ) ;
#2838 = CARTESIAN_POINT ( 'NONE',  ( -2.227386360737625600, 1.370000000000000100, -2.580939751330897800 ) ) ;
#2839 = VERTEX_POINT ( 'NONE', #2121 ) ;
#2840 = DIRECTION ( 'NONE',  ( -1.000000000000000000, 0.0000000000000000000, 2.220446049250312600E-016 ) ) ;
#2841 = ORIENTED_EDGE ( 'NONE', *, *, #4007, .F. ) ;
#2842 = DIRECTION ( 'NONE',  ( -1.000000000000000000, 0.0000000000000000000, -0.0000000000000000000 ) ) ;
#2843 = DIRECTION ( 'NONE',  ( 0.6708203932499377000, -0.3162277660168349400, 0.6708203932499377000 ) ) ;
#2844 = ORIENTED_EDGE ( 'NONE', *, *, #1562, .F. ) ;
#2845 = VERTEX_POINT ( 'NONE', #782 ) ;
#2846 = DIRECTION ( 'NONE',  ( 1.000000000000000000, 0.0000000000000000000, 0.0000000000000000000 ) ) ;
#2847 = DIRECTION ( 'NONE',  ( -0.7071067811865472400, 0.0000000000000000000, 0.7071067811865477900 ) ) ;
#2848 = ORIENTED_EDGE ( 'NONE', *, *, #401, .F. ) ;
#2849 = VECTOR ( 'NONE', #2981, 1000.000000000000000 ) ;
#2850 = EDGE_LOOP ( 'NONE', ( #2053 ) ) ;
#2851 = VERTEX_POINT ( 'NONE', #3495 ) ;
#2852 = DIRECTION ( 'NONE',  ( 0.3638034375545002300, -0.8574929257125435400, -0.3638034375545001800 ) ) ;
#2853 = CIRCLE ( 'NONE', #3825, 2.299999999999999800 ) ;
#2854 = CARTESIAN_POINT ( 'NONE',  ( 2.717570627836718900, 1.800000000000001600, -0.8586675041709317400 ) ) ;
#2855 = DIRECTION ( 'NONE',  ( -0.4264014327112188900, 0.9045340337332917800, -0.0000000000000000000 ) ) ;
#2856 = ORIENTED_EDGE ( 'NONE', *, *, #1703, .T. ) ;
#2857 = DIRECTION ( 'NONE',  ( 0.0000000000000000000, 0.0000000000000000000, -1.000000000000000000 ) ) ;
#2858 = VECTOR ( 'NONE', #1681, 1000.000000000000000 ) ;
#2859 = DIRECTION ( 'NONE',  ( -0.7071067811865474600, 0.0000000000000000000, -0.7071067811865474600 ) ) ;
#2860 = ADVANCED_FACE ( 'NONE', ( #2004 ), #96, .T. ) ;
#2861 = EDGE_CURVE ( 'NONE', #141, #2834, #2539, .T. ) ;
#2862 = DIRECTION ( 'NONE',  ( 3.194615545038032200E-016, 0.0000000000000000000, -1.000000000000000000 ) ) ;
#2863 = CARTESIAN_POINT ( 'NONE',  ( -1.632667453115285800, 0.0000000000000000000, -1.439615242270661200 ) ) ;
#2864 = VERTEX_POINT ( 'NONE', #2153 ) ;
#2865 = CARTESIAN_POINT ( 'NONE',  ( -2.750000000000000400, 0.0000000000000000000, 1.000000000000000900 ) ) ;
#2866 = CIRCLE ( 'NONE', #699, 0.1000000000000001400 ) ;
#2867 = AXIS2_PLACEMENT_3D ( 'NONE', #3859, #1834, #931 ) ;
#2868 = VERTEX_POINT ( 'NONE', #3458 ) ;
#2869 = EDGE_CURVE ( 'NONE', #3722, #632, #3699, .T. ) ;
#2870 = DIRECTION ( 'NONE',  ( 1.000000000000000000, 0.0000000000000000000, -1.156482317317871500E-016 ) ) ;
#2871 = VECTOR ( 'NONE', #1195, 1000.000000000000000 ) ;
#2872 = DIRECTION ( 'NONE',  ( 0.6063390625908319200, 0.5144957554275276800, -0.6063390625908319200 ) ) ;
#2873 = LINE ( 'NONE', #3980, #92 ) ;
#2874 = DIRECTION ( 'NONE',  ( -0.3638034375545002300, 0.8574929257125435400, 0.3638034375545001800 ) ) ;
#2875 = CARTESIAN_POINT ( 'NONE',  ( 1.450000000000000800, 0.0000000000000000000, 2.750000000000000000 ) ) ;
#2876 = ADVANCED_FACE ( 'NONE', ( #2222 ), #3093, .T. ) ;
#2877 = LINE ( 'NONE', #1116, #1966 ) ;
#2878 = CARTESIAN_POINT ( 'NONE',  ( 1.817157287525380500, 0.0000000000000000000, 2.382842712474619000 ) ) ;
#2879 = EDGE_CURVE ( 'NONE', #473, #2383, #981, .T. ) ;
#2880 = LINE ( 'NONE', #2710, #1968 ) ;
#2881 = VERTEX_POINT ( 'NONE', #490 ) ;
#2882 = VERTEX_POINT ( 'NONE', #1165 ) ;
#2883 = CARTESIAN_POINT ( 'NONE',  ( 1.741465986122621400, 0.1499999999999999900, -1.502430104589882500 ) ) ;
#2884 = DIRECTION ( 'NONE',  ( 0.0000000000000000000, 1.000000000000000000, 0.0000000000000000000 ) ) ;
#2885 = CARTESIAN_POINT ( 'NONE',  ( -2.653389341954926400, 1.840000000000000100, 0.9250000000000020400 ) ) ;
#2886 = LINE ( 'NONE', #2897, #1763 ) ;
#2887 = DIRECTION ( 'NONE',  ( 1.000000000000000000, 8.659560562354927900E-017, -2.220446049250312600E-016 ) ) ;
#2888 = EDGE_CURVE ( 'NONE', #3721, #2934, #2804, .T. ) ;
#2889 = CARTESIAN_POINT ( 'NONE',  ( 2.656234131369307900, 1.840000000000000300, -0.9168396390138128200 ) ) ;
#2890 = VERTEX_POINT ( 'NONE', #2503 ) ;
#2891 = VECTOR ( 'NONE', #499, 1000.000000000000000 ) ;
#2892 = EDGE_LOOP ( 'NONE', ( #3050, #272, #2733, #4207 ) ) ;
#2893 = DIRECTION ( 'NONE',  ( -1.000000000000000000, -0.0000000000000000000, 1.156482317317871500E-016 ) ) ;
#2894 = VERTEX_POINT ( 'NONE', #845 ) ;
#2895 = ORIENTED_EDGE ( 'NONE', *, *, #2923, .T. ) ;
#2896 = EDGE_CURVE ( 'NONE', #2907, #2845, #3920, .T. ) ;
#2897 = CARTESIAN_POINT ( 'NONE',  ( 1.932667453115288300, 0.0000000000000000000, -0.9199999999999996000 ) ) ;
#2898 = ORIENTED_EDGE ( 'NONE', *, *, #2958, .F. ) ;
#2899 = LINE ( 'NONE', #1067, #3904 ) ;
#2900 = VERTEX_POINT ( 'NONE', #1510 ) ;
#2901 = CARTESIAN_POINT ( 'NONE',  ( -2.850000000000000500, -6.362650522703646900, -4.952780007228400700 ) ) ;
#2902 = ADVANCED_FACE ( 'NONE', ( #760 ), #1497, .T. ) ;
#2903 = CARTESIAN_POINT ( 'NONE',  ( -2.382842712474620300, 0.1499999999999999700, -1.817157287525380500 ) ) ;
#2904 = FACE_OUTER_BOUND ( 'NONE', #479, .T. ) ;
#2905 = ORIENTED_EDGE ( 'NONE', *, *, #2916, .T. ) ;
#2906 = CARTESIAN_POINT ( 'NONE',  ( 2.687005768508879700, 1.700000000000000000, 2.121320343559642400 ) ) ;
#2907 = VERTEX_POINT ( 'NONE', #1637 ) ;
#2908 = VECTOR ( 'NONE', #3933, 1000.000000000000000 ) ;
#2909 = CARTESIAN_POINT ( 'NONE',  ( -0.2000000000000078900, 8.104121103836791600E-031, 4.399999999999997700 ) ) ;
#2910 = EDGE_CURVE ( 'NONE', #1233, #748, #136, .T. ) ;
#2911 = LINE ( 'NONE', #1633, #4018 ) ;
#2912 = VERTEX_POINT ( 'NONE', #2113 ) ;
#2913 = DIRECTION ( 'NONE',  ( -0.7071067811865496800, 0.0000000000000000000, -0.7071067811865453500 ) ) ;
#2914 = VECTOR ( 'NONE', #1362, 1000.000000000000000 ) ;
#2915 = ORIENTED_EDGE ( 'NONE', *, *, #243, .T. ) ;
#2916 = EDGE_CURVE ( 'NONE', #1152, #573, #2007, .T. ) ;
#2917 = VERTEX_POINT ( 'NONE', #452 ) ;
#2918 = DIRECTION ( 'NONE',  ( -8.659560562354926700E-017, -1.000000000000000000, -8.659560562354927900E-017 ) ) ;
#2919 = CARTESIAN_POINT ( 'NONE',  ( 2.678357705759259100, 1.765000000000000100, -0.8499999999999997600 ) ) ;
#2920 = LINE ( 'NONE', #987, #2960 ) ;
#2921 = ADVANCED_FACE ( 'NONE', ( #3124 ), #1129, .T. ) ;
#2922 = AXIS2_PLACEMENT_3D ( 'NONE', #1437, #1079, #3794 ) ;
#2923 = EDGE_CURVE ( 'NONE', #4011, #4198, #3330, .T. ) ;
#2924 = FACE_OUTER_BOUND ( 'NONE', #3443, .T. ) ;
#2925 = DIRECTION ( 'NONE',  ( 0.8660254037844363800, 0.0000000000000000000, -0.5000000000000038900 ) ) ;
#2926 = LINE ( 'NONE', #3644, #40 ) ;
#2927 = CARTESIAN_POINT ( 'NONE',  ( 2.071231517720797800, 0.1499999999999999900, 1.000000000000000000 ) ) ;
#2928 = DIRECTION ( 'NONE',  ( 0.0000000000000000000, 1.000000000000000000, -0.0000000000000000000 ) ) ;
#2929 = CYLINDRICAL_SURFACE ( 'NONE', #1138, 0.2999999999999998200 ) ;
#2930 = EDGE_CURVE ( 'NONE', #2516, #1058, #4273, .T. ) ;
#2931 = ORIENTED_EDGE ( 'NONE', *, *, #945, .F. ) ;
#2932 = ORIENTED_EDGE ( 'NONE', *, *, #1982, .T. ) ;
#2933 = VECTOR ( 'NONE', #3662, 1000.000000000000000 ) ;
#2934 = VERTEX_POINT ( 'NONE', #135 ) ;
#2935 = DIRECTION ( 'NONE',  ( 0.7071067811865474600, -0.0000000000000000000, 0.7071067811865475700 ) ) ;
#2936 = ADVANCED_FACE ( 'NONE', ( #4228 ), #2815, .F. ) ;
#2937 = VERTEX_POINT ( 'NONE', #3464 ) ;
#2938 = PLANE ( 'NONE',  #3654 ) ;
#2939 = ORIENTED_EDGE ( 'NONE', *, *, #223, .T. ) ;
#2940 = VERTEX_POINT ( 'NONE', #1141 ) ;
#2941 = AXIS2_PLACEMENT_3D ( 'NONE', #1817, #1531, #2846 ) ;
#2942 = AXIS2_PLACEMENT_3D ( 'NONE', #3975, #3026, #618 ) ;
#2943 = ORIENTED_EDGE ( 'NONE', *, *, #162, .F. ) ;
#2944 = EDGE_LOOP ( 'NONE', ( #1155, #1796, #2698, #2691 ) ) ;
#2945 = DIRECTION ( 'NONE',  ( -0.0000000000000000000, 1.000000000000000000, -0.0000000000000000000 ) ) ;
#2946 = ORIENTED_EDGE ( 'NONE', *, *, #3364, .F. ) ;
#2947 = ORIENTED_EDGE ( 'NONE', *, *, #2136, .F. ) ;
#2948 = ORIENTED_EDGE ( 'NONE', *, *, #417, .F. ) ;
#2949 = PRESENTATION_LAYER_ASSIGNMENT (  '', '', ( #1667 ) ) ;
#2950 = LINE ( 'NONE', #1738, #279 ) ;
#2951 = CARTESIAN_POINT ( 'NONE',  ( 0.0000000000000000000, 0.0000000000000000000, 0.0000000000000000000 ) ) ;
#2952 = VERTEX_POINT ( 'NONE', #1803 ) ;
#2953 = LINE ( 'NONE', #3033, #706 ) ;
#2954 = DIRECTION ( 'NONE',  ( -4.088172546704894500E-016, -0.3905667329424725700, -0.9205746178983229600 ) ) ;
#2955 = MECHANICAL_DESIGN_GEOMETRIC_PRESENTATION_REPRESENTATION (  '', ( #4060 ), #3586 ) ;
#2956 = ADVANCED_FACE ( 'NONE', ( #656 ), #836, .F. ) ;
#2957 = ORIENTED_EDGE ( 'NONE', *, *, #623, .T. ) ;
#2958 = EDGE_CURVE ( 'NONE', #1886, #3532, #1290, .T. ) ;
#2959 = DIRECTION ( 'NONE',  ( -1.000000000000000000, 0.0000000000000000000, 0.0000000000000000000 ) ) ;
#2960 = VECTOR ( 'NONE', #1324, 1000.000000000000000 ) ;
#2961 = ORIENTED_EDGE ( 'NONE', *, *, #1613, .T. ) ;
#2962 = DIRECTION ( 'NONE',  ( -1.000000000000000000, 0.0000000000000000000, -5.782411586589358000E-015 ) ) ;
#2963 = ORIENTED_EDGE ( 'NONE', *, *, #669, .T. ) ;
#2964 = FACE_OUTER_BOUND ( 'NONE', #2944, .T. ) ;
#2965 = EDGE_CURVE ( 'NONE', #1827, #589, #1542, .T. ) ;
#2966 = CARTESIAN_POINT ( 'NONE',  ( 3.027776695296640500, 1.490000000000000000, 2.674223304703363400 ) ) ;
#2967 = DIRECTION ( 'NONE',  ( -1.000000000000000000, 0.0000000000000000000, 0.0000000000000000000 ) ) ;
#2968 = LINE ( 'NONE', #3869, #1907 ) ;
#2969 = PLANE ( 'NONE',  #1380 ) ;
#2970 = AXIS2_PLACEMENT_3D ( 'NONE', #3118, #2976, #1848 ) ;
#2971 = EDGE_CURVE ( 'NONE', #1852, #411, #1022, .T. ) ;
#2972 = DIRECTION ( 'NONE',  ( 0.0000000000000000000, 0.0000000000000000000, -1.000000000000000000 ) ) ;
#2973 = CARTESIAN_POINT ( 'NONE',  ( 2.474873734152916800, 1.490000000000000000, 2.121320343559642800 ) ) ;
#2974 = CARTESIAN_POINT ( 'NONE',  ( -0.8486408211623846000, 1.638650776870588700, 2.720719773863373300 ) ) ;
#2975 = VECTOR ( 'NONE', #1028, 999.9999999999998900 ) ;
#2976 = DIRECTION ( 'NONE',  ( 0.7071067811865473500, 0.0000000000000000000, -0.7071067811865477900 ) ) ;
#2977 = ADVANCED_FACE ( 'NONE', ( #3300 ), #3223, .F. ) ;
#2978 = FACE_OUTER_BOUND ( 'NONE', #1765, .T. ) ;
#2979 = ORIENTED_EDGE ( 'NONE', *, *, #507, .T. ) ;
#2980 = ORIENTED_EDGE ( 'NONE', *, *, #2197, .F. ) ;
#2981 = DIRECTION ( 'NONE',  ( 0.0000000000000000000, 0.0000000000000000000, -1.000000000000000000 ) ) ;
#2982 = DIRECTION ( 'NONE',  ( 0.7071067811865474600, 0.0000000000000000000, -0.7071067811865474600 ) ) ;
#2983 = LINE ( 'NONE', #433, #1820 ) ;
#2984 = CARTESIAN_POINT ( 'NONE',  ( 2.399999999999999900, 0.1499999999999999900, -2.850000000000000100 ) ) ;
#2985 = CARTESIAN_POINT ( 'NONE',  ( -2.674223304703364300, 1.490000000000000000, -3.027776695296639200 ) ) ;
#2986 = ORIENTED_EDGE ( 'NONE', *, *, #3376, .F. ) ;
#2987 = ORIENTED_EDGE ( 'NONE', *, *, #1882, .T. ) ;
#2988 = ORIENTED_EDGE ( 'NONE', *, *, #3596, .F. ) ;
#2989 = DIRECTION ( 'NONE',  ( -3.343570915707898000E-015, 0.0000000000000000000, -1.000000000000000000 ) ) ;
#2990 = ORIENTED_EDGE ( 'NONE', *, *, #3194, .F. ) ;
#2991 = PLANE ( 'NONE',  #3491 ) ;
#2992 = ORIENTED_EDGE ( 'NONE', *, *, #2179, .F. ) ;
#2993 = LINE ( 'NONE', #3676, #321 ) ;
#2994 = ORIENTED_EDGE ( 'NONE', *, *, #190, .F. ) ;
#2995 = DIRECTION ( 'NONE',  ( -0.5000000000000001100, 0.0000000000000000000, 0.8660254037844386000 ) ) ;
#2996 = CARTESIAN_POINT ( 'NONE',  ( -2.719873122680003700, 1.781296331569798900, 0.8513503667906603400 ) ) ;
#2997 = AXIS2_PLACEMENT_3D ( 'NONE', #2665, #1656, #1999 ) ;
#2998 = EDGE_CURVE ( 'NONE', #2890, #3897, #23, .T. ) ;
#2999 = VECTOR ( 'NONE', #783, 1000.000000000000100 ) ;
#3000 = EDGE_LOOP ( 'NONE', ( #3592, #799, #3970, #1400 ) ) ;
#3001 = ADVANCED_FACE ( 'NONE', ( #4119 ), #1228, .F. ) ;
#3002 = DIRECTION ( 'NONE',  ( 0.7071067811865474600, 0.0000000000000000000, -0.7071067811865474600 ) ) ;
#3003 = VERTEX_POINT ( 'NONE', #853 ) ;
#3004 = PLANE ( 'NONE',  #3928 ) ;
#3005 = FACE_OUTER_BOUND ( 'NONE', #4222, .T. ) ;
#3006 = CARTESIAN_POINT ( 'NONE',  ( -2.850000000000001400, 0.1499999999999999900, 1.000000000000000700 ) ) ;
#3007 = ORIENTED_EDGE ( 'NONE', *, *, #3521, .F. ) ;
#3008 = FACE_OUTER_BOUND ( 'NONE', #342, .T. ) ;
#3009 = CARTESIAN_POINT ( 'NONE',  ( 2.474873734152915400, 0.1499999999999999400, 1.909188309203678300 ) ) ;
#3010 = ORIENTED_EDGE ( 'NONE', *, *, #2998, .T. ) ;
#3011 = CARTESIAN_POINT ( 'NONE',  ( -2.850000000000000500, 1.580000000000000100, -1.208578643762690200 ) ) ;
#3012 = DIRECTION ( 'NONE',  ( 0.7071067811865474600, 0.0000000000000000000, -0.7071067811865474600 ) ) ;
#3013 = DIRECTION ( 'NONE',  ( -0.3638034375545001800, 0.8574929257125435400, 0.3638034375545004500 ) ) ;
#3014 = LINE ( 'NONE', #3471, #4022 ) ;
#3015 = CARTESIAN_POINT ( 'NONE',  ( -1.932667453115288100, 0.0000000000000000000, -0.9199999999999993700 ) ) ;
#3016 = EDGE_LOOP ( 'NONE', ( #2092, #2363, #1320, #2200 ) ) ;
#3017 = AXIS2_PLACEMENT_3D ( 'NONE', #1456, #795, #1790 ) ;
#3018 = EDGE_LOOP ( 'NONE', ( #1879, #2097 ) ) ;
#3019 = VECTOR ( 'NONE', #3529, 1000.000000000000100 ) ;
#3020 = DIRECTION ( 'NONE',  ( 0.7071067811865474600, 0.0000000000000000000, -0.7071067811865474600 ) ) ;
#3021 = EDGE_CURVE ( 'NONE', #3095, #3951, #3274, .T. ) ;
#3022 = DIRECTION ( 'NONE',  ( -1.000000000000000000, 0.0000000000000000000, 0.0000000000000000000 ) ) ;
#3023 = CARTESIAN_POINT ( 'NONE',  ( -2.071231517720798700, 0.0000000000000000000, 1.000000000000000400 ) ) ;
#3024 = CARTESIAN_POINT ( 'NONE',  ( -0.8499999999999992000, 1.646881273731012600, 2.720294101747087200 ) ) ;
#3025 = VECTOR ( 'NONE', #599, 1000.000000000000000 ) ;
#3026 = DIRECTION ( 'NONE',  ( 1.000000000000000000, -0.0000000000000000000, -0.0000000000000000000 ) ) ;
#3027 = AXIS2_PLACEMENT_3D ( 'NONE', #2629, #3339, #684 ) ;
#3028 = VECTOR ( 'NONE', #2293, 999.9999999999998900 ) ;
#3029 = DIRECTION ( 'NONE',  ( 0.8660254037844363800, 0.0000000000000000000, 0.5000000000000040000 ) ) ;
#3030 = DIRECTION ( 'NONE',  ( 0.8660254037844363800, 0.0000000000000000000, 0.5000000000000040000 ) ) ;
#3031 = FACE_OUTER_BOUND ( 'NONE', #2364, .T. ) ;
#3032 = EDGE_CURVE ( 'NONE', #2755, #4203, #3494, .T. ) ;
#3033 = CARTESIAN_POINT ( 'NONE',  ( -2.749999999999999600, 5.946455813684773200, -1.000000000000000200 ) ) ;
#3034 = VECTOR ( 'NONE', #2319, 1000.000000000000000 ) ;
#3035 = VERTEX_POINT ( 'NONE', #1186 ) ;
#3036 = PLANE ( 'NONE',  #4070 ) ;
#3037 = CIRCLE ( 'NONE', #2259, 2.810000000000000500 ) ;
#3038 = ORIENTED_EDGE ( 'NONE', *, *, #1204, .T. ) ;
#3039 = ORIENTED_EDGE ( 'NONE', *, *, #1649, .F. ) ;
#3040 = PLANE ( 'NONE',  #877 ) ;
#3041 = ORIENTED_EDGE ( 'NONE', *, *, #2277, .F. ) ;
#3042 = EDGE_LOOP ( 'NONE', ( #4149, #123, #3540, #1153 ) ) ;
#3043 = CARTESIAN_POINT ( 'NONE',  ( 2.850000000000000500, 1.580000000000000100, -4.583149551578415400E-016 ) ) ;
#3044 = EDGE_CURVE ( 'NONE', #2900, #2516, #2424, .T. ) ;
#3045 = ORIENTED_EDGE ( 'NONE', *, *, #2502, .T. ) ;
#3046 =( LENGTH_UNIT ( ) NAMED_UNIT ( * ) SI_UNIT ( .MILLI., .METRE. ) );
#3047 = CARTESIAN_POINT ( 'NONE',  ( 2.474873734152915400, 0.1499999999999999400, 1.909188309203678300 ) ) ;
#3048 = ORIENTED_EDGE ( 'NONE', *, *, #4178, .F. ) ;
#3049 = ORIENTED_EDGE ( 'NONE', *, *, #2438, .F. ) ;
#3050 = ORIENTED_EDGE ( 'NONE', *, *, #3945, .F. ) ;
#3051 = EDGE_CURVE ( 'NONE', #3958, #3349, #4320, .T. ) ;
#3052 = LINE ( 'NONE', #1275, #3851 ) ;
#3053 = VERTEX_POINT ( 'NONE', #2542 ) ;
#3054 = ORIENTED_EDGE ( 'NONE', *, *, #1024, .T. ) ;
#3055 = DIRECTION ( 'NONE',  ( 0.8660254037844376000, 0.0000000000000000000, -0.5000000000000020000 ) ) ;
#3056 = ORIENTED_EDGE ( 'NONE', *, *, #1420, .F. ) ;
#3057 = LINE ( 'NONE', #91, #1175 ) ;
#3058 = CARTESIAN_POINT ( 'NONE',  ( 1.632667453115285800, 0.1499999999999999900, 1.439615242270661200 ) ) ;
#3059 = CARTESIAN_POINT ( 'NONE',  ( 1.632667453115285800, 0.1499999999999999700, 1.439615242270661200 ) ) ;
#3060 = MECHANICAL_DESIGN_GEOMETRIC_PRESENTATION_REPRESENTATION (  '', ( #2374 ), #3288 ) ;
#3061 = CARTESIAN_POINT ( 'NONE',  ( 0.0000000000000000000, 0.0000000000000000000, 0.0000000000000000000 ) ) ;
#3062 = EDGE_CURVE ( 'NONE', #57, #1883, #1731, .T. ) ;
#3063 = ORIENTED_EDGE ( 'NONE', *, *, #3577, .T. ) ;
#3064 = VERTEX_POINT ( 'NONE', #994 ) ;
#3065 = APPLICATION_PROTOCOL_DEFINITION ( 'draft international standard', 'automotive_design', 1998, #4113 ) ;
#3066 = VERTEX_POINT ( 'NONE', #1555 ) ;
#3067 = DIRECTION ( 'NONE',  ( 0.6063390625908318100, -0.5144957554275276800, -0.6063390625908321500 ) ) ;
#3068 = LINE ( 'NONE', #961, #344 ) ;
#3069 = CARTESIAN_POINT ( 'NONE',  ( 0.0000000000000000000, 0.1499999999999999900, 0.0000000000000000000 ) ) ;
#3070 = DIRECTION ( 'NONE',  ( 1.000000000000000000, 0.0000000000000000000, -1.671785457853943100E-015 ) ) ;
#3071 = ORIENTED_EDGE ( 'NONE', *, *, #3648, .T. ) ;
#3072 = CARTESIAN_POINT ( 'NONE',  ( -2.750000000000000400, 0.1499999999999999700, 1.849999999999996100 ) ) ;
#3073 = LINE ( 'NONE', #3567, #1958 ) ;
#3074 = EDGE_CURVE ( 'NONE', #287, #3261, #4322, .T. ) ;
#3075 = CARTESIAN_POINT ( 'NONE',  ( 2.728474329669796600, 1.597676797072629800, -0.8233637302753574700 ) ) ;
#3076 = VECTOR ( 'NONE', #3954, 1000.000000000000000 ) ;
#3077 = DIRECTION ( 'NONE',  ( 0.7071067811865474600, 0.0000000000000000000, -0.7071067811865474600 ) ) ;
#3078 = CARTESIAN_POINT ( 'NONE',  ( -2.750000000000000400, 0.1499999999999999700, 1.000000000000000900 ) ) ;
#3079 = AXIS2_PLACEMENT_3D ( 'NONE', #4335, #2995, #1985 ) ;
#3080 = AXIS2_PLACEMENT_3D ( 'NONE', #116, #2825, #2486 ) ;
#3081 = EDGE_CURVE ( 'NONE', #4154, #2952, #2309, .T. ) ;
#3082 = CARTESIAN_POINT ( 'NONE',  ( 2.156675682618971500, 1.430000000000000200, 2.651650429449550600 ) ) ;
#3083 = DIRECTION ( 'NONE',  ( -0.5000000000000036600, 0.0000000000000000000, 0.8660254037844366000 ) ) ;
#3084 = CARTESIAN_POINT ( 'NONE',  ( 2.015254326381659600, 0.2999999999999999300, 2.580939751330898300 ) ) ;
#3085 = CIRCLE ( 'NONE', #4287, 2.299999999999999800 ) ;
#3086 = DIRECTION ( 'NONE',  ( -0.7071067811865474600, 0.0000000000000000000, -0.7071067811865474600 ) ) ;
#3087 = EDGE_LOOP ( 'NONE', ( #1726, #2856, #1111, #4101, #3604, #6, #2202, #33, #2204, #2905 ) ) ;
#3088 = CARTESIAN_POINT ( 'NONE',  ( 2.724709018477284400, 1.610152106112211700, -0.8357521022378299200 ) ) ;
#3089 = CARTESIAN_POINT ( 'NONE',  ( 1.450000000000000800, 0.0000000000000000000, 2.750000000000000000 ) ) ;
#3090 = DIRECTION ( 'NONE',  ( 3.343570915707908600E-015, 0.0000000000000000000, 1.000000000000000000 ) ) ;
#3091 = FACE_OUTER_BOUND ( 'NONE', #3653, .T. ) ;
#3092 = CARTESIAN_POINT ( 'NONE',  ( 2.121320343559641100, 1.370000000000000100, 2.474873734152915400 ) ) ;
#3093 = PLANE ( 'NONE',  #4293 ) ;
#3094 = VERTEX_POINT ( 'NONE', #1902 ) ;
#3095 = VERTEX_POINT ( 'NONE', #2903 ) ;
#3096 = DIRECTION ( 'NONE',  ( 0.0000000000000000000, -1.000000000000000000, 0.0000000000000000000 ) ) ;
#3097 = CARTESIAN_POINT ( 'NONE',  ( -2.849999999999996100, 1.765000000000000100, 0.8500000000000026400 ) ) ;
#3098 = EDGE_LOOP ( 'NONE', ( #4001, #3620, #3959, #1474 ) ) ;
#3099 = STYLED_ITEM ( 'NONE', ( #3296 ), #1244 ) ;
#3100 = PLANE ( 'NONE',  #3796 ) ;
#3101 = DIRECTION ( 'NONE',  ( 0.7071067811865474600, 0.0000000000000000000, 0.7071067811865474600 ) ) ;
#3102 = EDGE_CURVE ( 'NONE', #2572, #3360, #869, .T. ) ;
#3103 = ORIENTED_EDGE ( 'NONE', *, *, #1607, .T. ) ;
#3104 = VECTOR ( 'NONE', #4336, 999.9999999999997700 ) ;
#3105 = DIRECTION ( 'NONE',  ( -1.000000000000000000, 0.0000000000000000000, -0.0000000000000000000 ) ) ;
#3106 = ORIENTED_EDGE ( 'NONE', *, *, #1055, .F. ) ;
#3107 = DIRECTION ( 'NONE',  ( -0.7071067811865479100, -1.224646799147352200E-016, -0.7071067811865472400 ) ) ;
#3108 = DIRECTION ( 'NONE',  ( 0.0000000000000000000, -1.000000000000000000, 0.0000000000000000000 ) ) ;
#3109 = VECTOR ( 'NONE', #2405, 1000.000000000000000 ) ;
#3110 = ORIENTED_EDGE ( 'NONE', *, *, #730, .T. ) ;
#3111 = SURFACE_STYLE_USAGE ( .BOTH. , #3768 ) ;
#3112 = PRESENTATION_LAYER_ASSIGNMENT (  '', '', ( #3704 ) ) ;
#3113 = ORIENTED_EDGE ( 'NONE', *, *, #2485, .F. ) ;
#3114 = VECTOR ( 'NONE', #2354, 1000.000000000000000 ) ;
#3115 = CARTESIAN_POINT ( 'NONE',  ( 0.8500000000000024200, 1.646881273731012600, -2.720294101747085900 ) ) ;
#3116 = CARTESIAN_POINT ( 'NONE',  ( -2.849999999999999200, 1.580000000000000100, -2.838027862793434000E-016 ) ) ;
#3117 = VECTOR ( 'NONE', #1311, 999.9999999999997700 ) ;
#3118 = CARTESIAN_POINT ( 'NONE',  ( -1.909188309203679400, 0.2999999999999999300, -2.474873734152915000 ) ) ;
#3119 = CARTESIAN_POINT ( 'NONE',  ( 0.8503299160738154700, 1.773105866756556000, -2.720191077826276300 ) ) ;
#3120 = VECTOR ( 'NONE', #3706, 1000.000000000000100 ) ;
#3121 = ORIENTED_EDGE ( 'NONE', *, *, #3384, .F. ) ;
#3122 = EDGE_CURVE ( 'NONE', #3484, #195, #2478, .T. ) ;
#3123 = DIRECTION ( 'NONE',  ( 0.7071067811865489100, 0.0000000000000000000, -0.7071067811865462400 ) ) ;
#3124 = FACE_OUTER_BOUND ( 'NONE', #2008, .T. ) ;
#3125 = ORIENTED_EDGE ( 'NONE', *, *, #3964, .T. ) ;
#3126 = DIRECTION ( 'NONE',  ( 0.0000000000000000000, -1.000000000000000000, 0.0000000000000000000 ) ) ;
#3127 = ORIENTED_EDGE ( 'NONE', *, *, #2183, .T. ) ;
#3128 = DIRECTION ( 'NONE',  ( -0.7071067811865475700, -0.0000000000000000000, 0.7071067811865474600 ) ) ;
#3129 = LINE ( 'NONE', #4290, #2276 ) ;
#3130 = DIRECTION ( 'NONE',  ( 0.0000000000000000000, 1.000000000000000000, 0.0000000000000000000 ) ) ;
#3131 = CARTESIAN_POINT ( 'NONE',  ( 2.720294101747088100, 1.773092576354203800, -0.8499999999999998700 ) ) ;
#3132 =( BOUNDED_CURVE ( )  B_SPLINE_CURVE ( 3, ( #1458, #3442, #3575, #861, #2194, #3898, #3883 ),
 .UNSPECIFIED., .T., .F. ) 
 B_SPLINE_CURVE_WITH_KNOTS ( ( 4, 3, 4 ),
 ( -1.776356839400250500E-015, 3.141592653589791300, 6.283185307179584500 ),
 .UNSPECIFIED. ) 
 CURVE ( )  GEOMETRIC_REPRESENTATION_ITEM ( )  RATIONAL_B_SPLINE_CURVE ( ( 1.000000000000000000, 0.3333333333333333700, 0.3333333333333333700, 1.000000000000000000, 0.3333333333333333700, 0.3333333333333333700, 1.000000000000000000 ) ) 
 REPRESENTATION_ITEM ( '' )  );
#3133 = CARTESIAN_POINT ( 'NONE',  ( 2.849999999999999600, 1.580000000000000100, 0.0000000000000000000 ) ) ;
#3134 = VECTOR ( 'NONE', #2518, 1000.000000000000000 ) ;
#3135 = EDGE_CURVE ( 'NONE', #3591, #1673, #3912, .T. ) ;
#3136 = CARTESIAN_POINT ( 'NONE',  ( 2.849999999999999600, 1.840000000000000100, -0.9250000000000001600 ) ) ;
#3137 = CARTESIAN_POINT ( 'NONE',  ( -2.737617075191309400, 1.581548101608504900, 0.7924805135127044300 ) ) ;
#3138 = FACE_OUTER_BOUND ( 'NONE', #2193, .T. ) ;
#3139 = LINE ( 'NONE', #1455, #2656 ) ;
#3140 = CARTESIAN_POINT ( 'NONE',  ( -2.015254326381660900, 1.579999999999999800, -2.580939751330897400 ) ) ;
#3141 = EDGE_CURVE ( 'NONE', #117, #1715, #329, .T. ) ;
#3142 = ADVANCED_FACE ( 'NONE', ( #2103 ), #512, .F. ) ;
#3143 = VECTOR ( 'NONE', #1446, 1000.000000000000000 ) ;
#3144 = ORIENTED_EDGE ( 'NONE', *, *, #2431, .T. ) ;
#3145 = CARTESIAN_POINT ( 'NONE',  ( 0.8238380338893731600, 1.597515502051637400, -2.728339975328124100 ) ) ;
#3146 = EDGE_CURVE ( 'NONE', #2224, #3360, #1120, .T. ) ;
#3147 = CARTESIAN_POINT ( 'NONE',  ( -2.029289321881345500, 1.580000000000000100, -2.029289321881345500 ) ) ;
#3148 = FACE_OUTER_BOUND ( 'NONE', #373, .T. ) ;
#3149 = DIRECTION ( 'NONE',  ( -0.0000000000000000000, -1.000000000000000000, 0.0000000000000000000 ) ) ;
#3150 = CARTESIAN_POINT ( 'NONE',  ( 2.399999999999999900, 0.1499999999999999900, -2.400000000000000400 ) ) ;
#3151 = ORIENTED_EDGE ( 'NONE', *, *, #1030, .T. ) ;
#3152 = VECTOR ( 'NONE', #300, 1000.000000000000100 ) ;
#3153 = ORIENTED_EDGE ( 'NONE', *, *, #3194, .T. ) ;
#3154 = DIRECTION ( 'NONE',  ( 1.000000000000000000, 0.0000000000000000000, 5.782411586589358000E-015 ) ) ;
#3155 = DIRECTION ( 'NONE',  ( 0.0000000000000000000, -1.000000000000000000, 0.0000000000000000000 ) ) ;
#3156 = CARTESIAN_POINT ( 'NONE',  ( -0.8930676417550623700, 1.833513618674185400, 2.671167321310501400 ) ) ;
#3157 = ORIENTED_EDGE ( 'NONE', *, *, #555, .F. ) ;
#3158 = ORIENTED_EDGE ( 'NONE', *, *, #3708, .T. ) ;
#3159 = CARTESIAN_POINT ( 'NONE',  ( 0.8347813072352279200, 1.609709876294631600, -2.725002783317962000 ) ) ;
#3160 = VERTEX_POINT ( 'NONE', #3350 ) ;
#3161 = DIRECTION ( 'NONE',  ( -1.000000000000000000, 0.0000000000000000000, 3.343570915707898000E-015 ) ) ;
#3162 = VERTEX_POINT ( 'NONE', #3543 ) ;
#3163 = LINE ( 'NONE', #2919, #2255 ) ;
#3164 = ORIENTED_EDGE ( 'NONE', *, *, #623, .F. ) ;
#3165 = AXIS2_PLACEMENT_3D ( 'NONE', #3209, #1206, #3161 ) ;
#3166 = ORIENTED_EDGE ( 'NONE', *, *, #4021, .T. ) ;
#3167 = DIRECTION ( 'NONE',  ( -0.7071067811865472400, 0.0000000000000000000, 0.7071067811865477900 ) ) ;
#3168 = ADVANCED_FACE ( 'NONE', ( #1428 ), #1893, .T. ) ;
#3169 = EDGE_CURVE ( 'NONE', #1713, #2937, #1680, .T. ) ;
#3170 = VERTEX_POINT ( 'NONE', #2253 ) ;
#3171 = CARTESIAN_POINT ( 'NONE',  ( -2.723364253211564300, 1.617777598863743300, 0.8401113880488805300 ) ) ;
#3172 = LINE ( 'NONE', #1069, #3221 ) ;
#3173 = CARTESIAN_POINT ( 'NONE',  ( -2.750000000000000400, 5.946455813684773200, 1.000000000000000900 ) ) ;
#3174 = CARTESIAN_POINT ( 'NONE',  ( -2.850000000000001400, 0.1499999999999999900, 1.000000000000000700 ) ) ;
#3175 = LINE ( 'NONE', #3375, #1376 ) ;
#3176 = LINE ( 'NONE', #3404, #3120 ) ;
#3177 = CARTESIAN_POINT ( 'NONE',  ( -2.850000000000001400, 0.1499999999999999900, 1.000000000000000700 ) ) ;
#3178 = EDGE_CURVE ( 'NONE', #2619, #654, #2746, .T. ) ;
#3179 = AXIS2_PLACEMENT_3D ( 'NONE', #229, #2862, #3879 ) ;
#3180 = CARTESIAN_POINT ( 'NONE',  ( 2.718662916695810900, 1.792743840191892700, -0.8552039279051848500 ) ) ;
#3181 = ORIENTED_EDGE ( 'NONE', *, *, #569, .F. ) ;
#3182 = DIRECTION ( 'NONE',  ( 0.0000000000000000000, -1.000000000000000000, 0.0000000000000000000 ) ) ;
#3183 = CARTESIAN_POINT ( 'NONE',  ( -1.265654248072678100E-015, 1.580000000000000100, 2.849999999999999600 ) ) ;
#3184 = CARTESIAN_POINT ( 'NONE',  ( -0.8509814558857727900, 1.777093598604647200, 2.719987235583749100 ) ) ;
#3185 = VERTEX_POINT ( 'NONE', #2685 ) ;
#3186 = CARTESIAN_POINT ( 'NONE',  ( -2.580939751330899600, 1.370000000000000100, -2.227386360737623400 ) ) ;
#3187 = DIRECTION ( 'NONE',  ( -0.7071067811865481300, 0.0000000000000000000, -0.7071067811865466800 ) ) ;
#3188 = FACE_OUTER_BOUND ( 'NONE', #327, .T. ) ;
#3189 = CARTESIAN_POINT ( 'NONE',  ( -2.335702260395513500, 1.330000000000000100, -1.840727513564933900 ) ) ;
#3190 = DIRECTION ( 'NONE',  ( -0.6063390625908318100, -0.5144957554275276800, 0.6063390625908321500 ) ) ;
#3191 = ADVANCED_FACE ( 'NONE', ( #811 ), #3040, .T. ) ;
#3192 = VECTOR ( 'NONE', #122, 1000.000000000000000 ) ;
#3193 = CARTESIAN_POINT ( 'NONE',  ( 2.718160927159489800, 1.796459322294023100, -0.8567992838256258700 ) ) ;
#3194 = EDGE_CURVE ( 'NONE', #816, #2221, #541, .T. ) ;
#3195 = PLANE ( 'NONE',  #107 ) ;
#3196 = CARTESIAN_POINT ( 'NONE',  ( 2.682464589201022600, 1.826314234910362500, -0.8818078178676149700 ) ) ;
#3197 = CARTESIAN_POINT ( 'NONE',  ( -2.850000000000000500, 0.1499999999999999900, -1.000000000000000000 ) ) ;
#3198 = CARTESIAN_POINT ( 'NONE',  ( 1.632667453115285800, 0.0000000000000000000, -1.439615242270661400 ) ) ;
#3199 = FACE_OUTER_BOUND ( 'NONE', #1925, .T. ) ;
#3200 = CARTESIAN_POINT ( 'NONE',  ( -0.8499999999999987600, 1.840000000000000100, 2.849999999999998300 ) ) ;
#3201 = ORIENTED_EDGE ( 'NONE', *, *, #3364, .T. ) ;
#3202 = PLANE ( 'NONE',  #595 ) ;
#3203 = DIRECTION ( 'NONE',  ( -0.0000000000000000000, -1.000000000000000000, -0.0000000000000000000 ) ) ;
#3204 = EDGE_CURVE ( 'NONE', #2223, #185, #1787, .T. ) ;
#3205 = LINE ( 'NONE', #3555, #4298 ) ;
#3206 = ORIENTED_EDGE ( 'NONE', *, *, #3135, .F. ) ;
#3207 = LINE ( 'NONE', #1780, #2778 ) ;
#3208 = EDGE_CURVE ( 'NONE', #3642, #2572, #1535, .T. ) ;
#3209 = CARTESIAN_POINT ( 'NONE',  ( -0.9250000000000082600, 1.765000000000000100, 3.092803097029833300E-015 ) ) ;
#3210 = ORIENTED_EDGE ( 'NONE', *, *, #3276, .F. ) ;
#3211 = ORIENTED_EDGE ( 'NONE', *, *, #1030, .F. ) ;
#3212 = ORIENTED_EDGE ( 'NONE', *, *, #804, .F. ) ;
#3213 = DIRECTION ( 'NONE',  ( 5.015356373561846800E-015, -0.0000000000000000000, -1.000000000000000000 ) ) ;
#3214 = ADVANCED_FACE ( 'NONE', ( #2531, #3005 ), #1627, .T. ) ;
#3215 = ORIENTED_EDGE ( 'NONE', *, *, #867, .T. ) ;
#3216 = CARTESIAN_POINT ( 'NONE',  ( 1.817157287525380500, 0.1499999999999999900, 2.382842712474619000 ) ) ;
#3217 = VERTEX_POINT ( 'NONE', #4282 ) ;
#3218 = VECTOR ( 'NONE', #1855, 1000.000000000000000 ) ;
#3219 = VERTEX_POINT ( 'NONE', #3011 ) ;
#3220 = DIRECTION ( 'NONE',  ( 0.0000000000000000000, 0.0000000000000000000, 1.000000000000000000 ) ) ;
#3221 = VECTOR ( 'NONE', #871, 1000.000000000000000 ) ;
#3222 = ORIENTED_EDGE ( 'NONE', *, *, #3021, .T. ) ;
#3223 = CYLINDRICAL_SURFACE ( 'NONE', #3677, 0.1500000000000002200 ) ;
#3224 = ORIENTED_EDGE ( 'NONE', *, *, #2060, .F. ) ;
#3225 = VECTOR ( 'NONE', #2075, 1000.000000000000000 ) ;
#3226 = CARTESIAN_POINT ( 'NONE',  ( 2.071231517720798700, 0.1499999999999999900, -1.000000000000000400 ) ) ;
#3227 = VERTEX_POINT ( 'NONE', #1923 ) ;
#3228 = CARTESIAN_POINT ( 'NONE',  ( -2.071231517720797800, 5.946455813684773200, -1.000000000000000000 ) ) ;
#3229 = ADVANCED_FACE ( 'NONE', ( #648 ), #576, .T. ) ;
#3230 = VECTOR ( 'NONE', #504, 1000.000000000000000 ) ;
#3231 = ORIENTED_EDGE ( 'NONE', *, *, #1843, .F. ) ;
#3232 = EDGE_CURVE ( 'NONE', #473, #3035, #914, .T. ) ;
#3233 = ORIENTED_EDGE ( 'NONE', *, *, #4260, .F. ) ;
#3234 = LINE ( 'NONE', #1470, #2759 ) ;
#3235 = CARTESIAN_POINT ( 'NONE',  ( 2.071231517720798700, 5.946455813684773200, -1.000000000000000400 ) ) ;
#3236 = DIRECTION ( 'NONE',  ( -0.0000000000000000000, -1.000000000000000000, -0.0000000000000000000 ) ) ;
#3237 = CIRCLE ( 'NONE', #152, 2.299999999999999800 ) ;
#3238 = DIRECTION ( 'NONE',  ( 0.7071067811865475700, 0.0000000000000000000, -0.7071067811865475700 ) ) ;
#3239 = PLANE ( 'NONE',  #4325 ) ;
#3240 = LINE ( 'NONE', #2151, #560 ) ;
#3241 = DIRECTION ( 'NONE',  ( -0.7071067811865476800, 0.0000000000000000000, -0.7071067811865472400 ) ) ;
#3242 = VECTOR ( 'NONE', #3801, 1000.000000000000200 ) ;
#3243 = AXIS2_PLACEMENT_3D ( 'NONE', #3082, #4161, #4135 ) ;
#3244 = DIRECTION ( 'NONE',  ( -0.7071067811865477900, -1.224646799147352500E-016, -0.7071067811865473500 ) ) ;
#3245 = EDGE_CURVE ( 'NONE', #1185, #1012, #4274, .T. ) ;
#3246 = LINE ( 'NONE', #1603, #1815 ) ;
#3247 = VERTEX_POINT ( 'NONE', #2701 ) ;
#3248 = DIRECTION ( 'NONE',  ( 0.6063390625908318100, 0.5144957554275276800, -0.6063390625908321500 ) ) ;
#3249 = ADVANCED_FACE ( 'NONE', ( #701 ), #2938, .F. ) ;
#3250 = CARTESIAN_POINT ( 'NONE',  ( -2.670199822130229400, 1.833977139174517000, 0.8944812056350814900 ) ) ;
#3251 = FACE_OUTER_BOUND ( 'NONE', #3702, .T. ) ;
#3252 = CARTESIAN_POINT ( 'NONE',  ( 1.349999999999999600, 1.279999999999998300, 2.850000000000000100 ) ) ;
#3253 = AXIS2_PLACEMENT_3D ( 'NONE', #757, #3731, #717 ) ;
#3254 = AXIS2_PLACEMENT_3D ( 'NONE', #341, #3319, #2962 ) ;
#3255 = CARTESIAN_POINT ( 'NONE',  ( 2.653389341954927300, 1.840000000000000100, -0.9250000000000000400 ) ) ;
#3256 = B_SPLINE_CURVE_WITH_KNOTS ( 'NONE', 3,
 ( #1159, #4171, #2501, #3836, #3156, #1819, #1841, #1144, #2129, #3515 ),
 .UNSPECIFIED., .F., .F.,
 ( 4, 3, 3, 4 ),
 ( 0.0000000000000000000, 2.601960267936199900E-005, 5.966491159772733400E-005, 0.0001042246413260066300 ),
 .UNSPECIFIED. ) ;
#3257 = ORIENTED_EDGE ( 'NONE', *, *, #2775, .F. ) ;
#3258 = LINE ( 'NONE', #1301, #2195 ) ;
#3259 = EDGE_LOOP ( 'NONE', ( #935, #426, #1254, #3583 ) ) ;
#3260 = EDGE_LOOP ( 'NONE', ( #4058, #2745, #2535, #3737 ) ) ;
#3261 = VERTEX_POINT ( 'NONE', #2001 ) ;
#3262 = EDGE_CURVE ( 'NONE', #310, #3483, #754, .T. ) ;
#3263 = ORIENTED_EDGE ( 'NONE', *, *, #3204, .T. ) ;
#3264 = ORIENTED_EDGE ( 'NONE', *, *, #3964, .F. ) ;
#3265 = DIRECTION ( 'NONE',  ( -6.389231090076064400E-016, 0.0000000000000000000, -1.000000000000000000 ) ) ;
#3266 = ORIENTED_EDGE ( 'NONE', *, *, #1752, .T. ) ;
#3267 = VECTOR ( 'NONE', #856, 1000.000000000000000 ) ;
#3268 = ORIENTED_EDGE ( 'NONE', *, *, #1315, .F. ) ;
#3269 = ORIENTED_EDGE ( 'NONE', *, *, #202, .T. ) ;
#3270 = CARTESIAN_POINT ( 'NONE',  ( -2.568157287525382400, 1.580000000000000100, -3.133842712474621100 ) ) ;
#3271 = DIRECTION ( 'NONE',  ( -0.7071067811865477900, 0.0000000000000000000, -0.7071067811865472400 ) ) ;
#3272 = EDGE_CURVE ( 'NONE', #4004, #2133, #1585, .T. ) ;
#3273 = ORIENTED_EDGE ( 'NONE', *, *, #4021, .F. ) ;
#3274 = LINE ( 'NONE', #3922, #4223 ) ;
#3275 = ADVANCED_FACE ( 'NONE', ( #1070 ), #2074, .T. ) ;
#3276 = EDGE_CURVE ( 'NONE', #1730, #3227, #4169, .T. ) ;
#3277 = VERTEX_POINT ( 'NONE', #1391 ) ;
#3278 = LINE ( 'NONE', #3639, #3915 ) ;
#3279 = CARTESIAN_POINT ( 'NONE',  ( -2.121320343559643700, -5.267836809119285900E-017, -2.687005768508879300 ) ) ;
#3280 = EDGE_LOOP ( 'NONE', ( #2986, #3622, #3158, #1614 ) ) ;
#3281 = EDGE_CURVE ( 'NONE', #55, #3307, #2216, .T. ) ;
#3282 = PLANE ( 'NONE',  #2492 ) ;
#3283 = CARTESIAN_POINT ( 'NONE',  ( -2.015254326381661400, -5.267836809119285900E-017, -2.580939751330897400 ) ) ;
#3284 = VECTOR ( 'NONE', #79, 1000.000000000000000 ) ;
#3285 = PRODUCT ( 'CDRH5D18NP-100NC', 'CDRH5D18NP-100NC', '', ( #1100 ) ) ;
#3286 = DIRECTION ( 'NONE',  ( 0.0000000000000000000, 0.0000000000000000000, 1.000000000000000000 ) ) ;
#3287 = ORIENTED_EDGE ( 'NONE', *, *, #3812, .T. ) ;
#3288 =( GEOMETRIC_REPRESENTATION_CONTEXT ( 3 ) GLOBAL_UNCERTAINTY_ASSIGNED_CONTEXT ( ( #3316 ) ) GLOBAL_UNIT_ASSIGNED_CONTEXT ( ( #2716, #3745, #4078 ) ) REPRESENTATION_CONTEXT ( 'NONE', 'WORKASPACE' ) );
#3289 = EDGE_CURVE ( 'NONE', #1156, #673, #3643, .T. ) ;
#3290 = LINE ( 'NONE', #2138, #1639 ) ;
#3291 = FACE_OUTER_BOUND ( 'NONE', #4272, .T. ) ;
#3292 = CARTESIAN_POINT ( 'NONE',  ( -1.741465986122621400, 0.0000000000000000000, 1.502430104589882500 ) ) ;
#3293 = ADVANCED_FACE ( 'NONE', ( #438 ), #1732, .F. ) ;
#3294 = CARTESIAN_POINT ( 'NONE',  ( -2.718662916695810500, 1.792743840191892700, 0.8552039279051871800 ) ) ;
#3295 = DIRECTION ( 'NONE',  ( 0.0000000000000000000, 0.0000000000000000000, 1.000000000000000000 ) ) ;
#3296 = PRESENTATION_STYLE_ASSIGNMENT (( #292 ) ) ;
#3297 = ORIENTED_EDGE ( 'NONE', *, *, #1084, .T. ) ;
#3298 = DIRECTION ( 'NONE',  ( -0.7071067811865474600, 0.0000000000000000000, 0.7071067811865474600 ) ) ;
#3299 = CARTESIAN_POINT ( 'NONE',  ( -2.474873734152917200, 0.2999999999999999300, -1.909188309203676800 ) ) ;
#3300 = FACE_OUTER_BOUND ( 'NONE', #1041, .T. ) ;
#3301 = ORIENTED_EDGE ( 'NONE', *, *, #2707, .F. ) ;
#3302 = EDGE_CURVE ( 'NONE', #2881, #3313, #186, .T. ) ;
#3303 = CARTESIAN_POINT ( 'NONE',  ( -0.8298639973530855800, 1.603219207054085200, 2.726509159163383400 ) ) ;
#3304 = FACE_OUTER_BOUND ( 'NONE', #3326, .T. ) ;
#3305 = DIRECTION ( 'NONE',  ( 0.7071067811865473500, 0.0000000000000000000, -0.7071067811865477900 ) ) ;
#3306 = ORIENTED_EDGE ( 'NONE', *, *, #2598, .F. ) ;
#3307 = VERTEX_POINT ( 'NONE', #3097 ) ;
#3308 = CARTESIAN_POINT ( 'NONE',  ( -1.652165705248522800, 1.529999999999998900, -2.429983164553719500 ) ) ;
#3309 = DIRECTION ( 'NONE',  ( -1.239088197126291300E-015, 0.0000000000000000000, -1.000000000000000000 ) ) ;
#3310 = EDGE_CURVE ( 'NONE', #3532, #1133, #75, .T. ) ;
#3311 = EDGE_LOOP ( 'NONE', ( #263, #334, #2468, #315 ) ) ;
#3312 = ADVANCED_FACE ( 'NONE', ( #3548 ), #2777, .F. ) ;
#3313 = VERTEX_POINT ( 'NONE', #2762 ) ;
#3314 = VECTOR ( 'NONE', #2147, 1000.000000000000000 ) ;
#3315 = ORIENTED_EDGE ( 'NONE', *, *, #1388, .F. ) ;
#3316 = UNCERTAINTY_MEASURE_WITH_UNIT (LENGTH_MEASURE( 1.000000000000000100E-005 ), #2716, 'distance_accuracy_value', 'NONE');
#3317 = CARTESIAN_POINT ( 'NONE',  ( -0.8171919656622205200, 1.592993242033162900, 2.730329154379946400 ) ) ;
#3318 = LINE ( 'NONE', #3748, #1221 ) ;
#3319 = DIRECTION ( 'NONE',  ( 5.015356373561846800E-015, 0.0000000000000000000, -1.000000000000000000 ) ) ;
#3320 = ORIENTED_EDGE ( 'NONE', *, *, #2505, .T. ) ;
#3321 = VECTOR ( 'NONE', #2872, 1000.000000000000100 ) ;
#3322 = VERTEX_POINT ( 'NONE', #769 ) ;
#3323 = PRESENTATION_LAYER_ASSIGNMENT (  '', '', ( #3099 ) ) ;
#3324 = CARTESIAN_POINT ( 'NONE',  ( -1.909188309203679400, 0.2999999999999999300, -2.474873734152915000 ) ) ;
#3325 = LINE ( 'NONE', #3697, #27 ) ;
#3326 = EDGE_LOOP ( 'NONE', ( #4302, #82, #809, #2315 ) ) ;
#3327 = CARTESIAN_POINT ( 'NONE',  ( -2.474873734152918100, 1.490000000000000000, -2.121320343559641900 ) ) ;
#3328 = EDGE_CURVE ( 'NONE', #2917, #990, #1729, .T. ) ;
#3329 = CARTESIAN_POINT ( 'NONE',  ( 1.793587061485831600, 1.530000000000000000, 2.288561808316410300 ) ) ;
#3330 = LINE ( 'NONE', #1491, #2432 ) ;
#3331 = DIRECTION ( 'NONE',  ( 0.0000000000000000000, 1.000000000000000000, 0.0000000000000000000 ) ) ;
#3332 = VERTEX_POINT ( 'NONE', #1093 ) ;
#3333 = CARTESIAN_POINT ( 'NONE',  ( 2.750000000000000400, 0.1499999999999999700, -2.750000000000000400 ) ) ;
#3334 = ADVANCED_FACE ( 'NONE', ( #4116 ), #3462, .F. ) ;
#3335 = VECTOR ( 'NONE', #2537, 1000.000000000000100 ) ;
#3336 = AXIS2_PLACEMENT_3D ( 'NONE', #3559, #3893, #497 ) ;
#3337 = DIRECTION ( 'NONE',  ( 0.7071067811865475700, 0.0000000000000000000, -0.7071067811865474600 ) ) ;
#3338 = CARTESIAN_POINT ( 'NONE',  ( -2.717570627836718000, 1.800000000000001600, 0.8586675041709339600 ) ) ;
#3339 = DIRECTION ( 'NONE',  ( -0.7071067811865476800, -0.0000000000000000000, 0.7071067811865474600 ) ) ;
#3340 = PRESENTATION_STYLE_ASSIGNMENT (( #3111 ) ) ;
#3341 = EDGE_CURVE ( 'NONE', #1571, #2890, #3544, .T. ) ;
#3342 = FACE_OUTER_BOUND ( 'NONE', #742, .T. ) ;
#3343 = CARTESIAN_POINT ( 'NONE',  ( 1.909188309203677400, 0.1499999999999999400, 2.474873734152916300 ) ) ;
#3344 = CARTESIAN_POINT ( 'NONE',  ( 2.580939751330897800, 1.700000000000000000, 2.015254326381660000 ) ) ;
#3345 = DIRECTION ( 'NONE',  ( -0.0000000000000000000, -0.0000000000000000000, -1.000000000000000000 ) ) ;
#3346 = LINE ( 'NONE', #794, #2446 ) ;
#3347 = CARTESIAN_POINT ( 'NONE',  ( -2.742603689926780500, 1.580000000000000100, 0.7750000000000023500 ) ) ;
#3348 = CIRCLE ( 'NONE', #3394, 2.849999999999999200 ) ;
#3349 = VERTEX_POINT ( 'NONE', #41 ) ;
#3350 = CARTESIAN_POINT ( 'NONE',  ( 2.015254326381659600, 1.580000000000000100, 2.580939751330898300 ) ) ;
#3351 = DIRECTION ( 'NONE',  ( 0.0000000000000000000, 0.0000000000000000000, -1.000000000000000000 ) ) ;
#3352 = PLANE ( 'NONE',  #2005 ) ;
#3353 = PLANE ( 'NONE',  #3550 ) ;
#3354 = EDGE_CURVE ( 'NONE', #1989, #2864, #2211, .T. ) ;
#3355 = LINE ( 'NONE', #481, #993 ) ;
#3356 = PLANE ( 'NONE',  #2809 ) ;
#3357 = DIRECTION ( 'NONE',  ( 0.0000000000000000000, -1.000000000000000000, 0.0000000000000000000 ) ) ;
#3358 = ORIENTED_EDGE ( 'NONE', *, *, #1636, .F. ) ;
#3359 = VECTOR ( 'NONE', #2791, 1000.000000000000000 ) ;
#3360 = VERTEX_POINT ( 'NONE', #1379 ) ;
#3361 = ORIENTED_EDGE ( 'NONE', *, *, #1967, .T. ) ;
#3362 = CARTESIAN_POINT ( 'NONE',  ( 2.071231517720797800, 0.1499999999999999700, 1.000000000000000000 ) ) ;
#3363 = ADVANCED_FACE ( 'NONE', ( #1117 ), #1530, .T. ) ;
#3364 = EDGE_CURVE ( 'NONE', #3722, #234, #2419, .T. ) ;
#3365 = ORIENTED_EDGE ( 'NONE', *, *, #4085, .F. ) ;
#3366 = CARTESIAN_POINT ( 'NONE',  ( 1.932667453115288100, 5.946455813684773200, 0.9199999999999993700 ) ) ;
#3367 = ORIENTED_EDGE ( 'NONE', *, *, #2452, .F. ) ;
#3368 = VECTOR ( 'NONE', #3967, 1000.000000000000000 ) ;
#3369 = ORIENTED_EDGE ( 'NONE', *, *, #2431, .F. ) ;
#3370 = CARTESIAN_POINT ( 'NONE',  ( 2.749999999999999600, 5.946455813684773200, 1.000000000000000200 ) ) ;
#3371 = ORIENTED_EDGE ( 'NONE', *, *, #2958, .T. ) ;
#3372 = DIRECTION ( 'NONE',  ( -0.0000000000000000000, 1.000000000000000000, 0.0000000000000000000 ) ) ;
#3373 = CARTESIAN_POINT ( 'NONE',  ( 2.399999999999999900, -8.061017305526641900, -2.400000000000000400 ) ) ;
#3374 = AXIS2_PLACEMENT_3D ( 'NONE', #3226, #1876, #1904 ) ;
#3375 = CARTESIAN_POINT ( 'NONE',  ( 2.071231517720798700, 5.946455813684773200, -1.000000000000000400 ) ) ;
#3376 = EDGE_CURVE ( 'NONE', #4167, #3332, #960, .T. ) ;
#3377 = ORIENTED_EDGE ( 'NONE', *, *, #3044, .T. ) ;
#3378 = FACE_OUTER_BOUND ( 'NONE', #2152, .T. ) ;
#3379 = ORIENTED_EDGE ( 'NONE', *, *, #4027, .T. ) ;
#3380 = CARTESIAN_POINT ( 'NONE',  ( -1.350000000000000500, 1.279999999999996500, -2.850000000000000100 ) ) ;
#3381 = ORIENTED_EDGE ( 'NONE', *, *, #3051, .F. ) ;
#3382 = DIRECTION ( 'NONE',  ( 0.7071067811865474600, -1.224646799147352500E-016, 0.7071067811865476800 ) ) ;
#3383 = VECTOR ( 'NONE', #1660, 1000.000000000000200 ) ;
#3384 = EDGE_CURVE ( 'NONE', #3003, #3219, #2099, .T. ) ;
#3385 = CARTESIAN_POINT ( 'NONE',  ( -0.8499999999999987600, 1.655000000000000000, 2.849999999999998300 ) ) ;
#3386 = EDGE_LOOP ( 'NONE', ( #3602 ) ) ;
#3387 = AXIS2_PLACEMENT_3D ( 'NONE', #93, #2057, #4140 ) ;
#3388 = CIRCLE ( 'NONE', #614, 0.3000000000000001600 ) ;
#3389 = CARTESIAN_POINT ( 'NONE',  ( -2.580939751330899100, 1.280000000000000000, -2.015254326381659100 ) ) ;
#3390 = CARTESIAN_POINT ( 'NONE',  ( 2.399999999999999900, -8.061017305526641900, -2.850000000000000100 ) ) ;
#3391 = DIRECTION ( 'NONE',  ( -0.7071067811865475700, -0.0000000000000000000, 0.7071067811865475700 ) ) ;
#3392 = CARTESIAN_POINT ( 'NONE',  ( 2.717570627836718900, 1.800000000000001600, -0.8586675041709317400 ) ) ;
#3393 = ORIENTED_EDGE ( 'NONE', *, *, #2235, .F. ) ;
#3394 = AXIS2_PLACEMENT_3D ( 'NONE', #1851, #2494, #1870 ) ;
#3395 = LINE ( 'NONE', #2323, #192 ) ;
#3396 = EDGE_CURVE ( 'NONE', #4268, #552, #224, .T. ) ;
#3397 = CARTESIAN_POINT ( 'NONE',  ( -3.027776695296638700, 1.490000000000000000, -2.674223304703364800 ) ) ;
#3398 = DIRECTION ( 'NONE',  ( 0.0000000000000000000, -1.000000000000000000, 0.0000000000000000000 ) ) ;
#3399 = FACE_OUTER_BOUND ( 'NONE', #2248, .T. ) ;
#3400 = DIRECTION ( 'NONE',  ( -0.7071067811865475700, -0.0000000000000000000, 0.7071067811865474600 ) ) ;
#3401 = AXIS2_PLACEMENT_3D ( 'NONE', #2020, #679, #2610 ) ;
#3402 = CIRCLE ( 'NONE', #264, 2.649999999999999000 ) ;
#3403 = DIRECTION ( 'NONE',  ( 0.6063390625908320300, 0.5144957554275275700, -0.6063390625908320300 ) ) ;
#3404 = CARTESIAN_POINT ( 'NONE',  ( 1.932667453115288300, 0.1499999999999999700, -0.9199999999999996000 ) ) ;
#3405 = DIRECTION ( 'NONE',  ( 0.5000000000000038900, 0.0000000000000000000, 0.8660254037844363800 ) ) ;
#3406 = PLANE ( 'NONE',  #1342 ) ;
#3407 =( GEOMETRIC_REPRESENTATION_CONTEXT ( 3 ) GLOBAL_UNCERTAINTY_ASSIGNED_CONTEXT ( ( #3865 ) ) GLOBAL_UNIT_ASSIGNED_CONTEXT ( ( #3046, #4054, #1037 ) ) REPRESENTATION_CONTEXT ( 'NONE', 'WORKASPACE' ) );
#3408 =( NAMED_UNIT ( * ) SI_UNIT ( $, .STERADIAN. ) SOLID_ANGLE_UNIT ( ) );
#3409 = FACE_OUTER_BOUND ( 'NONE', #700, .T. ) ;
#3410 = ORIENTED_EDGE ( 'NONE', *, *, #2621, .T. ) ;
#3411 = CARTESIAN_POINT ( 'NONE',  ( -1.909188309203679400, 0.2999999999999999300, -2.474873734152915000 ) ) ;
#3412 = LINE ( 'NONE', #1814, #2506 ) ;
#3413 = VERTEX_POINT ( 'NONE', #2461 ) ;
#3414 = PLANE ( 'NONE',  #3857 ) ;
#3415 = ORIENTED_EDGE ( 'NONE', *, *, #3302, .T. ) ;
#3416 = PLANE ( 'NONE',  #3789 ) ;
#3417 = PRESENTATION_LAYER_ASSIGNMENT (  '', '', ( #4060 ) ) ;
#3418 = SURFACE_STYLE_USAGE ( .BOTH. , #1050 ) ;
#3419 = FILL_AREA_STYLE_COLOUR ( '', #262 ) ;
#3420 = EDGE_CURVE ( 'NONE', #3897, #527, #1892, .T. ) ;
#3421 = DIRECTION ( 'NONE',  ( -0.7071067811865475700, -0.0000000000000000000, 0.7071067811865475700 ) ) ;
#3422 = VERTEX_POINT ( 'NONE', #2123 ) ;
#3423 = CARTESIAN_POINT ( 'NONE',  ( 2.580939751330897800, 0.2999999999999999300, 2.015254326381660000 ) ) ;
#3424 = ORIENTED_EDGE ( 'NONE', *, *, #1298, .F. ) ;
#3425 = ORIENTED_EDGE ( 'NONE', *, *, #428, .T. ) ;
#3426 = EDGE_CURVE ( 'NONE', #1161, #4330, #3318, .T. ) ;
#3427 = VECTOR ( 'NONE', #2554, 1000.000000000000000 ) ;
#3428 = ORIENTED_EDGE ( 'NONE', *, *, #3396, .F. ) ;
#3429 = CARTESIAN_POINT ( 'NONE',  ( -1.932667453115288300, 0.0000000000000000000, 0.9199999999999996000 ) ) ;
#3430 = CARTESIAN_POINT ( 'NONE',  ( -1.817157287525382100, 0.0000000000000000000, -2.382842712474618500 ) ) ;
#3431 = VECTOR ( 'NONE', #761, 1000.000000000000000 ) ;
#3432 = DIRECTION ( 'NONE',  ( 0.0000000000000000000, 0.0000000000000000000, -1.000000000000000000 ) ) ;
#3433 = DIRECTION ( 'NONE',  ( -0.7071067811865474600, 0.0000000000000000000, 0.7071067811865474600 ) ) ;
#3434 = AXIS2_PLACEMENT_3D ( 'NONE', #233, #1913, #4283 ) ;
#3435 = SURFACE_SIDE_STYLE ('',( #4048 ) ) ;
#3436 = EDGE_CURVE ( 'NONE', #4118, #1317, #385, .T. ) ;
#3437 = ORIENTED_EDGE ( 'NONE', *, *, #1562, .T. ) ;
#3438 = DIRECTION ( 'NONE',  ( 0.0000000000000000000, 1.000000000000000000, 0.0000000000000000000 ) ) ;
#3439 = VECTOR ( 'NONE', #3906, 1000.000000000000000 ) ;
#3440 = CARTESIAN_POINT ( 'NONE',  ( 2.740149069919485500, 1.580000000000000100, -0.7836865159862930200 ) ) ;
#3441 = LINE ( 'NONE', #1647, #2218 ) ;
#3442 = CARTESIAN_POINT ( 'NONE',  ( 2.477123616632822300, 1.329999999999998500, 1.699306157327626200 ) ) ;
#3443 = EDGE_LOOP ( 'NONE', ( #2634 ) ) ;
#3444 = CARTESIAN_POINT ( 'NONE',  ( 0.8395985737596269900, 1.616068491961095900, -2.723527054899937300 ) ) ;
#3445 = VECTOR ( 'NONE', #3067, 999.9999999999998900 ) ;
#3446 = ORIENTED_EDGE ( 'NONE', *, *, #2648, .F. ) ;
#3447 = DIRECTION ( 'NONE',  ( -0.8660254037844404800, 0.0000000000000000000, 0.4999999999999967800 ) ) ;
#3448 = DIRECTION ( 'NONE',  ( 1.776356839400250500E-015, 0.0000000000000000000, 1.000000000000000000 ) ) ;
#3449 = ORIENTED_EDGE ( 'NONE', *, *, #1912, .T. ) ;
#3450 = DIRECTION ( 'NONE',  ( 0.0000000000000000000, 0.0000000000000000000, -1.000000000000000000 ) ) ;
#3451 = LINE ( 'NONE', #180, #1439 ) ;
#3452 = CARTESIAN_POINT ( 'NONE',  ( 2.121320343559642400, 1.490000000000000000, 2.474873734152917200 ) ) ;
#3453 = CARTESIAN_POINT ( 'NONE',  ( 2.723364253211564700, 1.617777598863743300, -0.8401113880488779700 ) ) ;
#3454 = FACE_OUTER_BOUND ( 'NONE', #1705, .T. ) ;
#3455 = CARTESIAN_POINT ( 'NONE',  ( 1.237436867076458600, 1.430000000000000200, 0.7424621202458751000 ) ) ;
#3456 = PLANE ( 'NONE',  #1906 ) ;
#3457 = LINE ( 'NONE', #999, #250 ) ;
#3458 = CARTESIAN_POINT ( 'NONE',  ( 2.849999999999999600, 0.0000000000000000000, -1.000000000000000400 ) ) ;
#3459 = FACE_OUTER_BOUND ( 'NONE', #1846, .T. ) ;
#3460 = EDGE_CURVE ( 'NONE', #2041, #4268, #2305, .T. ) ;
#3461 = PLANE ( 'NONE',  #1054 ) ;
#3462 = PLANE ( 'NONE',  #2922 ) ;
#3463 = FACE_OUTER_BOUND ( 'NONE', #1351, .T. ) ;
#3464 = CARTESIAN_POINT ( 'NONE',  ( -2.749999999999999600, 0.0000000000000000000, -1.450000000000001300 ) ) ;
#3465 = EDGE_LOOP ( 'NONE', ( #3151, #903, #3674, #2304, #2979, #2430, #848, #4088, #1023, #4160, #2414, #975 ) ) ;
#3466 = DIRECTION ( 'NONE',  ( 0.7071067811865486800, 0.0000000000000000000, -0.7071067811865464600 ) ) ;
#3467 = VECTOR ( 'NONE', #2857, 1000.000000000000000 ) ;
#3468 = SURFACE_STYLE_FILL_AREA ( #76 ) ;
#3469 = ORIENTED_EDGE ( 'NONE', *, *, #3955, .F. ) ;
#3470 = VECTOR ( 'NONE', #2108, 1000.000000000000000 ) ;
#3471 = CARTESIAN_POINT ( 'NONE',  ( 2.687005768508879700, -5.267836809119285900E-017, 2.121320343559642400 ) ) ;
#3472 = VERTEX_POINT ( 'NONE', #44 ) ;
#3473 = ORIENTED_EDGE ( 'NONE', *, *, #1589, .F. ) ;
#3474 = CARTESIAN_POINT ( 'NONE',  ( 2.850000000000000500, 0.1499999999999999900, 1.000000000000000000 ) ) ;
#3475 = DIRECTION ( 'NONE',  ( 0.8660254037844366000, 0.0000000000000000000, 0.5000000000000035500 ) ) ;
#3476 = EDGE_LOOP ( 'NONE', ( #211, #4263, #2159, #875 ) ) ;
#3477 = CARTESIAN_POINT ( 'NONE',  ( 0.8549306990581305700, 1.792917954011158600, -2.718751341631066700 ) ) ;
#3478 = ORIENTED_EDGE ( 'NONE', *, *, #1046, .T. ) ;
#3479 = ADVANCED_FACE ( 'NONE', ( #3793 ), #1374, .F. ) ;
#3480 = EDGE_CURVE ( 'NONE', #3349, #575, #2048, .T. ) ;
#3481 = DIRECTION ( 'NONE',  ( 0.7071067811865474600, -1.224646799147352700E-016, 0.7071067811865474600 ) ) ;
#3482 = CARTESIAN_POINT ( 'NONE',  ( -2.724709018477284000, 1.610152106112211700, 0.8357521022378323600 ) ) ;
#3483 = VERTEX_POINT ( 'NONE', #2078 ) ;
#3484 = VERTEX_POINT ( 'NONE', #60 ) ;
#3485 = CARTESIAN_POINT ( 'NONE',  ( 2.735223126700201400, 1.584525691738010200, -0.8006587582512099100 ) ) ;
#3486 = CARTESIAN_POINT ( 'NONE',  ( 1.849999999999999600, 5.946455813684773200, -2.750000000000000400 ) ) ;
#3487 = ORIENTED_EDGE ( 'NONE', *, *, #3871, .F. ) ;
#3488 = FACE_OUTER_BOUND ( 'NONE', #753, .T. ) ;
#3489 = ORIENTED_EDGE ( 'NONE', *, *, #3310, .F. ) ;
#3490 = DIRECTION ( 'NONE',  ( 0.5000000000000036600, 0.0000000000000000000, -0.8660254037844366000 ) ) ;
#3491 = AXIS2_PLACEMENT_3D ( 'NONE', #286, #2335, #3688 ) ;
#3492 = ORIENTED_EDGE ( 'NONE', *, *, #1452, .F. ) ;
#3493 = CARTESIAN_POINT ( 'NONE',  ( 2.015254326381659600, -5.267836809119285900E-017, 2.580939751330898300 ) ) ;
#3494 = LINE ( 'NONE', #2217, #1014 ) ;
#3495 = CARTESIAN_POINT ( 'NONE',  ( -2.071231517720798700, 0.1499999999999999700, 1.000000000000000400 ) ) ;
#3496 = DIRECTION ( 'NONE',  ( -1.000000000000000000, 0.0000000000000000000, 0.0000000000000000000 ) ) ;
#3497 = EDGE_LOOP ( 'NONE', ( #4346, #1187, #2030, #3810 ) ) ;
#3498 = LINE ( 'NONE', #702, #495 ) ;
#3499 = EDGE_LOOP ( 'NONE', ( #3903, #4261, #1062, #681, #1057, #1106, #3268, #1895 ) ) ;
#3500 = EDGE_CURVE ( 'NONE', #8, #2572, #3686, .T. ) ;
#3501 = DIRECTION ( 'NONE',  ( 0.0000000000000000000, 0.0000000000000000000, -1.000000000000000000 ) ) ;
#3502 = CARTESIAN_POINT ( 'NONE',  ( 2.580939751330898300, 1.490000000000000000, 2.227386360737624300 ) ) ;
#3503 = ORIENTED_EDGE ( 'NONE', *, *, #2377, .F. ) ;
#3504 = DIRECTION ( 'NONE',  ( -0.7071067811865466800, 0.0000000000000000000, -0.7071067811865481300 ) ) ;
#3505 = CARTESIAN_POINT ( 'NONE',  ( 2.227386360737623900, 1.370000000000000100, 2.580939751330898700 ) ) ;
#3506 = ADVANCED_FACE ( 'NONE', ( #2904 ), #396, .T. ) ;
#3507 = VECTOR ( 'NONE', #1401, 999.9999999999998900 ) ;
#3508 = CARTESIAN_POINT ( 'NONE',  ( 0.2000000000000068100, 8.087290752392162300E-031, -4.399999999999999500 ) ) ;
#3509 = AXIS2_PLACEMENT_3D ( 'NONE', #3968, #2632, #951 ) ;
#3510 = CIRCLE ( 'NONE', #1064, 0.09999999999999983900 ) ;
#3511 = EDGE_CURVE ( 'NONE', #1288, #1730, #2631, .T. ) ;
#3512 = DIRECTION ( 'NONE',  ( 0.0000000000000000000, -1.000000000000000000, 0.0000000000000000000 ) ) ;
#3513 = LINE ( 'NONE', #48, #4082 ) ;
#3514 = CARTESIAN_POINT ( 'NONE',  ( 2.071231517720798700, 0.1499999999999999900, -1.000000000000000400 ) ) ;
#3515 = CARTESIAN_POINT ( 'NONE',  ( -0.8586675041709311800, 1.800000000000001600, 2.717570627836719800 ) ) ;
#3516 = EDGE_CURVE ( 'NONE', #1852, #849, #3739, .T. ) ;
#3517 = DIRECTION ( 'NONE',  ( -0.0000000000000000000, -1.000000000000000000, -0.0000000000000000000 ) ) ;
#3518 = FACE_OUTER_BOUND ( 'NONE', #2534, .T. ) ;
#3519 = ORIENTED_EDGE ( 'NONE', *, *, #3281, .F. ) ;
#3520 = AXIS2_PLACEMENT_3D ( 'NONE', #4077, #413, #85 ) ;
#3521 = EDGE_CURVE ( 'NONE', #1719, #215, #592, .T. ) ;
#3522 = CARTESIAN_POINT ( 'NONE',  ( -2.580939751330899600, 1.430000000000000200, -2.227386360737623400 ) ) ;
#3523 = FACE_OUTER_BOUND ( 'NONE', #1018, .T. ) ;
#3524 = EDGE_LOOP ( 'NONE', ( #3786, #2094, #395, #2915 ) ) ;
#3525 = CARTESIAN_POINT ( 'NONE',  ( 2.693351991361066000, 1.819148176111880400, -0.8716351108901139200 ) ) ;
#3526 = DIRECTION ( 'NONE',  ( -0.7071067811865475700, -0.0000000000000000000, 0.7071067811865474600 ) ) ;
#3527 = ADVANCED_FACE ( 'NONE', ( #1065 ), #3406, .T. ) ;
#3528 = CARTESIAN_POINT ( 'NONE',  ( 0.0000000000000000000, 0.1499999999999999900, 0.0000000000000000000 ) ) ;
#3529 = DIRECTION ( 'NONE',  ( -0.7071067811865474600, 0.0000000000000000000, 0.7071067811865474600 ) ) ;
#3530 = ORIENTED_EDGE ( 'NONE', *, *, #101, .F. ) ;
#3531 = CARTESIAN_POINT ( 'NONE',  ( -1.741465986122621400, 0.1499999999999999900, 1.502430104589882500 ) ) ;
#3532 = VERTEX_POINT ( 'NONE', #1384 ) ;
#3533 = VERTEX_POINT ( 'NONE', #2705 ) ;
#3534 = CARTESIAN_POINT ( 'NONE',  ( 2.849999999999999600, 1.655000000000000000, -0.7750000000000001300 ) ) ;
#3535 = ORIENTED_EDGE ( 'NONE', *, *, #1899, .T. ) ;
#3536 = DIRECTION ( 'NONE',  ( -0.0000000000000000000, -1.000000000000000000, -0.0000000000000000000 ) ) ;
#3537 = VERTEX_POINT ( 'NONE', #2054 ) ;
#3538 = LINE ( 'NONE', #4170, #3314 ) ;
#3539 = ORIENTED_EDGE ( 'NONE', *, *, #2965, .T. ) ;
#3540 = ORIENTED_EDGE ( 'NONE', *, *, #3354, .T. ) ;
#3541 = CARTESIAN_POINT ( 'NONE',  ( 2.676185493629952300, 1.830447118715161600, -0.8876747270153861900 ) ) ;
#3542 = PLANE ( 'NONE',  #3705 ) ;
#3543 = CARTESIAN_POINT ( 'NONE',  ( 2.580939751330898700, 1.280000000000000200, 2.015254326381660500 ) ) ;
#3544 = CIRCLE ( 'NONE', #3969, 0.07499999999999998300 ) ;
#3545 = CARTESIAN_POINT ( 'NONE',  ( 0.8586675041709345100, 1.800000000000001600, -2.717570627836718400 ) ) ;
#3546 = DIRECTION ( 'NONE',  ( 0.7071067811865474600, 0.0000000000000000000, -0.7071067811865474600 ) ) ;
#3547 = VERTEX_POINT ( 'NONE', #1085 ) ;
#3548 = FACE_OUTER_BOUND ( 'NONE', #1119, .T. ) ;
#3549 = ADVANCED_FACE ( 'NONE', ( #2366 ), #1406, .F. ) ;
#3550 = AXIS2_PLACEMENT_3D ( 'NONE', #4036, #2006, #2340 ) ;
#3551 = EDGE_CURVE ( 'NONE', #2045, #3585, #183, .T. ) ;
#3552 = ORIENTED_EDGE ( 'NONE', *, *, #4100, .T. ) ;
#3553 = CARTESIAN_POINT ( 'NONE',  ( -2.849999999999999600, 1.580000000000000100, 4.276987851791574100E-016 ) ) ;
#3554 = LINE ( 'NONE', #2760, #1736 ) ;
#3555 = CARTESIAN_POINT ( 'NONE',  ( -3.027776695296638700, 1.370000000000000100, -2.674223304703364800 ) ) ;
#3556 = VERTEX_POINT ( 'NONE', #3764 ) ;
#3557 = CARTESIAN_POINT ( 'NONE',  ( -1.932667453115288300, 0.1499999999999999900, 0.9199999999999996000 ) ) ;
#3558 = ORIENTED_EDGE ( 'NONE', *, *, #3302, .F. ) ;
#3559 = CARTESIAN_POINT ( 'NONE',  ( 2.750000000000000400, 5.946455813684773200, -2.750000000000000400 ) ) ;
#3560 = DIRECTION ( 'NONE',  ( 0.8660254037844367100, 0.0000000000000000000, 0.5000000000000035500 ) ) ;
#3561 = CYLINDRICAL_SURFACE ( 'NONE', #1600, 2.849999999999999200 ) ;
#3562 = DIRECTION ( 'NONE',  ( 0.9205746178983229600, 0.3905667329424725700, 0.0000000000000000000 ) ) ;
#3563 = LINE ( 'NONE', #2909, #2329 ) ;
#3564 = MECHANICAL_DESIGN_GEOMETRIC_PRESENTATION_REPRESENTATION (  '', ( #3099 ), #4230 ) ;
#3565 = EDGE_CURVE ( 'NONE', #3332, #1468, #3172, .T. ) ;
#3566 = SURFACE_STYLE_FILL_AREA ( #142 ) ;
#3567 = CARTESIAN_POINT ( 'NONE',  ( 1.632667453115285800, 5.946455813684773200, 1.439615242270661200 ) ) ;
#3568 = ADVANCED_FACE ( 'NONE', ( #1422 ), #1698, .T. ) ;
#3569 = FACE_OUTER_BOUND ( 'NONE', #3386, .T. ) ;
#3570 = CARTESIAN_POINT ( 'NONE',  ( 0.9250000000000022600, 1.840000000000000100, -2.678357705759258200 ) ) ;
#3571 = AXIS2_PLACEMENT_3D ( 'NONE', #3991, #1959, #980 ) ;
#3572 = VECTOR ( 'NONE', #1994, 1000.000000000000000 ) ;
#3573 = ORIENTED_EDGE ( 'NONE', *, *, #2744, .F. ) ;
#3574 = ORIENTED_EDGE ( 'NONE', *, *, #2522, .F. ) ;
#3575 = CARTESIAN_POINT ( 'NONE',  ( 2.429983164553720400, 1.529999999999998900, 1.652165705248522100 ) ) ;
#3576 = VECTOR ( 'NONE', #3881, 1000.000000000000000 ) ;
#3577 = EDGE_CURVE ( 'NONE', #1414, #4167, #538, .T. ) ;
#3578 = CARTESIAN_POINT ( 'NONE',  ( 2.580939751330898300, 1.430000000000000200, 2.227386360737624300 ) ) ;
#3579 = ORIENTED_EDGE ( 'NONE', *, *, #3122, .F. ) ;
#3580 = ORIENTED_EDGE ( 'NONE', *, *, #1010, .T. ) ;
#3581 = CARTESIAN_POINT ( 'NONE',  ( 1.349999999999999600, -8.061017305526641900, 2.850000000000000100 ) ) ;
#3582 = ORIENTED_EDGE ( 'NONE', *, *, #1540, .T. ) ;
#3583 = ORIENTED_EDGE ( 'NONE', *, *, #1467, .T. ) ;
#3584 = VECTOR ( 'NONE', #2373, 999.9999999999998900 ) ;
#3585 = VERTEX_POINT ( 'NONE', #2768 ) ;
#3586 =( GEOMETRIC_REPRESENTATION_CONTEXT ( 3 ) GLOBAL_UNCERTAINTY_ASSIGNED_CONTEXT ( ( #1173 ) ) GLOBAL_UNIT_ASSIGNED_CONTEXT ( ( #4117, #2084, #2117 ) ) REPRESENTATION_CONTEXT ( 'NONE', 'WORKASPACE' ) );
#3587 = CARTESIAN_POINT ( 'NONE',  ( -1.932667453115288100, 0.1499999999999999700, -0.9199999999999993700 ) ) ;
#3588 = ADVANCED_FACE ( 'NONE', ( #2742 ), #1277, .F. ) ;
#3589 = EDGE_CURVE ( 'NONE', #3532, #3721, #864, .T. ) ;
#3590 = VECTOR ( 'NONE', #1241, 1000.000000000000000 ) ;
#3591 = VERTEX_POINT ( 'NONE', #4128 ) ;
#3592 = ORIENTED_EDGE ( 'NONE', *, *, #723, .F. ) ;
#3593 = VECTOR ( 'NONE', #593, 1000.000000000000200 ) ;
#3594 = PLANE ( 'NONE',  #530 ) ;
#3595 = CARTESIAN_POINT ( 'NONE',  ( -2.705464761201820300, 1.809959986548642400, 0.8639228398085135900 ) ) ;
#3596 = EDGE_CURVE ( 'NONE', #3422, #2369, #3057, .T. ) ;
#3597 = ORIENTED_EDGE ( 'NONE', *, *, #1096, .T. ) ;
#3598 = PLANE ( 'NONE',  #3374 ) ;
#3599 = ORIENTED_EDGE ( 'NONE', *, *, #335, .T. ) ;
#3600 = CARTESIAN_POINT ( 'NONE',  ( 2.749999999999999600, 0.0000000000000000000, 1.000000000000000200 ) ) ;
#3601 = LINE ( 'NONE', #697, #2914 ) ;
#3602 = ORIENTED_EDGE ( 'NONE', *, *, #2605, .T. ) ;
#3603 = EDGE_CURVE ( 'NONE', #2085, #1948, #4008, .T. ) ;
#3604 = ORIENTED_EDGE ( 'NONE', *, *, #3204, .F. ) ;
#3605 = LINE ( 'NONE', #1293, #2012 ) ;
#3606 = ADVANCED_FACE ( 'NONE', ( #2262 ), #1727, .F. ) ;
#3607 = AXIS2_PLACEMENT_3D ( 'NONE', #307, #959, #633 ) ;
#3608 = CARTESIAN_POINT ( 'NONE',  ( -2.474873734152918100, 1.490000000000000000, -2.121320343559641900 ) ) ;
#3609 = LINE ( 'NONE', #2026, #2444 ) ;
#3610 = AXIS2_PLACEMENT_3D ( 'NONE', #1040, #2382, #367 ) ;
#3611 = EDGE_CURVE ( 'NONE', #3332, #2556, #2853, .T. ) ;
#3612 = LINE ( 'NONE', #4073, #155 ) ;
#3613 = DIRECTION ( 'NONE',  ( -0.5000000000000040000, 0.0000000000000000000, 0.8660254037844363800 ) ) ;
#3614 = LINE ( 'NONE', #2694, #3572 ) ;
#3615 = DIRECTION ( 'NONE',  ( 1.000000000000000000, -0.0000000000000000000, -2.784401775768830400E-016 ) ) ;
#3616 = CARTESIAN_POINT ( 'NONE',  ( 2.674223304703366100, 1.370000000000000100, 3.027776695296638300 ) ) ;
#3617 = EDGE_CURVE ( 'NONE', #1336, #4198, #2950, .T. ) ;
#3618 = AXIS2_PLACEMENT_3D ( 'NONE', #1594, #3963, #932 ) ;
#3619 = DIRECTION ( 'NONE',  ( 1.156482317317871500E-016, -0.0000000000000000000, 1.000000000000000000 ) ) ;
#3620 = ORIENTED_EDGE ( 'NONE', *, *, #145, .T. ) ;
#3621 = LINE ( 'NONE', #3763, #3784 ) ;
#3622 = ORIENTED_EDGE ( 'NONE', *, *, #2377, .T. ) ;
#3623 = DIRECTION ( 'NONE',  ( 0.0000000000000000000, 0.0000000000000000000, 1.000000000000000000 ) ) ;
#3624 = ADVANCED_FACE ( 'NONE', ( #4317 ), #1847, .F. ) ;
#3625 = EDGE_LOOP ( 'NONE', ( #1675 ) ) ;
#3626 = ORIENTED_EDGE ( 'NONE', *, *, #2652, .T. ) ;
#3627 = ORIENTED_EDGE ( 'NONE', *, *, #2605, .F. ) ;
#3628 = AXIS2_PLACEMENT_3D ( 'NONE', #715, #3391, #2003 ) ;
#3629 = ORIENTED_EDGE ( 'NONE', *, *, #3208, .T. ) ;
#3630 = ORIENTED_EDGE ( 'NONE', *, *, #2401, .F. ) ;
#3631 = DIRECTION ( 'NONE',  ( 9.637352644315588800E-016, 0.0000000000000000000, -1.000000000000000000 ) ) ;
#3632 = ORIENTED_EDGE ( 'NONE', *, *, #3074, .F. ) ;
#3633 = PLANE ( 'NONE',  #467 ) ;
#3634 = CARTESIAN_POINT ( 'NONE',  ( -2.720294101747085400, 1.773092576354203800, 0.8500000000000022000 ) ) ;
#3635 = EDGE_CURVE ( 'NONE', #2223, #3035, #249, .T. ) ;
#3636 = AXIS2_PLACEMENT_3D ( 'NONE', #2233, #1590, #3623 ) ;
#3637 = CARTESIAN_POINT ( 'NONE',  ( -2.071231517720798700, 5.946455813684773200, 1.000000000000000400 ) ) ;
#3638 =( NAMED_UNIT ( * ) PLANE_ANGLE_UNIT ( ) SI_UNIT ( $, .RADIAN. ) );
#3639 = CARTESIAN_POINT ( 'NONE',  ( 1.350000000000000500, 0.1499999999999999900, 2.850000000000000100 ) ) ;
#3640 = EDGE_CURVE ( 'NONE', #2256, #1058, #1622, .T. ) ;
#3641 = CARTESIAN_POINT ( 'NONE',  ( 2.029289321881345000, 1.580000000000000100, 2.029289321881345500 ) ) ;
#3642 = VERTEX_POINT ( 'NONE', #2394 ) ;
#3643 = LINE ( 'NONE', #1718, #1853 ) ;
#3644 = CARTESIAN_POINT ( 'NONE',  ( 2.029289321881345000, 1.580000000000000100, 2.029289321881345500 ) ) ;
#3645 = DIRECTION ( 'NONE',  ( 0.0000000000000000000, 1.000000000000000000, 0.0000000000000000000 ) ) ;
#3646 = ADVANCED_FACE ( 'NONE', ( #2166 ), #3858, .T. ) ;
#3647 = VERTEX_POINT ( 'NONE', #3423 ) ;
#3648 = EDGE_CURVE ( 'NONE', #3585, #4105, #4220, .T. ) ;
#3649 = CARTESIAN_POINT ( 'NONE',  ( 2.850000000000001400, 0.1499999999999999900, -1.000000000000000700 ) ) ;
#3650 = CYLINDRICAL_SURFACE ( 'NONE', #3254, 0.07499999999999998300 ) ;
#3651 = VERTEX_POINT ( 'NONE', #3765 ) ;
#3652 = CARTESIAN_POINT ( 'NONE',  ( -2.687005768508881100, 1.700000000000000000, -2.121320343559641100 ) ) ;
#3653 = EDGE_LOOP ( 'NONE', ( #240, #922, #2477, #2723 ) ) ;
#3654 = AXIS2_PLACEMENT_3D ( 'NONE', #1340, #1251, #4034 ) ;
#3655 = EDGE_CURVE ( 'NONE', #2556, #1827, #1676, .T. ) ;
#3656 = FACE_OUTER_BOUND ( 'NONE', #129, .T. ) ;
#3657 = DIRECTION ( 'NONE',  ( -0.7071067811865474600, 0.0000000000000000000, 0.7071067811865474600 ) ) ;
#3658 = VECTOR ( 'NONE', #1549, 1000.000000000000100 ) ;
#3659 = FILL_AREA_STYLE ('',( #2306 ) ) ;
#3660 = DIRECTION ( 'NONE',  ( -0.7071067811865479100, 0.0000000000000000000, -0.7071067811865472400 ) ) ;
#3661 = CARTESIAN_POINT ( 'NONE',  ( -1.632667453115285800, 0.1499999999999999900, 1.439615242270661400 ) ) ;
#3662 = DIRECTION ( 'NONE',  ( -0.8660254037844367100, 0.0000000000000000000, -0.5000000000000035500 ) ) ;
#3663 = LINE ( 'NONE', #119, #2334 ) ;
#3664 = DIRECTION ( 'NONE',  ( 0.7071067811865472400, 0.0000000000000000000, -0.7071067811865479100 ) ) ;
#3665 = ADVANCED_FACE ( 'NONE', ( #746 ), #2500, .F. ) ;
#3666 = DIRECTION ( 'NONE',  ( 0.6708203932499377000, -0.3162277660168349400, 0.6708203932499377000 ) ) ;
#3667 = LINE ( 'NONE', #3397, #2555 ) ;
#3668 = EDGE_LOOP ( 'NONE', ( #4075, #1409, #1164, #3804 ) ) ;
#3669 = CARTESIAN_POINT ( 'NONE',  ( 2.580939751330897800, 1.579999999999999800, 2.015254326381659600 ) ) ;
#3670 = ORIENTED_EDGE ( 'NONE', *, *, #3797, .T. ) ;
#3671 = DIRECTION ( 'NONE',  ( 0.7071067811865476800, 0.0000000000000000000, -0.7071067811865474600 ) ) ;
#3672 = LINE ( 'NONE', #1402, #523 ) ;
#3673 = CIRCLE ( 'NONE', #1890, 2.299999999999999800 ) ;
#3674 = ORIENTED_EDGE ( 'NONE', *, *, #2910, .T. ) ;
#3675 = DIRECTION ( 'NONE',  ( 0.6063390625908319200, -0.5144957554275276800, -0.6063390625908319200 ) ) ;
#3676 = CARTESIAN_POINT ( 'NONE',  ( -1.450000000000000800, 0.0000000000000000000, -2.750000000000000000 ) ) ;
#3677 = AXIS2_PLACEMENT_3D ( 'NONE', #1837, #1441, #3799 ) ;
#3678 = CARTESIAN_POINT ( 'NONE',  ( -0.9249999999999996000, 1.840000000000000100, 2.653389341954927700 ) ) ;
#3679 = EDGE_CURVE ( 'NONE', #419, #1118, #1935, .T. ) ;
#3680 = VERTEX_POINT ( 'NONE', #2127 ) ;
#3681 = CARTESIAN_POINT ( 'NONE',  ( 1.450000000000000800, 0.1499999999999999700, 2.750000000000000000 ) ) ;
#3682 = VECTOR ( 'NONE', #4035, 1000.000000000000000 ) ;
#3683 = CARTESIAN_POINT ( 'NONE',  ( 2.227386360737623900, 1.490000000000000000, 2.580939751330898700 ) ) ;
#3684 = ORIENTED_EDGE ( 'NONE', *, *, #3169, .T. ) ;
#3685 = DIRECTION ( 'NONE',  ( -0.7071067811865474600, 0.0000000000000000000, -0.7071067811865475700 ) ) ;
#3686 = LINE ( 'NONE', #1753, #1941 ) ;
#3687 = EDGE_LOOP ( 'NONE', ( #540, #2243, #647, #1073, #4314, #3301, #3424, #1160, #4218, #2011, #739, #3063, #691, #1769, #225, #3539, #1300, #1053 ) ) ;
#3688 = DIRECTION ( 'NONE',  ( -0.8660254037844386000, 0.0000000000000000000, -0.5000000000000001100 ) ) ;
#3689 = ORIENTED_EDGE ( 'NONE', *, *, #2657, .T. ) ;
#3690 = VECTOR ( 'NONE', #4212, 1000.000000000000000 ) ;
#3691 = CARTESIAN_POINT ( 'NONE',  ( 2.720294101747088100, 1.840000000000000100, -0.8499999999999998700 ) ) ;
#3692 = CARTESIAN_POINT ( 'NONE',  ( -1.741465986122620900, 0.1499999999999999700, -1.502430104589883100 ) ) ;
#3693 = DIRECTION ( 'NONE',  ( -0.5000000000000033300, 0.0000000000000000000, -0.8660254037844367100 ) ) ;
#3694 = CARTESIAN_POINT ( 'NONE',  ( 2.015254326381659600, 0.2999999999999999300, 2.580939751330898300 ) ) ;
#3695 = ORIENTED_EDGE ( 'NONE', *, *, #1967, .F. ) ;
#3696 = VERTEX_POINT ( 'NONE', #137 ) ;
#3697 = CARTESIAN_POINT ( 'NONE',  ( -2.687005768508881100, 1.700000000000000000, -2.121320343559641100 ) ) ;
#3698 = EDGE_CURVE ( 'NONE', #2308, #4053, #955, .T. ) ;
#3699 = LINE ( 'NONE', #3508, #1900 ) ;
#3700 = ORIENTED_EDGE ( 'NONE', *, *, #3589, .T. ) ;
#3701 = DIRECTION ( 'NONE',  ( 0.0000000000000000000, -1.000000000000000000, 0.0000000000000000000 ) ) ;
#3702 = EDGE_LOOP ( 'NONE', ( #2946, #1881, #2574, #3630, #485, #3492, #916, #2787, #273, #2149, #3950, #2584, #3916, #421, #2957, #3868, #1498, #3106 ) ) ;
#3703 = TOROIDAL_SURFACE ( 'NONE', #2997, 0.09999999999999614800, 0.1000000000000000300 ) ;
#3704 = STYLED_ITEM ( 'NONE', ( #1825 ), #204 ) ;
#3705 = AXIS2_PLACEMENT_3D ( 'NONE', #2510, #3167, #496 ) ;
#3706 = DIRECTION ( 'NONE',  ( 0.8660254037844367100, 0.0000000000000000000, -0.5000000000000033300 ) ) ;
#3707 = VECTOR ( 'NONE', #874, 1000.000000000000000 ) ;
#3708 = EDGE_CURVE ( 'NONE', #2143, #1468, #588, .T. ) ;
#3709 = VECTOR ( 'NONE', #339, 999.9999999999998900 ) ;
#3710 = CARTESIAN_POINT ( 'NONE',  ( -2.156675682618974600, 1.430000000000000200, -2.651650429449550200 ) ) ;
#3711 = VECTOR ( 'NONE', #524, 999.9999999999997700 ) ;
#3712 = DIRECTION ( 'NONE',  ( 0.0000000000000000000, 0.0000000000000000000, -1.000000000000000000 ) ) ;
#3713 = ORIENTED_EDGE ( 'NONE', *, *, #4166, .F. ) ;
#3714 = CARTESIAN_POINT ( 'NONE',  ( -2.071231517720797800, 0.1499999999999999700, -1.000000000000000000 ) ) ;
#3715 = CARTESIAN_POINT ( 'NONE',  ( 2.850000000000000500, 0.0000000000000000000, 1.000000000000000000 ) ) ;
#3716 = EDGE_CURVE ( 'NONE', #552, #3696, #3538, .T. ) ;
#3717 = VECTOR ( 'NONE', #674, 1000.000000000000000 ) ;
#3718 = CARTESIAN_POINT ( 'NONE',  ( 1.909188309203677400, 0.2999999999999999300, 2.474873734152916300 ) ) ;
#3719 = EDGE_LOOP ( 'NONE', ( #230, #1210, #1785, #678 ) ) ;
#3720 = EDGE_LOOP ( 'NONE', ( #997, #2059, #1213, #3365 ) ) ;
#3721 = VERTEX_POINT ( 'NONE', #2470 ) ;
#3722 = VERTEX_POINT ( 'NONE', #1158 ) ;
#3723 = EDGE_CURVE ( 'NONE', #1719, #1948, #1844, .T. ) ;
#3724 = VERTEX_POINT ( 'NONE', #2514 ) ;
#3725 = CARTESIAN_POINT ( 'NONE',  ( 0.0000000000000000000, 1.580000000000000100, 0.0000000000000000000 ) ) ;
#3726 = ORIENTED_EDGE ( 'NONE', *, *, #3781, .F. ) ;
#3727 = ORIENTED_EDGE ( 'NONE', *, *, #4310, .F. ) ;
#3728 = ORIENTED_EDGE ( 'NONE', *, *, #3716, .F. ) ;
#3729 = FILL_AREA_STYLE ('',( #346 ) ) ;
#3730 = AXIS2_PLACEMENT_3D ( 'NONE', #2327, #3013, #3988 ) ;
#3731 = DIRECTION ( 'NONE',  ( -0.7071067811865477900, 0.0000000000000000000, -0.7071067811865472400 ) ) ;
#3732 = EDGE_CURVE ( 'NONE', #1225, #2347, #1618, .T. ) ;
#3733 = ORIENTED_EDGE ( 'NONE', *, *, #938, .T. ) ;
#3734 = LINE ( 'NONE', #1546, #4270 ) ;
#3735 = DIRECTION ( 'NONE',  ( 1.000000000000000000, 0.0000000000000000000, -1.032573497605242200E-016 ) ) ;
#3736 = ORIENTED_EDGE ( 'NONE', *, *, #3122, .T. ) ;
#3737 = ORIENTED_EDGE ( 'NONE', *, *, #4245, .T. ) ;
#3738 = DIRECTION ( 'NONE',  ( -0.7071067811865474600, 0.0000000000000000000, -0.7071067811865474600 ) ) ;
#3739 = LINE ( 'NONE', #4094, #2528 ) ;
#3740 = DIRECTION ( 'NONE',  ( -0.7071067811865474600, 0.0000000000000000000, -0.7071067811865474600 ) ) ;
#3741 = CARTESIAN_POINT ( 'NONE',  ( -2.121320343559644200, 1.370000000000000100, -2.474873734152916300 ) ) ;
#3742 = ORIENTED_EDGE ( 'NONE', *, *, #1010, .F. ) ;
#3743 = FACE_OUTER_BOUND ( 'NONE', #2322, .T. ) ;
#3744 = CARTESIAN_POINT ( 'NONE',  ( -1.632667453115285800, 5.946455813684773200, 1.439615242270661400 ) ) ;
#3745 =( NAMED_UNIT ( * ) PLANE_ANGLE_UNIT ( ) SI_UNIT ( $, .RADIAN. ) );
#3746 = DIRECTION ( 'NONE',  ( 1.000000000000000000, 0.0000000000000000000, 3.194615545038032200E-016 ) ) ;
#3747 = ORIENTED_EDGE ( 'NONE', *, *, #2184, .T. ) ;
#3748 = CARTESIAN_POINT ( 'NONE',  ( 1.932667453115288300, 0.0000000000000000000, -0.9199999999999996000 ) ) ;
#3749 = FACE_OUTER_BOUND ( 'NONE', #2043, .T. ) ;
#3750 = DIRECTION ( 'NONE',  ( 1.000000000000000000, 0.0000000000000000000, 0.0000000000000000000 ) ) ;
#3751 = ORIENTED_EDGE ( 'NONE', *, *, #1035, .F. ) ;
#3752 = CARTESIAN_POINT ( 'NONE',  ( 1.741465986122621400, 5.946455813684773200, -1.502430104589882500 ) ) ;
#3753 = CLOSED_SHELL ( 'NONE', ( #3878, #2582, #4155, #584, #1459, #1202, #2228 ) ) ;
#3754 = FACE_OUTER_BOUND ( 'NONE', #3260, .T. ) ;
#3755 = CARTESIAN_POINT ( 'NONE',  ( 2.071231517720798700, 0.1499999999999999900, -1.000000000000000400 ) ) ;
#3756 = AXIS2_PLACEMENT_3D ( 'NONE', #2326, #2670, #3337 ) ;
#3757 = AXIS2_PLACEMENT_3D ( 'NONE', #3150, #1816, #2165 ) ;
#3758 = EDGE_CURVE ( 'NONE', #3277, #3547, #2158, .T. ) ;
#3759 = DIRECTION ( 'NONE',  ( -0.0000000000000000000, 1.000000000000000000, -0.0000000000000000000 ) ) ;
#3760 = LINE ( 'NONE', #1857, #348 ) ;
#3761 = DIRECTION ( 'NONE',  ( -0.0000000000000000000, -1.000000000000000000, -0.0000000000000000000 ) ) ;
#3762 = CARTESIAN_POINT ( 'NONE',  ( 2.750000000000000400, 5.946455813684773200, -1.000000000000000900 ) ) ;
#3763 = CARTESIAN_POINT ( 'NONE',  ( 1.450000000000000800, 0.0000000000000000000, 2.750000000000000000 ) ) ;
#3764 = CARTESIAN_POINT ( 'NONE',  ( 2.071231517720798700, 0.1499999999999999700, -1.000000000000000400 ) ) ;
#3765 = CARTESIAN_POINT ( 'NONE',  ( -2.750000000000000400, 0.0000000000000000000, 1.849999999999996100 ) ) ;
#3766 = CIRCLE ( 'NONE', #2274, 0.2999999999999999300 ) ;
#3767 = DIRECTION ( 'NONE',  ( -0.7071067811865474600, 0.0000000000000000000, -0.7071067811865474600 ) ) ;
#3768 = SURFACE_SIDE_STYLE ('',( #3566 ) ) ;
#3769 = VECTOR ( 'NONE', #2855, 1000.000000000000100 ) ;
#3770 = ORIENTED_EDGE ( 'NONE', *, *, #3426, .T. ) ;
#3771 = CARTESIAN_POINT ( 'NONE',  ( 1.632667453115285800, 0.1499999999999999900, -1.439615242270661400 ) ) ;
#3772 = ORIENTED_EDGE ( 'NONE', *, *, #938, .F. ) ;
#3773 = DIRECTION ( 'NONE',  ( 0.0000000000000000000, 0.0000000000000000000, -1.000000000000000000 ) ) ;
#3774 = EDGE_CURVE ( 'NONE', #1263, #2894, #4217, .T. ) ;
#3775 = DIRECTION ( 'NONE',  ( 0.7071067811865476800, 0.0000000000000000000, 0.7071067811865472400 ) ) ;
#3776 = FACE_OUTER_BOUND ( 'NONE', #176, .T. ) ;
#3777 = CARTESIAN_POINT ( 'NONE',  ( 0.8509814558857761200, 1.777093598604647000, -2.719987235583748200 ) ) ;
#3778 = AXIS2_PLACEMENT_3D ( 'NONE', #184, #514, #855 ) ;
#3779 = CARTESIAN_POINT ( 'NONE',  ( 1.632667453115285800, 0.1499999999999999900, -1.439615242270661400 ) ) ;
#3780 = DIRECTION ( 'NONE',  ( 0.7071067811865474600, 0.0000000000000000000, -0.7071067811865474600 ) ) ;
#3781 = EDGE_CURVE ( 'NONE', #1612, #3647, #1781, .T. ) ;
#3782 = CARTESIAN_POINT ( 'NONE',  ( 1.909188309203677400, -1.593896411677231600E-017, 2.474873734152916300 ) ) ;
#3783 = ORIENTED_EDGE ( 'NONE', *, *, #1885, .F. ) ;
#3784 = VECTOR ( 'NONE', #3780, 1000.000000000000100 ) ;
#3785 = ORIENTED_EDGE ( 'NONE', *, *, #1393, .T. ) ;
#3786 = ORIENTED_EDGE ( 'NONE', *, *, #689, .F. ) ;
#3787 = DIRECTION ( 'NONE',  ( -0.7071067811865475700, 0.0000000000000000000, -0.7071067811865475700 ) ) ;
#3788 = EDGE_LOOP ( 'NONE', ( #2728, #1081, #2774, #1778 ) ) ;
#3789 = AXIS2_PLACEMENT_3D ( 'NONE', #2021, #682, #1020 ) ;
#3790 = VECTOR ( 'NONE', #622, 1000.000000000000000 ) ;
#3791 = EDGE_LOOP ( 'NONE', ( #3181, #320, #1436, #2961 ) ) ;
#3792 = DIRECTION ( 'NONE',  ( 1.000000000000000000, 0.0000000000000000000, 3.194615545038031700E-016 ) ) ;
#3793 = FACE_OUTER_BOUND ( 'NONE', #3720, .T. ) ;
#3794 = DIRECTION ( 'NONE',  ( -0.5000000000000036600, 0.0000000000000000000, 0.8660254037844366000 ) ) ;
#3795 = CLOSED_SHELL ( 'NONE', ( #862, #900, #2603, #2188, #3168, #2860, #1894, #1045, #2447, #3293, #3527, #921, #2379, #3191, #984, #4205, #1643, #455, #1331, #3001, #1807, #1227, #133, #1372, #786, #2624, #1139, #937, #962, #477, #2519, #881, #3624, #3479, #18, #2307, #1932, #1489, #281, #3363, #3506, #3805, #3941, #4025, #2936, #1957, #3229, #4304, #2538, #318, #4003, #2921, #2902, #4285, #3855 ) ) ;
#3796 = AXIS2_PLACEMENT_3D ( 'NONE', #86, #1749, #415 ) ;
#3797 = EDGE_CURVE ( 'NONE', #3095, #1713, #2626, .T. ) ;
#3798 = ORIENTED_EDGE ( 'NONE', *, *, #804, .T. ) ;
#3799 = DIRECTION ( 'NONE',  ( 0.7071067811865474600, 0.0000000000000000000, 0.7071067811865474600 ) ) ;
#3800 = CARTESIAN_POINT ( 'NONE',  ( -1.632667453115285800, 5.946455813684773200, -1.439615242270661200 ) ) ;
#3801 = DIRECTION ( 'NONE',  ( -0.8660254037844367100, 0.0000000000000000000, 0.5000000000000032200 ) ) ;
#3802 = LINE ( 'NONE', #1006, #1997 ) ;
#3803 = VECTOR ( 'NONE', #4039, 999.9999999999998900 ) ;
#3804 = ORIENTED_EDGE ( 'NONE', *, *, #2688, .F. ) ;
#3805 = ADVANCED_FACE ( 'NONE', ( #4110 ), #4200, .T. ) ;
#3806 = CARTESIAN_POINT ( 'NONE',  ( -3.027776695296638700, 1.490000000000000000, -2.674223304703364800 ) ) ;
#3807 = PLANE ( 'NONE',  #926 ) ;
#3808 = AXIS2_PLACEMENT_3D ( 'NONE', #2546, #3220, #2532 ) ;
#3809 = VECTOR ( 'NONE', #2455, 999.9999999999998900 ) ;
#3810 = ORIENTED_EDGE ( 'NONE', *, *, #3272, .F. ) ;
#3811 = CARTESIAN_POINT ( 'NONE',  ( 2.071231517720797800, 0.0000000000000000000, 1.000000000000000000 ) ) ;
#3812 = EDGE_CURVE ( 'NONE', #532, #3472, #120, .T. ) ;
#3813 = CARTESIAN_POINT ( 'NONE',  ( 0.8852379015197483500, 1.829132624314043100, -2.678380067954388500 ) ) ;
#3814 = ORIENTED_EDGE ( 'NONE', *, *, #873, .T. ) ;
#3815 = LINE ( 'NONE', #3744, #1593 ) ;
#3816 = CARTESIAN_POINT ( 'NONE',  ( 2.749999999999999600, 0.0000000000000000000, 1.450000000000001300 ) ) ;
#3817 = CARTESIAN_POINT ( 'NONE',  ( -2.726477276270610000, 1.603260305288868500, 0.8299815939658530300 ) ) ;
#3818 = CARTESIAN_POINT ( 'NONE',  ( 2.726477276270610900, 1.603260305288868500, -0.8299815939658505800 ) ) ;
#3819 = FACE_OUTER_BOUND ( 'NONE', #3625, .T. ) ;
#3820 = CARTESIAN_POINT ( 'NONE',  ( 2.674223304703366100, 1.490000000000000000, 3.027776695296638300 ) ) ;
#3821 = EDGE_CURVE ( 'NONE', #552, #1317, #1723, .T. ) ;
#3822 = CARTESIAN_POINT ( 'NONE',  ( -2.400000000000000800, -8.061017305526641900, 2.400000000000000400 ) ) ;
#3823 = FACE_OUTER_BOUND ( 'NONE', #132, .T. ) ;
#3824 = DIRECTION ( 'NONE',  ( -0.0000000000000000000, 1.000000000000000000, 0.0000000000000000000 ) ) ;
#3825 = AXIS2_PLACEMENT_3D ( 'NONE', #733, #1454, #4096 ) ;
#3826 = CYLINDRICAL_SURFACE ( 'NONE', #2169, 0.09999999999999997800 ) ;
#3827 = EDGE_CURVE ( 'NONE', #2689, #2563, #806, .T. ) ;
#3828 = DIRECTION ( 'NONE',  ( -0.6708203932499372500, -0.3162277660168362800, -0.6708203932499374700 ) ) ;
#3829 = CARTESIAN_POINT ( 'NONE',  ( 1.932667453115288100, 0.0000000000000000000, 0.9199999999999993700 ) ) ;
#3830 = ADVANCED_FACE ( 'NONE', ( #2524 ), #260, .F. ) ;
#3831 = CARTESIAN_POINT ( 'NONE',  ( -2.474873734152917200, 0.2999999999999999300, -1.909188309203676800 ) ) ;
#3832 = SURFACE_STYLE_FILL_AREA ( #1775 ) ;
#3833 = CARTESIAN_POINT ( 'NONE',  ( -1.632667453115285800, 0.1499999999999999700, 1.439615242270661400 ) ) ;
#3834 = ORIENTED_EDGE ( 'NONE', *, *, #2060, .T. ) ;
#3835 = CARTESIAN_POINT ( 'NONE',  ( 1.632667453115285800, 0.0000000000000000000, 1.439615242270661200 ) ) ;
#3836 = CARTESIAN_POINT ( 'NONE',  ( -0.9020380782543445700, 1.836398530445285900, 2.665085464832161600 ) ) ;
#3837 = FACE_OUTER_BOUND ( 'NONE', #1368, .T. ) ;
#3838 = CARTESIAN_POINT ( 'NONE',  ( 2.121320343559641500, 1.700000000000000000, 2.687005768508880200 ) ) ;
#3839 = VECTOR ( 'NONE', #2375, 1000.000000000000000 ) ;
#3840 = CARTESIAN_POINT ( 'NONE',  ( 0.8460552542012963500, 1.630996857489289000, -2.721523563528042800 ) ) ;
#3841 = ORIENTED_EDGE ( 'NONE', *, *, #2793, .T. ) ;
#3842 = ORIENTED_EDGE ( 'NONE', *, *, #835, .F. ) ;
#3843 = AXIS2_PLACEMENT_3D ( 'NONE', #3710, #4315, #3657 ) ;
#3844 = ORIENTED_EDGE ( 'NONE', *, *, #3208, .F. ) ;
#3845 = EDGE_CURVE ( 'NONE', #62, #636, #2737, .T. ) ;
#3846 = CARTESIAN_POINT ( 'NONE',  ( -2.720294101747085400, 1.655000000000000000, 0.8500000000000022000 ) ) ;
#3847 = VERTEX_POINT ( 'NONE', #3608 ) ;
#3848 = VERTEX_POINT ( 'NONE', #895 ) ;
#3849 = CARTESIAN_POINT ( 'NONE',  ( -2.121320343559643700, 1.700000000000000000, -2.687005768508879300 ) ) ;
#3850 = VERTEX_POINT ( 'NONE', #2569 ) ;
#3851 = VECTOR ( 'NONE', #248, 1000.000000000000000 ) ;
#3852 = ORIENTED_EDGE ( 'NONE', *, *, #3945, .T. ) ;
#3853 = VERTEX_POINT ( 'NONE', #553 ) ;
#3854 = CARTESIAN_POINT ( 'NONE',  ( -1.849999999999999600, 5.946455813684773200, 2.750000000000000400 ) ) ;
#3855 = ADVANCED_FACE ( 'NONE', ( #1477 ), #1889, .F. ) ;
#3856 = EDGE_CURVE ( 'NONE', #3185, #2353, #4059, .T. ) ;
#3857 = AXIS2_PLACEMENT_3D ( 'NONE', #3366, #1350, #2047 ) ;
#3858 = TOROIDAL_SURFACE ( 'NONE', #901, 0.09999999999999707700, 0.1000000000000000300 ) ;
#3859 = CARTESIAN_POINT ( 'NONE',  ( -2.071231517720798700, 0.1499999999999999900, 1.000000000000000400 ) ) ;
#3860 = DIRECTION ( 'NONE',  ( 1.000000000000000000, 0.0000000000000000000, 0.0000000000000000000 ) ) ;
#3861 = VECTOR ( 'NONE', #2313, 1000.000000000000100 ) ;
#3862 = CARTESIAN_POINT ( 'NONE',  ( 0.0000000000000000000, 1.580000000000000100, 0.0000000000000000000 ) ) ;
#3863 = CARTESIAN_POINT ( 'NONE',  ( -2.071231517720798700, 0.1499999999999999900, 1.000000000000000400 ) ) ;
#3864 = CARTESIAN_POINT ( 'NONE',  ( -1.350000000000000500, 1.279999999999996500, -2.850000000000000100 ) ) ;
#3865 = UNCERTAINTY_MEASURE_WITH_UNIT (LENGTH_MEASURE( 1.000000000000000100E-005 ), #3046, 'distance_accuracy_value', 'NONE');
#3866 = CARTESIAN_POINT ( 'NONE',  ( -2.849999999999996100, 1.765000000000000100, 0.8500000000000026400 ) ) ;
#3867 = CARTESIAN_POINT ( 'NONE',  ( -1.909188309203679400, 0.1499999999999999400, -2.474873734152915000 ) ) ;
#3868 = ORIENTED_EDGE ( 'NONE', *, *, #4187, .F. ) ;
#3869 = CARTESIAN_POINT ( 'NONE',  ( 2.674223304703366100, 1.370000000000000100, 3.027776695296638300 ) ) ;
#3870 = FACE_OUTER_BOUND ( 'NONE', #2031, .T. ) ;
#3871 = EDGE_CURVE ( 'NONE', #3095, #3853, #1887, .T. ) ;
#3872 = ORIENTED_EDGE ( 'NONE', *, *, #3716, .T. ) ;
#3873 = DIRECTION ( 'NONE',  ( -0.6063390625908318100, -0.5144957554275276800, 0.6063390625908321500 ) ) ;
#3874 = AXIS2_PLACEMENT_3D ( 'NONE', #675, #3345, #1641 ) ;
#3875 = ORIENTED_EDGE ( 'NONE', *, *, #3328, .F. ) ;
#3876 = CIRCLE ( 'NONE', #1145, 2.299999999999999800 ) ;
#3877 = EDGE_CURVE ( 'NONE', #310, #3277, #638, .T. ) ;
#3878 = ADVANCED_FACE ( 'NONE', ( #1269, #3378 ), #2680, .T. ) ;
#3879 = DIRECTION ( 'NONE',  ( -1.000000000000000000, 0.0000000000000000000, -3.194615545038032200E-016 ) ) ;
#3880 = CIRCLE ( 'NONE', #2612, 0.07499999999999998300 ) ;
#3881 = DIRECTION ( 'NONE',  ( 1.000000000000000000, -0.0000000000000000000, -3.343570915707909400E-015 ) ) ;
#3882 = EDGE_CURVE ( 'NONE', #1833, #4004, #3734, .T. ) ;
#3883 = CARTESIAN_POINT ( 'NONE',  ( 2.335702260395512700, 1.330000000000000100, 1.840727513564935000 ) ) ;
#3884 = FACE_OUTER_BOUND ( 'NONE', #2407, .T. ) ;
#3885 = EDGE_CURVE ( 'NONE', #1936, #963, #15, .T. ) ;
#3886 = CARTESIAN_POINT ( 'NONE',  ( 0.8500000000000030900, 1.840000000000000100, -2.849999999999996500 ) ) ;
#3887 = LINE ( 'NONE', #2973, #1871 ) ;
#3888 = ORIENTED_EDGE ( 'NONE', *, *, #1524, .F. ) ;
#3889 = CARTESIAN_POINT ( 'NONE',  ( -2.749999999999999600, 0.0000000000000000000, -1.000000000000000200 ) ) ;
#3890 = CARTESIAN_POINT ( 'NONE',  ( 1.932667453115288100, 0.0000000000000000000, 0.9199999999999993700 ) ) ;
#3891 = CARTESIAN_POINT ( 'NONE',  ( -2.693351991361065500, 1.819148176111880200, 0.8716351108901158100 ) ) ;
#3892 = VECTOR ( 'NONE', #3792, 1000.000000000000000 ) ;
#3893 = DIRECTION ( 'NONE',  ( 1.032573497605242200E-016, -0.0000000000000000000, 1.000000000000000000 ) ) ;
#3894 = DIRECTION ( 'NONE',  ( 8.659560562354930400E-017, -1.000000000000000000, 8.659560562354924200E-017 ) ) ;
#3895 = EDGE_LOOP ( 'NONE', ( #4259, #3054 ) ) ;
#3896 = ORIENTED_EDGE ( 'NONE', *, *, #4013, .T. ) ;
#3897 = VERTEX_POINT ( 'NONE', #933 ) ;
#3898 = CARTESIAN_POINT ( 'NONE',  ( 2.194280904158203000, 1.330000000000001600, 1.982148869802244000 ) ) ;
#3899 = ADVANCED_FACE ( 'NONE', ( #3488 ), #3239, .F. ) ;
#3900 = ORIENTED_EDGE ( 'NONE', *, *, #1252, .T. ) ;
#3901 = EDGE_LOOP ( 'NONE', ( #2798, #3437, #2157, #2324 ) ) ;
#3902 = CARTESIAN_POINT ( 'NONE',  ( 4.270961825410236800, -4.916295743003881400, 2.850000000000000100 ) ) ;
#3903 = ORIENTED_EDGE ( 'NONE', *, *, #1140, .F. ) ;
#3904 = VECTOR ( 'NONE', #3070, 1000.000000000000000 ) ;
#3905 = ORIENTED_EDGE ( 'NONE', *, *, #867, .F. ) ;
#3906 = DIRECTION ( 'NONE',  ( 3.343570915707898000E-015, -0.0000000000000000000, 1.000000000000000000 ) ) ;
#3907 = VECTOR ( 'NONE', #1782, 1000.000000000000100 ) ;
#3908 = ORIENTED_EDGE ( 'NONE', *, *, #2593, .T. ) ;
#3909 = CARTESIAN_POINT ( 'NONE',  ( 1.817157287525380500, 0.1499999999999999900, 2.382842712474619000 ) ) ;
#3910 = CARTESIAN_POINT ( 'NONE',  ( -1.741465986122620900, 5.946455813684773200, -1.502430104589883100 ) ) ;
#3911 = EDGE_LOOP ( 'NONE', ( #1478, #3733, #483, #2841 ) ) ;
#3912 = LINE ( 'NONE', #3557, #1944 ) ;
#3913 = EDGE_CURVE ( 'NONE', #532, #473, #3163, .T. ) ;
#3914 = ORIENTED_EDGE ( 'NONE', *, *, #902, .F. ) ;
#3915 = VECTOR ( 'NONE', #4012, 1000.000000000000000 ) ;
#3916 = ORIENTED_EDGE ( 'NONE', *, *, #2281, .F. ) ;
#3917 = DIRECTION ( 'NONE',  ( -0.0000000000000000000, -1.000000000000000000, 0.0000000000000000000 ) ) ;
#3918 = DIRECTION ( 'NONE',  ( 0.7071067811865461300, 0.0000000000000000000, -0.7071067811865491300 ) ) ;
#3919 = ADVANCED_FACE ( 'NONE', ( #1061 ), #1574, .F. ) ;
#3920 = LINE ( 'NONE', #1178, #549 ) ;
#3921 = ORIENTED_EDGE ( 'NONE', *, *, #4038, .T. ) ;
#3922 = CARTESIAN_POINT ( 'NONE',  ( -2.382842712474619900, 0.1499999999999999900, -1.817157287525380100 ) ) ;
#3923 = EDGE_LOOP ( 'NONE', ( #3946, #1605, #3552, #1619, #526, #1638 ) ) ;
#3924 = CARTESIAN_POINT ( 'NONE',  ( 2.474873734152915400, 0.2999999999999999300, 1.909188309203678300 ) ) ;
#3925 = VECTOR ( 'NONE', #907, 1000.000000000000000 ) ;
#3926 = CARTESIAN_POINT ( 'NONE',  ( -2.474873734152917200, -1.593896411677231600E-017, -1.909188309203676800 ) ) ;
#3927 = LINE ( 'NONE', #3177, #3707 ) ;
#3928 = AXIS2_PLACEMENT_3D ( 'NONE', #336, #2722, #1056 ) ;
#3929 = EDGE_CURVE ( 'NONE', #2206, #906, #4163, .T. ) ;
#3930 = VECTOR ( 'NONE', #2711, 1000.000000000000000 ) ;
#3931 = DIRECTION ( 'NONE',  ( 1.239088197126289100E-015, 0.0000000000000000000, -1.000000000000000000 ) ) ;
#3932 = FACE_OUTER_BOUND ( 'NONE', #2850, .T. ) ;
#3933 = DIRECTION ( 'NONE',  ( 0.0000000000000000000, -1.000000000000000000, 0.0000000000000000000 ) ) ;
#3934 = DIRECTION ( 'NONE',  ( 0.0000000000000000000, 8.659560562354927900E-017, -1.000000000000000000 ) ) ;
#3935 = DIRECTION ( 'NONE',  ( 0.0000000000000000000, -1.000000000000000000, 0.0000000000000000000 ) ) ;
#3936 =( GEOMETRIC_REPRESENTATION_CONTEXT ( 3 ) GLOBAL_UNCERTAINTY_ASSIGNED_CONTEXT ( ( #13 ) ) GLOBAL_UNIT_ASSIGNED_CONTEXT ( ( #2682, #677, #1942 ) ) REPRESENTATION_CONTEXT ( 'NONE', 'WORKASPACE' ) );
#3937 = PLANE ( 'NONE',  #925 ) ;
#3938 = FACE_OUTER_BOUND ( 'NONE', #2541, .T. ) ;
#3939 = ORIENTED_EDGE ( 'NONE', *, *, #2023, .T. ) ;
#3940 = DIRECTION ( 'NONE',  ( -0.6063390625908319200, 0.5144957554275276800, 0.6063390625908319200 ) ) ;
#3941 = ADVANCED_FACE ( 'NONE', ( #3957 ), #3598, .T. ) ;
#3942 = LINE ( 'NONE', #3186, #2083 ) ;
#3943 = PRESENTATION_STYLE_ASSIGNMENT (( #383 ) ) ;
#3944 = AXIS2_PLACEMENT_3D ( 'NONE', #1405, #4124, #100 ) ;
#3945 = EDGE_CURVE ( 'NONE', #3160, #1323, #3052, .T. ) ;
#3946 = ORIENTED_EDGE ( 'NONE', *, *, #1140, .T. ) ;
#3947 = VECTOR ( 'NONE', #1695, 1000.000000000000000 ) ;
#3948 = ORIENTED_EDGE ( 'NONE', *, *, #2971, .T. ) ;
#3949 = ORIENTED_EDGE ( 'NONE', *, *, #3781, .T. ) ;
#3950 = ORIENTED_EDGE ( 'NONE', *, *, #4051, .F. ) ;
#3951 = VERTEX_POINT ( 'NONE', #4238 ) ;
#3952 = ORIENTED_EDGE ( 'NONE', *, *, #2688, .T. ) ;
#3953 = AXIS2_PLACEMENT_3D ( 'NONE', #1578, #2244, #3241 ) ;
#3954 = DIRECTION ( 'NONE',  ( -1.239088197126289100E-015, -0.0000000000000000000, 1.000000000000000000 ) ) ;
#3955 = EDGE_CURVE ( 'NONE', #2256, #287, #927, .T. ) ;
#3956 = ORIENTED_EDGE ( 'NONE', *, *, #3877, .F. ) ;
#3957 = FACE_OUTER_BOUND ( 'NONE', #1577, .T. ) ;
#3958 = VERTEX_POINT ( 'NONE', #1309 ) ;
#3959 = ORIENTED_EDGE ( 'NONE', *, *, #2277, .T. ) ;
#3960 = VECTOR ( 'NONE', #77, 1000.000000000000000 ) ;
#3961 = DIRECTION ( 'NONE',  ( 0.7071067811865475700, 0.0000000000000000000, -0.7071067811865474600 ) ) ;
#3962 = ADVANCED_FACE ( 'NONE', ( #1580 ), #2587, .F. ) ;
#3963 = DIRECTION ( 'NONE',  ( -0.0000000000000000000, 1.000000000000000000, -0.0000000000000000000 ) ) ;
#3964 = EDGE_CURVE ( 'NONE', #195, #1672, #2044, .T. ) ;
#3965 = VECTOR ( 'NONE', #1970, 1000.000000000000000 ) ;
#3966 = VERTEX_POINT ( 'NONE', #1333 ) ;
#3967 = DIRECTION ( 'NONE',  ( -0.0000000000000000000, -1.000000000000000000, 0.0000000000000000000 ) ) ;
#3968 = CARTESIAN_POINT ( 'NONE',  ( -0.7424621202458756600, 1.430000000000000200, -1.237436867076458400 ) ) ;
#3969 = AXIS2_PLACEMENT_3D ( 'NONE', #2732, #726, #2372 ) ;
#3970 = ORIENTED_EDGE ( 'NONE', *, *, #785, .T. ) ;
#3971 = EDGE_CURVE ( 'NONE', #1891, #4271, #275, .T. ) ;
#3972 = CARTESIAN_POINT ( 'NONE',  ( 1.652165705248522100, 1.529999999999999800, 2.429983164553719500 ) ) ;
#3973 = VECTOR ( 'NONE', #1001, 1000.000000000000000 ) ;
#3974 = CARTESIAN_POINT ( 'NONE',  ( -1.932667453115288300, 0.1499999999999999900, 0.9199999999999996000 ) ) ;
#3975 = CARTESIAN_POINT ( 'NONE',  ( -2.850000000000000500, 1.655000000000000000, 0.7750000000000026900 ) ) ;
#3976 = ORIENTED_EDGE ( 'NONE', *, *, #2673, .F. ) ;
#3977 = VECTOR ( 'NONE', #303, 1000.000000000000000 ) ;
#3978 = CARTESIAN_POINT ( 'NONE',  ( -1.982148869802244700, 1.330000000000001400, -2.194280904158202500 ) ) ;
#3979 = LINE ( 'NONE', #583, #3076 ) ;
#3980 = CARTESIAN_POINT ( 'NONE',  ( -2.071231517720798700, 0.1499999999999999700, 1.000000000000000400 ) ) ;
#3981 = ADVANCED_FACE ( 'NONE', ( #379 ), #1986, .F. ) ;
#3982 =( NAMED_UNIT ( * ) SI_UNIT ( $, .STERADIAN. ) SOLID_ANGLE_UNIT ( ) );
#3983 = DIRECTION ( 'NONE',  ( -0.0000000000000000000, -1.000000000000000000, 0.0000000000000000000 ) ) ;
#3984 = DIRECTION ( 'NONE',  ( 0.0000000000000000000, 1.000000000000000000, 0.0000000000000000000 ) ) ;
#3985 = VECTOR ( 'NONE', #4340, 1000.000000000000000 ) ;
#3986 = FACE_OUTER_BOUND ( 'NONE', #471, .T. ) ;
#3987 = ORIENTED_EDGE ( 'NONE', *, *, #712, .T. ) ;
#3988 = DIRECTION ( 'NONE',  ( 4.088172546704894500E-016, -0.3905667329424725700, 0.9205746178983229600 ) ) ;
#3989 = MECHANICAL_DESIGN_GEOMETRIC_PRESENTATION_REPRESENTATION (  '', ( #3704 ), #1507 ) ;
#3990 = MECHANICAL_DESIGN_GEOMETRIC_PRESENTATION_REPRESENTATION (  '', ( #2029 ), #3936 ) ;
#3991 = CARTESIAN_POINT ( 'NONE',  ( 1.450000000000000800, 5.946455813684773200, 2.750000000000000000 ) ) ;
#3992 = EDGE_CURVE ( 'NONE', #2845, #849, #904, .T. ) ;
#3993 = LINE ( 'NONE', #3136, #1205 ) ;
#3994 = DIRECTION ( 'NONE',  ( 0.8660254037844384900, 0.0000000000000000000, 0.5000000000000002200 ) ) ;
#3995 = ORIENTED_EDGE ( 'NONE', *, *, #1752, .F. ) ;
#3996 = ORIENTED_EDGE ( 'NONE', *, *, #1801, .F. ) ;
#3997 = DIRECTION ( 'NONE',  ( 5.782411586589358000E-015, 0.0000000000000000000, 1.000000000000000000 ) ) ;
#3998 = ORIENTED_EDGE ( 'NONE', *, *, #1690, .F. ) ;
#3999 = ORIENTED_EDGE ( 'NONE', *, *, #2184, .F. ) ;
#4000 = CARTESIAN_POINT ( 'NONE',  ( 2.298097038856275800, 1.430000000000000200, 2.651650429449550600 ) ) ;
#4001 = ORIENTED_EDGE ( 'NONE', *, *, #982, .F. ) ;
#4002 = PLANE ( 'NONE',  #979 ) ;
#4003 = ADVANCED_FACE ( 'NONE', ( #115 ), #3352, .T. ) ;
#4004 = VERTEX_POINT ( 'NONE', #1005 ) ;
#4005 = LINE ( 'NONE', #278, #3790 ) ;
#4006 = ORIENTED_EDGE ( 'NONE', *, *, #4134, .T. ) ;
#4007 = EDGE_CURVE ( 'NONE', #3160, #1783, #2208, .T. ) ;
#4008 = LINE ( 'NONE', #105, #3431 ) ;
#4009 = AXIS2_PLACEMENT_3D ( 'NONE', #3831, #1802, #522 ) ;
#4010 = DIRECTION ( 'NONE',  ( 0.7071067811865474600, 0.0000000000000000000, 0.7071067811865475700 ) ) ;
#4011 = VERTEX_POINT ( 'NONE', #1945 ) ;
#4012 = DIRECTION ( 'NONE',  ( 1.000000000000000000, -0.0000000000000000000, 0.0000000000000000000 ) ) ;
#4013 = EDGE_CURVE ( 'NONE', #185, #2839, #2466, .T. ) ;
#4014 = ORIENTED_EDGE ( 'NONE', *, *, #2171, .F. ) ;
#4015 = CARTESIAN_POINT ( 'NONE',  ( 0.0000000000000000000, 1.800000000000001600, 0.0000000000000000000 ) ) ;
#4016 = VECTOR ( 'NONE', #3712, 1000.000000000000000 ) ;
#4017 = DIRECTION ( 'NONE',  ( 0.5000000000000033300, 0.0000000000000000000, 0.8660254037844367100 ) ) ;
#4018 = VECTOR ( 'NONE', #657, 1000.000000000000000 ) ;
#4019 = VECTOR ( 'NONE', #2972, 1000.000000000000000 ) ;
#4020 = VERTEX_POINT ( 'NONE', #2297 ) ;
#4021 = EDGE_CURVE ( 'NONE', #2834, #4046, #1575, .T. ) ;
#4022 = VECTOR ( 'NONE', #110, 1000.000000000000000 ) ;
#4023 = EDGE_LOOP ( 'NONE', ( #3489, #2898, #2617, #2164 ) ) ;
#4024 = ORIENTED_EDGE ( 'NONE', *, *, #4327, .F. ) ;
#4025 = ADVANCED_FACE ( 'NONE', ( #1217 ), #948, .T. ) ;
#4026 = AXIS2_PLACEMENT_3D ( 'NONE', #2289, #2692, #4029 ) ;
#4027 = EDGE_CURVE ( 'NONE', #600, #419, #4005, .T. ) ;
#4028 = CIRCLE ( 'NONE', #1167, 0.1500000000000002200 ) ;
#4029 = DIRECTION ( 'NONE',  ( 0.5000000000000036600, 0.0000000000000000000, -0.8660254037844366000 ) ) ;
#4030 = PLANE ( 'NONE',  #2560 ) ;
#4031 = CARTESIAN_POINT ( 'NONE',  ( -2.015254326381661400, -5.267836809119285900E-017, -2.580939751330897400 ) ) ;
#4032 = VECTOR ( 'NONE', #899, 1000.000000000000000 ) ;
#4033 = VECTOR ( 'NONE', #1089, 999.9999999999998900 ) ;
#4034 = DIRECTION ( 'NONE',  ( 0.7071067811865474600, 0.0000000000000000000, -0.7071067811865474600 ) ) ;
#4035 = DIRECTION ( 'NONE',  ( -2.238352872228143200E-015, 0.0000000000000000000, 1.000000000000000000 ) ) ;
#4036 = CARTESIAN_POINT ( 'NONE',  ( -0.8499999999999987600, 1.840000000000000100, 2.849999999999998300 ) ) ;
#4037 = LINE ( 'NONE', #425, #1648 ) ;
#4038 = EDGE_CURVE ( 'NONE', #3066, #8, #2571, .T. ) ;
#4039 = DIRECTION ( 'NONE',  ( -0.7071067811865472400, 0.0000000000000000000, 0.7071067811865479100 ) ) ;
#4040 = FACE_OUTER_BOUND ( 'NONE', #4129, .T. ) ;
#4041 = ORIENTED_EDGE ( 'NONE', *, *, #1696, .F. ) ;
#4042 = DIRECTION ( 'NONE',  ( -0.0000000000000000000, -1.000000000000000000, -0.0000000000000000000 ) ) ;
#4043 = EDGE_CURVE ( 'NONE', #579, #4229, #2786, .T. ) ;
#4044 = LINE ( 'NONE', #3133, #2137 ) ;
#4045 = CARTESIAN_POINT ( 'NONE',  ( -1.741465986122621400, 0.1499999999999999900, 1.502430104589882500 ) ) ;
#4046 = VERTEX_POINT ( 'NONE', #1294 ) ;
#4047 = DIRECTION ( 'NONE',  ( 0.0000000000000000000, 0.0000000000000000000, 1.000000000000000000 ) ) ;
#4048 = SURFACE_STYLE_FILL_AREA ( #744 ) ;
#4049 = ORIENTED_EDGE ( 'NONE', *, *, #1779, .T. ) ;
#4050 = CARTESIAN_POINT ( 'NONE',  ( 0.8500000000000030900, 1.655000000000000000, -2.720294101747085900 ) ) ;
#4051 = EDGE_CURVE ( 'NONE', #1177, #906, #1318, .T. ) ;
#4052 = VERTEX_POINT ( 'NONE', #2615 ) ;
#4053 = VERTEX_POINT ( 'NONE', #299 ) ;
#4054 =( NAMED_UNIT ( * ) PLANE_ANGLE_UNIT ( ) SI_UNIT ( $, .RADIAN. ) );
#4055 = ORIENTED_EDGE ( 'NONE', *, *, #1260, .T. ) ;
#4056 = ORIENTED_EDGE ( 'NONE', *, *, #1771, .T. ) ;
#4057 = DIRECTION ( 'NONE',  ( 0.0000000000000000000, 0.0000000000000000000, -1.000000000000000000 ) ) ;
#4058 = ORIENTED_EDGE ( 'NONE', *, *, #1869, .F. ) ;
#4059 = LINE ( 'NONE', #2258, #3427 ) ;
#4060 = STYLED_ITEM ( 'NONE', ( #3340 ), #1928 ) ;
#4061 = EDGE_LOOP ( 'NONE', ( #2080, #475, #1856, #1060 ) ) ;
#4062 = ORIENTED_EDGE ( 'NONE', *, *, #1939, .F. ) ;
#4063 = CARTESIAN_POINT ( 'NONE',  ( -1.741465986122621400, 0.0000000000000000000, 1.502430104589882500 ) ) ;
#4064 = ORIENTED_EDGE ( 'NONE', *, *, #3913, .T. ) ;
#4065 = VECTOR ( 'NONE', #2738, 1000.000000000000000 ) ;
#4066 = DIRECTION ( 'NONE',  ( -0.7071067811865473500, 0.0000000000000000000, 0.7071067811865477900 ) ) ;
#4067 = CARTESIAN_POINT ( 'NONE',  ( 2.474873734152916800, 1.369999999999999900, 2.121320343559641900 ) ) ;
#4068 = VECTOR ( 'NONE', #1329, 1000.000000000000000 ) ;
#4069 = DIRECTION ( 'NONE',  ( 1.000000000000000000, 0.0000000000000000000, -1.671785457853943100E-015 ) ) ;
#4070 = AXIS2_PLACEMENT_3D ( 'NONE', #2367, #2884, #2526 ) ;
#4071 = VECTOR ( 'NONE', #2034, 1000.000000000000000 ) ;
#4072 = EDGE_CURVE ( 'NONE', #3951, #2937, #2993, .T. ) ;
#4073 = CARTESIAN_POINT ( 'NONE',  ( 2.051283388571816900E-016, 1.580000000000000100, 2.849999999999999600 ) ) ;
#4074 = CARTESIAN_POINT ( 'NONE',  ( -1.350000000000000500, -8.061017305526641900, -2.850000000000000100 ) ) ;
#4075 = ORIENTED_EDGE ( 'NONE', *, *, #3611, .F. ) ;
#4076 = VECTOR ( 'NONE', #2295, 1000.000000000000000 ) ;
#4077 = CARTESIAN_POINT ( 'NONE',  ( -2.850000000000000500, 1.765000000000000100, 0.9250000000000026000 ) ) ;
#4078 =( NAMED_UNIT ( * ) SI_UNIT ( $, .STERADIAN. ) SOLID_ANGLE_UNIT ( ) );
#4079 = VECTOR ( 'NONE', #3248, 999.9999999999998900 ) ;
#4080 = DIRECTION ( 'NONE',  ( 0.5000000000000038900, -0.0000000000000000000, 0.8660254037844363800 ) ) ;
#4081 = CARTESIAN_POINT ( 'NONE',  ( -2.720294101747085400, 1.840000000000000100, 0.8500000000000022000 ) ) ;
#4082 = VECTOR ( 'NONE', #2758, 1000.000000000000000 ) ;
#4083 = DIRECTION ( 'NONE',  ( 0.0000000000000000000, -1.000000000000000000, 0.0000000000000000000 ) ) ;
#4084 = CARTESIAN_POINT ( 'NONE',  ( -0.7881263214722481500, 1.580868134340975800, 2.738868419881384900 ) ) ;
#4085 = EDGE_CURVE ( 'NONE', #3035, #3472, #2899, .T. ) ;
#4086 = LINE ( 'NONE', #3493, #2024 ) ;
#4087 = DIRECTION ( 'NONE',  ( -1.000000000000000000, 0.0000000000000000000, 5.421010862427522200E-016 ) ) ;
#4088 = ORIENTED_EDGE ( 'NONE', *, *, #1305, .T. ) ;
#4089 = DIRECTION ( 'NONE',  ( 0.0000000000000000000, -1.000000000000000000, 0.0000000000000000000 ) ) ;
#4090 = CARTESIAN_POINT ( 'NONE',  ( -2.849999999999996100, 1.840000000000000100, 0.8500000000000026400 ) ) ;
#4091 = DIRECTION ( 'NONE',  ( -0.7071067811865475700, -0.0000000000000000000, 0.7071067811865475700 ) ) ;
#4092 = EDGE_CURVE ( 'NONE', #654, #254, #220, .T. ) ;
#4093 = FACE_OUTER_BOUND ( 'NONE', #324, .T. ) ;
#4094 = CARTESIAN_POINT ( 'NONE',  ( 3.027776695296640500, 1.370000000000000100, 2.674223304703363400 ) ) ;
#4095 = ORIENTED_EDGE ( 'NONE', *, *, #1744, .F. ) ;
#4096 = DIRECTION ( 'NONE',  ( -1.776356839400250500E-015, 0.0000000000000000000, -1.000000000000000000 ) ) ;
#4097 = DIRECTION ( 'NONE',  ( -0.0000000000000000000, -1.000000000000000000, -0.0000000000000000000 ) ) ;
#4098 = LINE ( 'NONE', #2586, #1404 ) ;
#4099 = CARTESIAN_POINT ( 'NONE',  ( -1.632667453115285800, 0.1499999999999999700, 1.439615242270661400 ) ) ;
#4100 = EDGE_CURVE ( 'NONE', #55, #3094, #1112, .T. ) ;
#4101 = ORIENTED_EDGE ( 'NONE', *, *, #4013, .F. ) ;
#4102 = CARTESIAN_POINT ( 'NONE',  ( -1.632667453115285800, 5.946455813684773200, -1.439615242270661200 ) ) ;
#4103 = ORIENTED_EDGE ( 'NONE', *, *, #2229, .T. ) ;
#4104 = MANIFOLD_SOLID_BREP ( 'Chamfer5', #437 ) ;
#4105 = VERTEX_POINT ( 'NONE', #1682 ) ;
#4106 = DIRECTION ( 'NONE',  ( 0.0000000000000000000, -0.0000000000000000000, -1.000000000000000000 ) ) ;
#4107 = CLOSED_SHELL ( 'NONE', ( #2118, #3646, #3214, #834, #1550, #4266, #4324 ) ) ;
#4108 = EDGE_CURVE ( 'NONE', #4004, #1861, #596, .T. ) ;
#4109 = ORIENTED_EDGE ( 'NONE', *, *, #2522, .T. ) ;
#4110 = FACE_OUTER_BOUND ( 'NONE', #566, .T. ) ;
#4111 = CARTESIAN_POINT ( 'NONE',  ( -1.450000000000000800, 5.946455813684773200, -2.750000000000000000 ) ) ;
#4112 = ORIENTED_EDGE ( 'NONE', *, *, #2421, .F. ) ;
#4113 = APPLICATION_CONTEXT ( 'automotive_design' ) ;
#4114 = CARTESIAN_POINT ( 'NONE',  ( 2.730503961012790800, 1.592002205054126700, -0.8166379093356845900 ) ) ;
#4115 = CARTESIAN_POINT ( 'NONE',  ( 1.932667453115288300, 0.1499999999999999900, -0.9199999999999996000 ) ) ;
#4116 = FACE_OUTER_BOUND ( 'NONE', #1076, .T. ) ;
#4117 =( LENGTH_UNIT ( ) NAMED_UNIT ( * ) SI_UNIT ( .MILLI., .METRE. ) );
#4118 = VERTEX_POINT ( 'NONE', #1381 ) ;
#4119 = FACE_OUTER_BOUND ( 'NONE', #108, .T. ) ;
#4120 = CARTESIAN_POINT ( 'NONE',  ( 1.909188309203677400, -1.593896411677231600E-017, 2.474873734152916300 ) ) ;
#4121 = VERTEX_POINT ( 'NONE', #1706 ) ;
#4122 = DIRECTION ( 'NONE',  ( 0.0000000000000000000, -1.000000000000000000, 0.0000000000000000000 ) ) ;
#4123 = CYLINDRICAL_SURFACE ( 'NONE', #3628, 0.1000000000000001400 ) ;
#4124 = DIRECTION ( 'NONE',  ( -1.000000000000000000, 0.0000000000000000000, 0.0000000000000000000 ) ) ;
#4125 = CARTESIAN_POINT ( 'NONE',  ( -1.741465986122621400, 5.946455813684773200, 1.502430104589882500 ) ) ;
#4126 = EDGE_LOOP ( 'NONE', ( #2257, #639, #3153, #2427 ) ) ;
#4127 = LINE ( 'NONE', #1462, #338 ) ;
#4128 = CARTESIAN_POINT ( 'NONE',  ( -1.632667453115285800, 0.1499999999999999900, 1.439615242270661400 ) ) ;
#4129 = EDGE_LOOP ( 'NONE', ( #2238, #620, #1828, #486 ) ) ;
#4130 = DIRECTION ( 'NONE',  ( 0.7071067811865460200, 0.0000000000000000000, 0.7071067811865490200 ) ) ;
#4131 = ORIENTED_EDGE ( 'NONE', *, *, #101, .T. ) ;
#4132 = LINE ( 'NONE', #511, #4333 ) ;
#4133 = DIRECTION ( 'NONE',  ( 0.7071067811865475700, 0.0000000000000000000, -0.7071067811865475700 ) ) ;
#4134 = EDGE_CURVE ( 'NONE', #1249, #2206, #2799, .T. ) ;
#4135 = DIRECTION ( 'NONE',  ( 0.7071067811865453500, 0.0000000000000000000, -0.7071067811865496800 ) ) ;
#4136 = CARTESIAN_POINT ( 'NONE',  ( -2.742603689926780500, 1.580000000000000100, 0.7750000000000023500 ) ) ;
#4137 = VECTOR ( 'NONE', #3128, 1000.000000000000000 ) ;
#4138 = CARTESIAN_POINT ( 'NONE',  ( 2.721138072724983600, 1.633302259174802100, -0.8472957556375555500 ) ) ;
#4139 = LINE ( 'NONE', #750, #2769 ) ;
#4140 = DIRECTION ( 'NONE',  ( -0.5000000000000036600, 0.0000000000000000000, 0.8660254037844366000 ) ) ;
#4141 = FACE_OUTER_BOUND ( 'NONE', #17, .T. ) ;
#4142 = ORIENTED_EDGE ( 'NONE', *, *, #2578, .T. ) ;
#4143 = DIRECTION ( 'NONE',  ( -0.8660254037844404800, 0.0000000000000000000, 0.4999999999999967800 ) ) ;
#4144 = DIRECTION ( 'NONE',  ( -1.000000000000000000, 0.0000000000000000000, 1.032573497605242200E-016 ) ) ;
#4145 = FACE_OUTER_BOUND ( 'NONE', #3687, .T. ) ;
#4146 = AXIS2_PLACEMENT_3D ( 'NONE', #1013, #3357, #707 ) ;
#4147 = EDGE_CURVE ( 'NONE', #631, #748, #3388, .T. ) ;
#4148 = DIRECTION ( 'NONE',  ( -0.7071067811865472400, 0.0000000000000000000, 0.7071067811865479100 ) ) ;
#4149 = ORIENTED_EDGE ( 'NONE', *, *, #1260, .F. ) ;
#4150 = VERTEX_POINT ( 'NONE', #42 ) ;
#4151 = ORIENTED_EDGE ( 'NONE', *, *, #114, .F. ) ;
#4152 = DIRECTION ( 'NONE',  ( -1.000000000000000000, 0.0000000000000000000, 2.220446049250312600E-016 ) ) ;
#4153 = ORIENTED_EDGE ( 'NONE', *, *, #2124, .T. ) ;
#4154 = VERTEX_POINT ( 'NONE', #1663 ) ;
#4155 = ADVANCED_FACE ( 'NONE', ( #1686, #3743 ), #4123, .T. ) ;
#4156 = AXIS2_PLACEMENT_3D ( 'NONE', #4125, #2359, #360 ) ;
#4157 = AXIS2_PLACEMENT_3D ( 'NONE', #2177, #476, #4165 ) ;
#4158 = ORIENTED_EDGE ( 'NONE', *, *, #4027, .F. ) ;
#4159 = DIRECTION ( 'NONE',  ( -1.032573497605242200E-016, 0.0000000000000000000, -1.000000000000000000 ) ) ;
#4160 = ORIENTED_EDGE ( 'NONE', *, *, #1224, .F. ) ;
#4161 = DIRECTION ( 'NONE',  ( 0.7071067811865491300, 0.0000000000000000000, 0.7071067811865461300 ) ) ;
#4162 = ORIENTED_EDGE ( 'NONE', *, *, #2869, .F. ) ;
#4163 = LINE ( 'NONE', #911, #484 ) ;
#4164 = ORIENTED_EDGE ( 'NONE', *, *, #4178, .T. ) ;
#4165 = DIRECTION ( 'NONE',  ( 0.0000000000000000000, -0.0000000000000000000, 1.000000000000000000 ) ) ;
#4166 = EDGE_CURVE ( 'NONE', #3162, #3422, #1792, .T. ) ;
#4167 = VERTEX_POINT ( 'NONE', #3059 ) ;
#4168 = CARTESIAN_POINT ( 'NONE',  ( -2.732828056929101900, 1.587504676514161400, 0.8088408335241790100 ) ) ;
#4169 = LINE ( 'NONE', #2091, #1326 ) ;
#4170 = CARTESIAN_POINT ( 'NONE',  ( 1.817157287525380500, 0.1499999999999999900, 2.382842712474619000 ) ) ;
#4171 = CARTESIAN_POINT ( 'NONE',  ( -0.9168101854768645500, 1.840000000000000100, 2.656244399188374400 ) ) ;
#4172 = VECTOR ( 'NONE', #773, 1000.000000000000000 ) ;
#4173 = LINE ( 'NONE', #2647, #1488 ) ;
#4174 = CARTESIAN_POINT ( 'NONE',  ( -1.932667453115288100, 0.0000000000000000000, -0.9199999999999993700 ) ) ;
#4175 = DIRECTION ( 'NONE',  ( 1.000000000000000000, 0.0000000000000000000, 2.220446049250312600E-016 ) ) ;
#4176 = EDGE_LOOP ( 'NONE', ( #3056, #1469, #3110, #1526 ) ) ;
#4177 = CARTESIAN_POINT ( 'NONE',  ( 2.568157287525384200, 1.580000000000000100, 3.133842712474620200 ) ) ;
#4178 = EDGE_CURVE ( 'NONE', #3537, #2755, #3498, .T. ) ;
#4179 = CARTESIAN_POINT ( 'NONE',  ( -1.632667453115285800, 0.1499999999999999900, -1.439615242270661200 ) ) ;
#4180 = ADVANCED_FACE ( 'NONE', ( #3008 ), #2391, .F. ) ;
#4181 = FACE_BOUND ( 'NONE', #1306, .T. ) ;
#4182 = DIRECTION ( 'NONE',  ( 0.7071067811865474600, 0.0000000000000000000, -0.7071067811865474600 ) ) ;
#4183 = CARTESIAN_POINT ( 'NONE',  ( -2.728474329669795800, 1.597676797072629800, 0.8233637302753598100 ) ) ;
#4184 = ORIENTED_EDGE ( 'NONE', *, *, #3551, .F. ) ;
#4185 = DIRECTION ( 'NONE',  ( -0.7071067811865476800, -0.0000000000000000000, 0.7071067811865474600 ) ) ;
#4186 = LINE ( 'NONE', #574, #2385 ) ;
#4187 = EDGE_CURVE ( 'NONE', #2934, #631, #652, .T. ) ;
#4188 = DIRECTION ( 'NONE',  ( -0.7071067811865479100, 0.0000000000000000000, -0.7071067811865472400 ) ) ;
#4189 = LINE ( 'NONE', #3838, #3192 ) ;
#4190 = CARTESIAN_POINT ( 'NONE',  ( 2.719066340463297300, 1.788927798032972300, -0.8539193382044504300 ) ) ;
#4191 = AXIS2_PLACEMENT_3D ( 'NONE', #2049, #1423, #3775 ) ;
#4192 = EDGE_CURVE ( 'NONE', #2308, #3556, #3176, .T. ) ;
#4193 = DIRECTION ( 'NONE',  ( 1.000000000000000000, 0.0000000000000000000, -1.185779869356590200E-015 ) ) ;
#4194 = DIRECTION ( 'NONE',  ( -5.015356373561846800E-015, 0.0000000000000000000, 1.000000000000000000 ) ) ;
#4195 = CARTESIAN_POINT ( 'NONE',  ( 2.580939751330898300, 1.370000000000000100, 2.227386360737624300 ) ) ;
#4196 = LINE ( 'NONE', #456, #3143 ) ;
#4197 = CARTESIAN_POINT ( 'NONE',  ( -2.722073976976749700, 1.625094111512356900, 0.8442940383791230900 ) ) ;
#4198 = VERTEX_POINT ( 'NONE', #4050 ) ;
#4199 = PLANE ( 'NONE',  #3778 ) ;
#4200 = PLANE ( 'NONE',  #728 ) ;
#4201 = CARTESIAN_POINT ( 'NONE',  ( 2.665033986815991800, 1.836422925932045500, -0.9021140730730530200 ) ) ;
#4202 = VECTOR ( 'NONE', #3481, 1000.000000000000100 ) ;
#4203 = VERTEX_POINT ( 'NONE', #358 ) ;
#4204 = DIRECTION ( 'NONE',  ( 0.0000000000000000000, -1.000000000000000000, 0.0000000000000000000 ) ) ;
#4205 = ADVANCED_FACE ( 'NONE', ( #4278 ), #2055, .T. ) ;
#4206 = CIRCLE ( 'NONE', #865, 2.850000000000000500 ) ;
#4207 = ORIENTED_EDGE ( 'NONE', *, *, #1869, .T. ) ;
#4208 = PLANE ( 'NONE',  #2482 ) ;
#4209 = ORIENTED_EDGE ( 'NONE', *, *, #1607, .F. ) ;
#4210 = VERTEX_POINT ( 'NONE', #2764 ) ;
#4211 = DIRECTION ( 'NONE',  ( 0.0000000000000000000, -1.000000000000000000, 0.0000000000000000000 ) ) ;
#4212 = DIRECTION ( 'NONE',  ( -5.015356373561846800E-015, 0.0000000000000000000, 1.000000000000000000 ) ) ;
#4213 = ORIENTED_EDGE ( 'NONE', *, *, #3420, .F. ) ;
#4214 = PLANE ( 'NONE',  #3336 ) ;
#4215 = DIRECTION ( 'NONE',  ( 5.015356373561846800E-015, -0.0000000000000000000, -1.000000000000000000 ) ) ;
#4216 = CARTESIAN_POINT ( 'NONE',  ( -1.450000000000000800, 0.1499999999999999700, -2.750000000000000000 ) ) ;
#4217 = LINE ( 'NONE', #2827, #68 ) ;
#4218 = ORIENTED_EDGE ( 'NONE', *, *, #3882, .T. ) ;
#4219 = EDGE_CURVE ( 'NONE', #2834, #1161, #2219, .T. ) ;
#4220 = LINE ( 'NONE', #793, #1369 ) ;
#4221 = DIRECTION ( 'NONE',  ( -1.156482317317871500E-016, 0.0000000000000000000, -1.000000000000000000 ) ) ;
#4222 = EDGE_LOOP ( 'NONE', ( #2457 ) ) ;
#4223 = VECTOR ( 'NONE', #1544, 1000.000000000000000 ) ;
#4224 = ADVANCED_FACE ( 'NONE', ( #2170 ), #3100, .T. ) ;
#4225 = ORIENTED_EDGE ( 'NONE', *, *, #4187, .T. ) ;
#4226 = ORIENTED_EDGE ( 'NONE', *, *, #2052, .F. ) ;
#4227 = DIRECTION ( 'NONE',  ( -0.7071067811865462400, 1.224646799147352700E-016, -0.7071067811865489100 ) ) ;
#4228 = FACE_OUTER_BOUND ( 'NONE', #2433, .T. ) ;
#4229 = VERTEX_POINT ( 'NONE', #2093 ) ;
#4230 =( GEOMETRIC_REPRESENTATION_CONTEXT ( 3 ) GLOBAL_UNCERTAINTY_ASSIGNED_CONTEXT ( ( #2663 ) ) GLOBAL_UNIT_ASSIGNED_CONTEXT ( ( #1949, #3638, #3982 ) ) REPRESENTATION_CONTEXT ( 'NONE', 'WORKASPACE' ) );
#4231 = ORIENTED_EDGE ( 'NONE', *, *, #409, .T. ) ;
#4232 = CARTESIAN_POINT ( 'NONE',  ( -1.741465986122621200, 0.1499999999999999900, -1.502430104589882700 ) ) ;
#4233 = VECTOR ( 'NONE', #255, 1000.000000000000000 ) ;
#4234 = EDGE_CURVE ( 'NONE', #1891, #594, #1998, .T. ) ;
#4235 = CARTESIAN_POINT ( 'NONE',  ( 2.651650429449549800, 1.430000000000000200, 2.298097038856276700 ) ) ;
#4236 = DIRECTION ( 'NONE',  ( 0.0000000000000000000, 1.000000000000000000, 0.0000000000000000000 ) ) ;
#4237 = LINE ( 'NONE', #501, #2651 ) ;
#4238 = CARTESIAN_POINT ( 'NONE',  ( -2.382842712474619900, 0.0000000000000000000, -1.817157287525380500 ) ) ;
#4239 = AXIS2_PLACEMENT_3D ( 'NONE', #1327, #665, #3351 ) ;
#4240 = LINE ( 'NONE', #2101, #4137 ) ;
#4241 = CARTESIAN_POINT ( 'NONE',  ( -1.932667453115288300, 0.1499999999999999700, 0.9199999999999996000 ) ) ;
#4242 = ADVANCED_FACE ( 'NONE', ( #1330 ), #1424, .F. ) ;
#4243 = LINE ( 'NONE', #1413, #1756 ) ;
#4244 = MECHANICAL_DESIGN_GEOMETRIC_PRESENTATION_REPRESENTATION (  '', ( #1667 ), #3407 ) ;
#4245 = EDGE_CURVE ( 'NONE', #963, #1323, #1431, .T. ) ;
#4246 = CARTESIAN_POINT ( 'NONE',  ( 2.382842712474619000, 0.1499999999999999900, 1.817157287525381000 ) ) ;
#4247 = LINE ( 'NONE', #813, #4343 ) ;
#4248 = ORIENTED_EDGE ( 'NONE', *, *, #3081, .T. ) ;
#4249 = CARTESIAN_POINT ( 'NONE',  ( 2.717570627836718900, 1.800000000000001600, -0.8586675041709317400 ) ) ;
#4250 = CARTESIAN_POINT ( 'NONE',  ( -2.660352266019462500, 1.838639506606818000, 0.9090316289082205300 ) ) ;
#4251 = VECTOR ( 'NONE', #3244, 1000.000000000000000 ) ;
#4252 = CARTESIAN_POINT ( 'NONE',  ( 0.0000000000000000000, 1.800000000000001600, 0.0000000000000000000 ) ) ;
#4253 = CARTESIAN_POINT ( 'NONE',  ( -2.382842712474619900, 0.1499999999999999900, -1.817157287525380100 ) ) ;
#4254 = ORIENTED_EDGE ( 'NONE', *, *, #2368, .T. ) ;
#4255 = ORIENTED_EDGE ( 'NONE', *, *, #1882, .F. ) ;
#4256 = LINE ( 'NONE', #1149, #3359 ) ;
#4257 = EDGE_LOOP ( 'NONE', ( #2784, #3379, #1584, #498 ) ) ;
#4258 = CARTESIAN_POINT ( 'NONE',  ( -2.399999999999999900, 1.840000000000000100, 2.399999999999999500 ) ) ;
#4259 = ORIENTED_EDGE ( 'NONE', *, *, #1169, .F. ) ;
#4260 = EDGE_CURVE ( 'NONE', #2199, #3053, #3325, .T. ) ;
#4261 = ORIENTED_EDGE ( 'NONE', *, *, #1548, .T. ) ;
#4262 = ORIENTED_EDGE ( 'NONE', *, *, #1383, .F. ) ;
#4263 = ORIENTED_EDGE ( 'NONE', *, *, #2775, .T. ) ;
#4264 = EDGE_LOOP ( 'NONE', ( #3469, #2613, #3519, #837, #3632 ) ) ;
#4265 = CARTESIAN_POINT ( 'NONE',  ( -2.015254326381660500, 1.580000000000000300, -2.580939751330897400 ) ) ;
#4266 = ADVANCED_FACE ( 'NONE', ( #1230 ), #1651, .T. ) ;
#4267 = CARTESIAN_POINT ( 'NONE',  ( -2.400000000000006600, 1.580000000000000100, 0.7750000000000011300 ) ) ;
#4268 = VERTEX_POINT ( 'NONE', #3681 ) ;
#4269 = EDGE_CURVE ( 'NONE', #3847, #1616, #2585, .T. ) ;
#4270 = VECTOR ( 'NONE', #1215, 1000.000000000000000 ) ;
#4271 = VERTEX_POINT ( 'NONE', #627 ) ;
#4272 = EDGE_LOOP ( 'NONE', ( #3393, #3684, #2301, #4332 ) ) ;
#4273 = B_SPLINE_CURVE_WITH_KNOTS ( 'NONE', 3,
 ( #4136, #1472, #3137, #163, #4168, #2125, #4183, #3817, #3482, #3171, #4197, #1786, #1113, #478, #2467, #3846 ),
 .UNSPECIFIED., .F., .F.,
 ( 4, 3, 3, 3, 3, 4 ),
 ( 0.0000000000000000000, 2.708000137081004600E-005, 5.418383041753339500E-005, 8.086253923056076900E-005, 0.0001064496680039924500, 0.0001196815366657422000 ),
 .UNSPECIFIED. ) ;
#4274 = LINE ( 'NONE', #2269, #3383 ) ;
#4275 = AXIS2_PLACEMENT_3D ( 'NONE', #1403, #3761, #3448 ) ;
#4276 = EDGE_CURVE ( 'NONE', #2221, #3053, #2483, .T. ) ;
#4277 = ORIENTED_EDGE ( 'NONE', *, *, #3500, .T. ) ;
#4278 = FACE_OUTER_BOUND ( 'NONE', #846, .T. ) ;
#4279 = EDGE_CURVE ( 'NONE', #2689, #3591, #1126, .T. ) ;
#4280 = CARTESIAN_POINT ( 'NONE',  ( 2.399999999999999900, 1.580000000000000100, -2.400000000000000400 ) ) ;
#4281 = EDGE_LOOP ( 'NONE', ( #4151, #528, #2299, #2338 ) ) ;
#4282 = CARTESIAN_POINT ( 'NONE',  ( -1.350000000000000500, 0.1499999999999999900, -2.850000000000000100 ) ) ;
#4283 = DIRECTION ( 'NONE',  ( 0.0000000000000000000, 0.0000000000000000000, -1.000000000000000000 ) ) ;
#4284 = DIRECTION ( 'NONE',  ( 0.0000000000000000000, -1.000000000000000000, 0.0000000000000000000 ) ) ;
#4285 = ADVANCED_FACE ( 'NONE', ( #1587 ), #3356, .T. ) ;
#4286 = FACE_OUTER_BOUND ( 'NONE', #1983, .T. ) ;
#4287 = AXIS2_PLACEMENT_3D ( 'NONE', #3528, #852, #1128 ) ;
#4288 = EDGE_CURVE ( 'NONE', #2525, #1672, #4173, .T. ) ;
#4289 = CYLINDRICAL_SURFACE ( 'NONE', #491, 2.299999999999999800 ) ;
#4290 = CARTESIAN_POINT ( 'NONE',  ( -2.850000000000000500, 0.1499999999999999900, -1.000000000000000000 ) ) ;
#4291 = DIRECTION ( 'NONE',  ( 1.000000000000000000, 0.0000000000000000000, -0.0000000000000000000 ) ) ;
#4292 = AXIS2_PLACEMENT_3D ( 'NONE', #404, #2076, #3746 ) ;
#4293 = AXIS2_PLACEMENT_3D ( 'NONE', #432, #1434, #2445 ) ;
#4294 = FACE_OUTER_BOUND ( 'NONE', #5, .T. ) ;
#4295 = EDGE_LOOP ( 'NONE', ( #3728, #3428, #732, #2939 ) ) ;
#4296 = CARTESIAN_POINT ( 'NONE',  ( 1.450000000000000800, 5.946455813684773200, 2.750000000000000000 ) ) ;
#4297 = PLANE ( 'NONE',  #2247 ) ;
#4298 = VECTOR ( 'NONE', #2203, 1000.000000000000000 ) ;
#4299 = VERTEX_POINT ( 'NONE', #1950 ) ;
#4300 = CARTESIAN_POINT ( 'NONE',  ( 0.0000000000000000000, 1.580000000000000100, 0.0000000000000000000 ) ) ;
#4301 = VECTOR ( 'NONE', #3012, 1000.000000000000100 ) ;
#4302 = ORIENTED_EDGE ( 'NONE', *, *, #3328, .T. ) ;
#4303 = CARTESIAN_POINT ( 'NONE',  ( -2.121320343559643700, 0.2999999999999999300, -2.687005768508879300 ) ) ;
#4304 = ADVANCED_FACE ( 'NONE', ( #131 ), #1316, .T. ) ;
#4305 = ORIENTED_EDGE ( 'NONE', *, *, #2810, .T. ) ;
#4306 = ORIENTED_EDGE ( 'NONE', *, *, #4085, .T. ) ;
#4307 = AXIS2_PLACEMENT_3D ( 'NONE', #2741, #407, #139 ) ;
#4308 = CARTESIAN_POINT ( 'NONE',  ( -2.071231517720798700, 0.0000000000000000000, 1.000000000000000400 ) ) ;
#4309 = CARTESIAN_POINT ( 'NONE',  ( 2.749999999999999600, 0.0000000000000000000, 1.000000000000000200 ) ) ;
#4310 = EDGE_CURVE ( 'NONE', #1118, #2133, #442, .T. ) ;
#4311 = PLANE ( 'NONE',  #2196 ) ;
#4312 = ORIENTED_EDGE ( 'NONE', *, *, #71, .F. ) ;
#4313 = VECTOR ( 'NONE', #1788, 1000.000000000000100 ) ;
#4314 = ORIENTED_EDGE ( 'NONE', *, *, #3821, .T. ) ;
#4315 = DIRECTION ( 'NONE',  ( -0.7071067811865477900, -0.0000000000000000000, -0.7071067811865473500 ) ) ;
#4316 = EDGE_LOOP ( 'NONE', ( #2730, #3952, #2154, #788 ) ) ;
#4317 = FACE_OUTER_BOUND ( 'NONE', #277, .T. ) ;
#4318 = EDGE_CURVE ( 'NONE', #1104, #4319, #2953, .T. ) ;
#4319 = VERTEX_POINT ( 'NONE', #2331 ) ;
#4320 = LINE ( 'NONE', #207, #2796 ) ;
#4321 = CARTESIAN_POINT ( 'NONE',  ( -1.932667453115288100, 0.1499999999999999900, -0.9199999999999993700 ) ) ;
#4322 = B_SPLINE_CURVE_WITH_KNOTS ( 'NONE', 3,
 ( #2553, #3595, #3891, #1570, #182, #3250, #1529, #4250, #551, #2885 ),
 .UNSPECIFIED., .F., .F.,
 ( 4, 3, 3, 4 ),
 ( 1.428802364232485900E-015, 4.960188530420216800E-005, 7.797489089882420500E-005, 0.0001037832268140659200 ),
 .UNSPECIFIED. ) ;
#4323 = DIRECTION ( 'NONE',  ( 0.7071067811865474600, 0.0000000000000000000, 0.7071067811865474600 ) ) ;
#4324 = ADVANCED_FACE ( 'NONE', ( #389 ), #2344, .T. ) ;
#4325 = AXIS2_PLACEMENT_3D ( 'NONE', #3616, #2231, #598 ) ;
#4326 = VERTEX_POINT ( 'NONE', #3380 ) ;
#4327 = EDGE_CURVE ( 'NONE', #2864, #582, #2110, .T. ) ;
#4328 = LINE ( 'NONE', #2747, #3445 ) ;
#4329 = CARTESIAN_POINT ( 'NONE',  ( -1.932667453115288300, 0.0000000000000000000, 0.9199999999999996000 ) ) ;
#4330 = VERTEX_POINT ( 'NONE', #304 ) ;
#4331 = DIRECTION ( 'NONE',  ( -0.7071067811865479100, 0.0000000000000000000, -0.7071067811865472400 ) ) ;
#4332 = ORIENTED_EDGE ( 'NONE', *, *, #4318, .F. ) ;
#4333 = VECTOR ( 'NONE', #1150, 999.9999999999998900 ) ;
#4334 = EDGE_CURVE ( 'NONE', #2917, #468, #1377, .T. ) ;
#4335 = CARTESIAN_POINT ( 'NONE',  ( -1.632667453115285800, 0.1499999999999999900, -1.439615242270661200 ) ) ;
#4336 = DIRECTION ( 'NONE',  ( 0.5000000000000036600, 0.0000000000000000000, -0.8660254037844366000 ) ) ;
#4337 = DIRECTION ( 'NONE',  ( 1.000000000000000000, 0.0000000000000000000, -6.389231090076064400E-016 ) ) ;
#4338 = CARTESIAN_POINT ( 'NONE',  ( -1.840727513564935700, 1.330000000000000100, -2.335702260395512200 ) ) ;
#4339 = LINE ( 'NONE', #4031, #1910 ) ;
#4340 = DIRECTION ( 'NONE',  ( -0.0000000000000000000, 1.000000000000000000, -0.0000000000000000000 ) ) ;
#4341 = CARTESIAN_POINT ( 'NONE',  ( -1.932667453115288300, 5.946455813684773200, 0.9199999999999996000 ) ) ;
#4342 = CARTESIAN_POINT ( 'NONE',  ( 1.849999999999999600, 0.1499999999999999700, -2.750000000000000400 ) ) ;
#4343 = VECTOR ( 'NONE', #1805, 1000.000000000000000 ) ;
#4344 = CARTESIAN_POINT ( 'NONE',  ( 2.849999999999999600, 1.840000000000000100, -2.400000000000000400 ) ) ;
#4345 = FACE_OUTER_BOUND ( 'NONE', #2134, .T. ) ;
#4346 = ORIENTED_EDGE ( 'NONE', *, *, #3882, .F. ) ;
#4347 = DIRECTION ( 'NONE',  ( -1.000000000000000000, 0.0000000000000000000, 3.343570915707909400E-015 ) ) ;
#4348 = CARTESIAN_POINT ( 'NONE',  ( 3.027776695296640500, 1.370000000000000100, 2.674223304703363400 ) ) ;
#4349 = CARTESIAN_POINT ( 'NONE',  ( -2.849999999999996100, 1.840000000000000100, 0.9250000000000026000 ) ) ;
#4350 = EDGE_CURVE ( 'NONE', #3533, #2940, #3278, .T. ) ;
#4351 = LINE ( 'NONE', #3474, #362 ) ;
#4352 = CARTESIAN_POINT ( 'NONE',  ( -1.632667453115285800, 0.1499999999999999900, 1.439615242270661400 ) ) ;
ENDSEC;
END-ISO-10303-21;
